customer_id,customer_name,email,country,signup_date,customer_segment,lifetime_value
1,Quinn Kim,quinn.kim1@example.com,JP,2022-03-11,Standard,2184.1
2,Jamie Smith,jamie.smith2@example.com,BR,2023-09-22,Basic,7628.8
3,Priya Silva,priya.silva3@example.com,AU,2024-10-29,Basic,19485.8
4,Casey Singh,casey.singh4@example.com,AU,2022-04-02,Standard,6317.96
5,Neha Brown,neha.brown5@example.com,CA,2025-07-04,Basic,15650.39
6,Priya Nguyen,priya.nguyen6@example.com,CA,2024-05-28,Standard,2322.06
7,Morgan Chen,morgan.chen7@example.com,FR,2022-01-06,Basic,15363.98
8,Alex Lopez,alex.lopez8@example.com,JP,2022-05-08,Standard,15963.83
9,Sam Nguyen,sam.nguyen9@example.com,JP,2021-07-24,Basic,6091.51
10,Quinn Khan,quinn.khan10@example.com,UK,2024-09-29,Standard,1525.6
11,Lucas Chen,lucas.chen11@example.com,BR,2025-12-28,Basic,18473.74
12,Omar Müller,omar.müller12@example.com,US,2024-01-12,Basic,17915.26
13,Sam Patel,sam.patel13@example.com,DE,2023-12-25,Premium,12957.65
14,Jordan Chen,jordan.chen14@example.com,BR,2023-09-20,Standard,2163.59
15,Taylor Singh,taylor.singh15@example.com,DE,2025-09-22,Basic,10400.02
16,Avery Silva,avery.silva16@example.com,AU,2024-05-21,Standard,15458.23
17,Casey Brown,casey.brown17@example.com,US,2025-05-31,Premium,5943.87
18,Sam Patel,sam.patel18@example.com,UK,2023-11-27,Standard,6894.18
19,Morgan Müller,morgan.müller19@example.com,JP,2023-11-27,Standard,1997.58
20,Sofia Brown,sofia.brown20@example.com,IN,2023-05-14,Premium,16213.21
21,Taylor Smith,taylor.smith21@example.com,AU,2021-03-23,Basic,16011.0
22,Avery Müller,avery.müller22@example.com,UK,2026-03-10,Premium,6653.24
23,Omar Silva,omar.silva23@example.com,DE,2024-07-17,Basic,3729.81
24,Omar Nguyen,omar.nguyen24@example.com,US,2022-03-19,Standard,11864.45
25,Neha Smith,neha.smith25@example.com,DE,2022-04-22,Standard,15058.89
26,Sam Chen,sam.chen26@example.com,IN,2026-01-08,Premium,7347.57
27,Morgan Silva,morgan.silva27@example.com,IN,2022-12-10,Basic,17259.6
28,Priya Chen,priya.chen28@example.com,BR,2024-05-26,Basic,2328.93
29,Arjun Silva,arjun.silva29@example.com,SG,2021-12-07,Basic,14134.47
30,Jamie Chen,jamie.chen30@example.com,SG,2020-12-13,Basic,2722.26
31,Taylor Kim,taylor.kim31@example.com,CA,2021-04-24,Premium,7497.46
32,Casey Müller,casey.müller32@example.com,BR,2024-09-09,Basic,2800.45
33,Neha Nguyen,neha.nguyen33@example.com,UK,2025-06-16,Basic,10770.72
34,Riley Müller,riley.müller34@example.com,UK,2025-06-28,Standard,2848.92
35,Priya Silva,priya.silva35@example.com,SG,2020-08-07,Standard,19039.25
36,Lucas Garcia,lucas.garcia36@example.com,DE,2024-04-21,Basic,10133.49
37,Lucas Nguyen,lucas.nguyen37@example.com,JP,2024-08-29,Basic,16805.84
38,Lucas Garcia,lucas.garcia38@example.com,IN,2026-05-04,Premium,15927.82
39,Avery Singh,avery.singh39@example.com,US,2023-01-30,Premium,10775.29
40,Riley Silva,riley.silva40@example.com,SG,2025-07-21,Basic,10240.58
41,Taylor Singh,taylor.singh41@example.com,FR,2024-02-11,Basic,16461.09
42,Jordan Lopez,jordan.lopez42@example.com,JP,2026-02-15,Premium,19796.03
43,Taylor Lopez,taylor.lopez43@example.com,DE,2023-05-04,Premium,9022.16
44,Arjun Patel,arjun.patel44@example.com,JP,2021-04-25,Premium,4237.07
45,Arjun Lopez,arjun.lopez45@example.com,SG,2024-10-19,Premium,12342.22
46,Morgan Kim,morgan.kim46@example.com,US,2026-05-24,Standard,10669.0
47,Riley Brown,riley.brown47@example.com,CA,2023-03-31,Basic,5383.49
48,Taylor Garcia,taylor.garcia48@example.com,BR,2020-08-30,Standard,17347.6
49,Casey Lopez,casey.lopez49@example.com,UK,2022-10-19,Premium,14242.33
50,Avery Khan,avery.khan50@example.com,BR,2025-06-27,Premium,11569.64
51,Quinn Khan,quinn.khan51@example.com,BR,2024-03-16,Standard,1556.55
52,Sam Nguyen,sam.nguyen52@example.com,FR,2023-02-13,Basic,18729.91
53,Arjun Silva,arjun.silva53@example.com,JP,2023-09-02,Basic,99.34
54,Sam Lopez,sam.lopez54@example.com,JP,2024-01-07,Premium,15923.77
55,Neha Kim,neha.kim55@example.com,BR,2022-05-17,Standard,5407.31
56,Jamie Brown,jamie.brown56@example.com,FR,2026-06-25,Premium,11344.54
57,Lucas Brown,lucas.brown57@example.com,US,2020-07-07,Premium,12542.28
58,Sofia Smith,sofia.smith58@example.com,IN,2021-10-09,Standard,9157.54
59,Omar Kim,omar.kim59@example.com,UK,2023-05-21,Premium,17494.75
60,Quinn Patel,quinn.patel60@example.com,AU,2022-10-22,Premium,7468.28
61,Riley Smith,riley.smith61@example.com,BR,2023-06-05,Basic,14003.86
62,Avery Nguyen,avery.nguyen62@example.com,IN,2021-01-24,Premium,4307.75
63,Sam Garcia,sam.garcia63@example.com,SG,2022-07-15,Basic,13615.66
64,Alex Smith,alex.smith64@example.com,AU,2021-05-08,Standard,13895.92
65,Lucas Patel,lucas.patel65@example.com,DE,2024-04-18,Premium,14628.73
66,Taylor Patel,taylor.patel66@example.com,AU,2024-02-14,Standard,2785.73
67,Casey Khan,casey.khan67@example.com,UK,2020-10-07,Basic,11287.66
68,Riley Silva,riley.silva68@example.com,AU,2022-05-22,Basic,14977.96
69,Omar Chen,omar.chen69@example.com,JP,2022-06-08,Premium,17937.03
70,Casey Patel,casey.patel70@example.com,SG,2024-04-21,Standard,19266.81
71,Priya Garcia,priya.garcia71@example.com,DE,2023-02-08,Basic,1730.76
72,Jamie Lopez,jamie.lopez72@example.com,US,2023-05-20,Premium,10379.1
73,Morgan Lopez,morgan.lopez73@example.com,BR,2023-04-25,Basic,1138.65
74,Avery Silva,avery.silva74@example.com,BR,2021-04-06,Premium,10016.67
75,Sam Müller,sam.müller75@example.com,US,2024-01-19,Standard,2683.06
76,Omar Brown,omar.brown76@example.com,FR,2021-12-08,Standard,19091.34
77,Sam Smith,sam.smith77@example.com,SG,2020-10-03,Premium,5280.6
78,Jordan Smith,jordan.smith78@example.com,BR,2025-09-06,Standard,12589.99
79,Omar Nguyen,omar.nguyen79@example.com,BR,2020-12-03,Basic,10754.47
80,Casey Singh,casey.singh80@example.com,IN,2023-06-23,Premium,10250.53
81,Morgan Garcia,morgan.garcia81@example.com,FR,2023-08-31,Standard,11749.42
82,Sam Singh,sam.singh82@example.com,BR,2022-09-04,Premium,4927.37
83,Omar Patel,omar.patel83@example.com,JP,2020-08-13,Standard,13338.29
84,Riley Patel,riley.patel84@example.com,US,2021-07-16,Basic,276.44
85,Lucas Brown,lucas.brown85@example.com,FR,2025-10-19,Basic,5221.98
86,Arjun Garcia,arjun.garcia86@example.com,CA,2021-04-28,Premium,6733.47
87,Omar Singh,omar.singh87@example.com,FR,2020-09-18,Standard,14260.85
88,Sam Silva,sam.silva88@example.com,JP,2025-09-23,Standard,1156.01
89,Riley Brown,riley.brown89@example.com,UK,2022-11-10,Premium,17890.65
90,Taylor Kim,taylor.kim90@example.com,FR,2020-01-11,Premium,17180.85
91,Alex Kim,alex.kim91@example.com,US,2025-04-16,Standard,7690.44
92,Casey Garcia,casey.garcia92@example.com,US,2026-03-14,Basic,14826.28
93,Omar Kim,omar.kim93@example.com,AU,2022-10-13,Standard,18321.3
94,Priya Singh,priya.singh94@example.com,IN,2026-05-30,Standard,2432.05
95,Jordan Garcia,jordan.garcia95@example.com,DE,2025-10-13,Premium,19083.88
96,Sam Silva,sam.silva96@example.com,CA,2023-06-26,Standard,1773.39
97,Sofia Smith,sofia.smith97@example.com,AU,2022-04-01,Standard,11297.94
98,Jamie Lopez,jamie.lopez98@example.com,SG,2022-09-20,Standard,7397.06
99,Lucas Kim,lucas.kim99@example.com,FR,2022-10-01,Premium,177.24
100,Omar Smith,omar.smith100@example.com,DE,2026-01-27,Standard,12737.04
101,Alex Brown,alex.brown101@example.com,US,2024-03-21,Basic,14557.94
102,Taylor Kim,taylor.kim102@example.com,FR,2022-09-02,Standard,9865.98
103,Jordan Garcia,jordan.garcia103@example.com,CA,2021-01-16,Premium,18429.42
104,Omar Lopez,omar.lopez104@example.com,AU,2025-02-20,Basic,1743.8
105,Taylor Müller,taylor.müller105@example.com,UK,2024-06-03,Premium,11858.32
106,Jordan Nguyen,jordan.nguyen106@example.com,UK,2022-08-27,Standard,5256.77
107,Priya Nguyen,priya.nguyen107@example.com,AU,2023-07-26,Standard,5475.52
108,Sam Kim,sam.kim108@example.com,UK,2026-07-22,Premium,3150.44
109,Riley Silva,riley.silva109@example.com,JP,2023-07-10,Standard,2458.7
110,Arjun Kim,arjun.kim110@example.com,JP,2023-06-16,Standard,5336.91
111,Taylor Patel,taylor.patel111@example.com,UK,2023-05-31,Basic,13952.72
112,Jordan Kim,jordan.kim112@example.com,AU,2021-08-30,Premium,14237.59
113,Arjun Nguyen,arjun.nguyen113@example.com,FR,2020-07-19,Basic,6011.87
114,Riley Smith,riley.smith114@example.com,BR,2025-01-26,Basic,14974.17
115,Avery Patel,avery.patel115@example.com,JP,2021-02-21,Premium,2472.99
116,Jordan Kim,jordan.kim116@example.com,UK,2022-03-22,Standard,7476.18
117,Sam Chen,sam.chen117@example.com,SG,2022-11-26,Premium,484.91
118,Sam Kim,sam.kim118@example.com,JP,2021-06-11,Premium,18106.31
119,Priya Patel,priya.patel119@example.com,US,2025-03-03,Premium,3401.38
120,Omar Lopez,omar.lopez120@example.com,BR,2025-07-25,Premium,7685.45
121,Omar Garcia,omar.garcia121@example.com,AU,2022-05-29,Premium,5535.89
122,Sofia Garcia,sofia.garcia122@example.com,US,2022-10-03,Basic,5937.35
123,Omar Müller,omar.müller123@example.com,JP,2020-09-06,Premium,5631.53
124,Casey Nguyen,casey.nguyen124@example.com,DE,2025-11-23,Premium,12633.55
125,Alex Nguyen,alex.nguyen125@example.com,AU,2025-05-18,Basic,15639.63
126,Arjun Chen,arjun.chen126@example.com,FR,2023-08-10,Standard,5445.19
127,Alex Brown,alex.brown127@example.com,SG,2022-06-16,Premium,17920.51
128,Quinn Smith,quinn.smith128@example.com,JP,2025-12-08,Standard,15348.5
129,Avery Garcia,avery.garcia129@example.com,IN,2022-10-12,Basic,4861.0
130,Jordan Kim,jordan.kim130@example.com,SG,2024-05-09,Standard,18707.36
131,Riley Garcia,riley.garcia131@example.com,DE,2023-07-26,Basic,13967.65
132,Alex Lopez,alex.lopez132@example.com,AU,2026-05-14,Basic,2884.94
133,Morgan Silva,morgan.silva133@example.com,FR,2023-06-19,Premium,9834.21
134,Sam Smith,sam.smith134@example.com,DE,2022-06-15,Premium,10552.65
135,Alex Brown,alex.brown135@example.com,SG,2022-04-05,Premium,6848.14
136,Riley Brown,riley.brown136@example.com,US,2020-03-30,Premium,11752.85
137,Casey Patel,casey.patel137@example.com,FR,2024-02-03,Premium,7503.14
138,Neha Chen,neha.chen138@example.com,IN,2023-10-10,Standard,6485.93
139,Riley Lopez,riley.lopez139@example.com,BR,2025-06-18,Basic,6379.8
140,Arjun Kim,arjun.kim140@example.com,SG,2021-12-19,Standard,6171.12
141,Jamie Garcia,jamie.garcia141@example.com,UK,2020-01-08,Basic,18976.53
142,Neha Chen,neha.chen142@example.com,US,2022-01-15,Basic,6398.43
143,Avery Khan,avery.khan143@example.com,SG,2021-03-02,Standard,2855.84
144,Sam Kim,sam.kim144@example.com,AU,2023-08-01,Premium,12741.93
145,Sam Lopez,sam.lopez145@example.com,AU,2025-01-03,Premium,5340.99
146,Avery Lopez,avery.lopez146@example.com,IN,2023-12-06,Standard,15751.05
147,Alex Smith,alex.smith147@example.com,BR,2024-11-29,Basic,8422.08
148,Riley Nguyen,riley.nguyen148@example.com,JP,2024-03-31,Standard,10943.18
149,Taylor Silva,taylor.silva149@example.com,SG,2022-07-12,Premium,9053.18
150,Jordan Singh,jordan.singh150@example.com,US,2023-07-29,Standard,19035.66
151,Sam Brown,sam.brown151@example.com,UK,2024-03-17,Premium,14653.1
152,Sam Brown,sam.brown152@example.com,SG,2025-05-31,Basic,668.31
153,Riley Chen,riley.chen153@example.com,BR,2021-10-05,Premium,2070.09
154,Morgan Kim,morgan.kim154@example.com,BR,2026-03-19,Basic,18515.19
155,Quinn Khan,quinn.khan155@example.com,CA,2023-05-03,Premium,1963.52
156,Neha Chen,neha.chen156@example.com,FR,2025-07-03,Premium,1137.37
157,Alex Nguyen,alex.nguyen157@example.com,IN,2023-04-21,Basic,12520.56
158,Lucas Kim,lucas.kim158@example.com,IN,2020-04-15,Premium,3458.1
159,Jamie Patel,jamie.patel159@example.com,JP,2021-04-18,Standard,15708.29
160,Lucas Silva,lucas.silva160@example.com,CA,2021-01-08,Basic,10905.31
161,Riley Brown,riley.brown161@example.com,BR,2024-02-22,Premium,8943.22
162,Quinn Silva,quinn.silva162@example.com,JP,2022-12-14,Premium,16749.72
163,Jordan Garcia,jordan.garcia163@example.com,IN,2020-12-17,Basic,6908.64
164,Omar Chen,omar.chen164@example.com,DE,2026-03-17,Premium,16823.9
165,Omar Müller,omar.müller165@example.com,JP,2026-06-03,Premium,9551.43
166,Sam Nguyen,sam.nguyen166@example.com,US,2025-08-18,Basic,18014.08
167,Casey Patel,casey.patel167@example.com,JP,2021-12-09,Premium,19444.69
168,Morgan Garcia,morgan.garcia168@example.com,US,2024-09-30,Premium,19766.18
169,Omar Kim,omar.kim169@example.com,UK,2022-11-22,Standard,18220.55
170,Sam Patel,sam.patel170@example.com,BR,2026-03-28,Standard,11063.48
171,Quinn Müller,quinn.müller171@example.com,JP,2020-02-20,Basic,12480.01
172,Omar Patel,omar.patel172@example.com,BR,2021-09-04,Premium,11353.55
173,Taylor Patel,taylor.patel173@example.com,SG,2021-02-17,Standard,17356.13
174,Arjun Nguyen,arjun.nguyen174@example.com,CA,2024-04-17,Basic,9737.42
175,Lucas Smith,lucas.smith175@example.com,UK,2023-02-02,Standard,2919.86
176,Neha Smith,neha.smith176@example.com,BR,2023-09-19,Basic,4789.71
177,Lucas Singh,lucas.singh177@example.com,AU,2020-03-23,Standard,16356.85
178,Jamie Singh,jamie.singh178@example.com,CA,2025-07-06,Basic,13712.8
179,Avery Garcia,avery.garcia179@example.com,CA,2024-12-19,Standard,5424.93
180,Omar Chen,omar.chen180@example.com,IN,2022-02-08,Standard,4267.24
181,Omar Lopez,omar.lopez181@example.com,JP,2025-10-16,Standard,16429.3
182,Riley Patel,riley.patel182@example.com,CA,2025-09-06,Standard,2756.21
183,Alex Garcia,alex.garcia183@example.com,DE,2022-04-02,Premium,5027.33
184,Sofia Smith,sofia.smith184@example.com,AU,2022-03-26,Standard,7398.62
185,Sofia Müller,sofia.müller185@example.com,BR,2021-05-22,Basic,659.74
186,Arjun Silva,arjun.silva186@example.com,SG,2025-01-01,Premium,19212.38
187,Lucas Chen,lucas.chen187@example.com,FR,2023-12-03,Standard,3312.1
188,Quinn Lopez,quinn.lopez188@example.com,IN,2023-03-13,Premium,7761.99
189,Riley Chen,riley.chen189@example.com,DE,2022-06-25,Basic,4540.99
190,Morgan Singh,morgan.singh190@example.com,BR,2025-10-03,Premium,17299.37
191,Alex Silva,alex.silva191@example.com,UK,2021-12-10,Basic,16027.25
192,Avery Singh,avery.singh192@example.com,SG,2023-06-05,Basic,19342.14
193,Quinn Nguyen,quinn.nguyen193@example.com,BR,2023-11-29,Standard,5077.37
194,Sofia Singh,sofia.singh194@example.com,FR,2024-06-14,Basic,2091.13
195,Arjun Müller,arjun.müller195@example.com,SG,2023-03-03,Standard,13704.04
196,Lucas Patel,lucas.patel196@example.com,AU,2023-02-06,Basic,6536.48
197,Quinn Singh,quinn.singh197@example.com,CA,2022-02-10,Premium,10370.01
198,Avery Smith,avery.smith198@example.com,SG,2024-07-13,Basic,6425.74
199,Casey Lopez,casey.lopez199@example.com,US,2025-07-30,Standard,5225.55
200,Omar Nguyen,omar.nguyen200@example.com,BR,2020-05-24,Basic,14175.98
201,Morgan Brown,morgan.brown201@example.com,DE,2025-12-29,Basic,15708.7
202,Arjun Müller,arjun.müller202@example.com,CA,2021-11-27,Basic,17536.07
203,Riley Singh,riley.singh203@example.com,IN,2025-04-12,Premium,14831.33
204,Riley Khan,riley.khan204@example.com,AU,2020-12-31,Premium,7137.9
205,Jamie Nguyen,jamie.nguyen205@example.com,AU,2024-03-02,Standard,11732.14
206,Sofia Patel,sofia.patel206@example.com,JP,2020-08-07,Basic,11692.31
207,Sam Silva,sam.silva207@example.com,DE,2025-08-11,Premium,17356.58
208,Neha Müller,neha.müller208@example.com,CA,2024-08-19,Premium,17423.44
209,Casey Garcia,casey.garcia209@example.com,DE,2023-11-04,Standard,19744.47
210,Sofia Garcia,sofia.garcia210@example.com,AU,2022-01-08,Premium,9777.24
211,Riley Brown,riley.brown211@example.com,US,2020-01-20,Standard,5506.88
212,Riley Chen,riley.chen212@example.com,UK,2025-06-28,Premium,2631.65
213,Omar Khan,omar.khan213@example.com,BR,2024-07-10,Standard,19308.29
214,Neha Smith,neha.smith214@example.com,US,2025-12-26,Premium,14626.65
215,Alex Brown,alex.brown215@example.com,FR,2022-02-19,Premium,13551.13
216,Avery Kim,avery.kim216@example.com,AU,2023-07-02,Premium,2099.03
217,Jamie Garcia,jamie.garcia217@example.com,IN,2020-07-06,Standard,18971.84
218,Sofia Lopez,sofia.lopez218@example.com,FR,2025-11-16,Standard,8701.62
219,Casey Brown,casey.brown219@example.com,JP,2024-01-11,Premium,3339.43
220,Neha Smith,neha.smith220@example.com,DE,2022-07-07,Basic,19698.35
221,Morgan Lopez,morgan.lopez221@example.com,US,2025-08-28,Premium,2507.08
222,Jordan Nguyen,jordan.nguyen222@example.com,CA,2025-12-30,Basic,1019.31
223,Jordan Khan,jordan.khan223@example.com,IN,2020-03-21,Premium,13810.51
224,Omar Silva,omar.silva224@example.com,BR,2021-05-21,Basic,5092.13
225,Casey Kim,casey.kim225@example.com,US,2023-05-18,Standard,13250.21
226,Quinn Chen,quinn.chen226@example.com,SG,2021-07-15,Standard,16621.52
227,Taylor Müller,taylor.müller227@example.com,SG,2021-04-27,Standard,2324.55
228,Taylor Silva,taylor.silva228@example.com,DE,2022-03-29,Standard,16638.4
229,Morgan Brown,morgan.brown229@example.com,BR,2023-04-24,Premium,836.14
230,Lucas Kim,lucas.kim230@example.com,JP,2023-09-16,Premium,104.62
231,Sam Patel,sam.patel231@example.com,SG,2025-07-16,Premium,18991.45
232,Sam Lopez,sam.lopez232@example.com,IN,2022-11-14,Basic,4661.65
233,Jamie Singh,jamie.singh233@example.com,JP,2020-07-24,Premium,16272.91
234,Jordan Singh,jordan.singh234@example.com,AU,2023-07-04,Standard,14783.88
235,Taylor Smith,taylor.smith235@example.com,US,2021-07-20,Basic,12961.61
236,Priya Brown,priya.brown236@example.com,JP,2023-01-03,Basic,1904.38
237,Priya Garcia,priya.garcia237@example.com,IN,2024-06-29,Standard,19248.08
238,Quinn Nguyen,quinn.nguyen238@example.com,JP,2024-09-23,Basic,17728.17
239,Riley Patel,riley.patel239@example.com,UK,2020-08-28,Premium,2119.08
240,Lucas Chen,lucas.chen240@example.com,JP,2022-01-12,Basic,7626.03
241,Arjun Chen,arjun.chen241@example.com,US,2021-06-19,Standard,18411.94
242,Taylor Nguyen,taylor.nguyen242@example.com,JP,2020-07-07,Premium,5269.18
243,Priya Smith,priya.smith243@example.com,FR,2026-06-19,Basic,11321.99
244,Priya Müller,priya.müller244@example.com,FR,2021-01-25,Standard,13251.18
245,Avery Silva,avery.silva245@example.com,AU,2024-04-25,Premium,16788.71
246,Jordan Smith,jordan.smith246@example.com,UK,2025-09-01,Standard,17044.83
247,Riley Patel,riley.patel247@example.com,JP,2023-08-06,Premium,6651.35
248,Quinn Smith,quinn.smith248@example.com,FR,2022-07-01,Basic,12884.18
249,Neha Kim,neha.kim249@example.com,IN,2025-02-23,Standard,16035.16
250,Sofia Patel,sofia.patel250@example.com,JP,2025-01-05,Standard,2418.2
251,Lucas Lopez,lucas.lopez251@example.com,US,2021-02-24,Standard,8276.15
252,Alex Patel,alex.patel252@example.com,SG,2023-06-01,Basic,11268.53
253,Sofia Brown,sofia.brown253@example.com,AU,2020-08-10,Premium,16894.13
254,Priya Müller,priya.müller254@example.com,SG,2025-04-21,Basic,13160.49
255,Sofia Patel,sofia.patel255@example.com,IN,2022-06-27,Premium,6860.07
256,Jamie Müller,jamie.müller256@example.com,FR,2024-03-11,Basic,2171.13
257,Riley Silva,riley.silva257@example.com,UK,2024-08-03,Premium,5123.07
258,Morgan Kim,morgan.kim258@example.com,IN,2024-05-28,Premium,9168.07
259,Morgan Lopez,morgan.lopez259@example.com,AU,2021-03-17,Standard,977.68
260,Taylor Silva,taylor.silva260@example.com,JP,2025-08-27,Premium,19278.9
261,Alex Müller,alex.müller261@example.com,US,2026-03-16,Standard,16784.38
262,Lucas Müller,lucas.müller262@example.com,UK,2026-06-27,Premium,14623.37
263,Casey Patel,casey.patel263@example.com,BR,2023-08-11,Basic,17633.74
264,Omar Chen,omar.chen264@example.com,DE,2023-01-25,Standard,19273.69
265,Jamie Silva,jamie.silva265@example.com,UK,2021-07-19,Standard,12070.36
266,Jamie Lopez,jamie.lopez266@example.com,FR,2023-07-09,Basic,14749.53
267,Morgan Kim,morgan.kim267@example.com,DE,2023-04-05,Basic,6938.61
268,Casey Lopez,casey.lopez268@example.com,UK,2025-08-25,Basic,13901.52
269,Priya Lopez,priya.lopez269@example.com,IN,2023-12-13,Basic,9633.38
270,Omar Khan,omar.khan270@example.com,FR,2023-03-17,Standard,16175.68
271,Taylor Smith,taylor.smith271@example.com,BR,2021-08-18,Premium,13421.57
272,Morgan Singh,morgan.singh272@example.com,UK,2023-03-19,Basic,5048.69
273,Jordan Lopez,jordan.lopez273@example.com,CA,2022-04-15,Basic,694.51
274,Sofia Patel,sofia.patel274@example.com,SG,2026-04-20,Premium,14861.13
275,Neha Kim,neha.kim275@example.com,FR,2023-03-24,Basic,13306.65
276,Neha Nguyen,neha.nguyen276@example.com,BR,2023-07-04,Basic,1123.35
277,Quinn Kim,quinn.kim277@example.com,SG,2024-12-19,Premium,18234.15
278,Arjun Chen,arjun.chen278@example.com,FR,2022-03-15,Basic,19287.58
279,Jamie Silva,jamie.silva279@example.com,UK,2020-11-01,Premium,19251.38
280,Taylor Nguyen,taylor.nguyen280@example.com,US,2024-10-21,Standard,11154.14
281,Casey Garcia,casey.garcia281@example.com,SG,2022-11-10,Premium,6644.73
282,Casey Smith,casey.smith282@example.com,UK,2023-08-14,Basic,1064.57
283,Jamie Silva,jamie.silva283@example.com,SG,2026-03-03,Standard,1503.97
284,Priya Müller,priya.müller284@example.com,DE,2022-01-23,Basic,1410.12
285,Riley Nguyen,riley.nguyen285@example.com,FR,2026-01-08,Standard,1884.31
286,Avery Kim,avery.kim286@example.com,AU,2023-09-18,Standard,5906.81
287,Lucas Müller,lucas.müller287@example.com,US,2021-04-14,Basic,6952.85
288,Avery Khan,avery.khan288@example.com,SG,2022-09-25,Premium,13666.9
289,Priya Nguyen,priya.nguyen289@example.com,IN,2024-04-29,Standard,10827.73
290,Jamie Smith,jamie.smith290@example.com,FR,2024-03-15,Basic,16066.19
291,Sofia Silva,sofia.silva291@example.com,US,2023-04-29,Basic,3890.62
292,Sam Patel,sam.patel292@example.com,UK,2026-01-12,Basic,196.25
293,Sam Kim,sam.kim293@example.com,DE,2024-10-03,Premium,4151.31
294,Omar Khan,omar.khan294@example.com,IN,2021-09-21,Premium,9211.54
295,Priya Smith,priya.smith295@example.com,IN,2020-10-27,Premium,3600.94
296,Quinn Müller,quinn.müller296@example.com,IN,2026-06-13,Premium,18224.18
297,Omar Nguyen,omar.nguyen297@example.com,JP,2024-07-14,Standard,6362.26
298,Neha Khan,neha.khan298@example.com,IN,2025-12-30,Premium,12846.38
299,Sam Lopez,,SG,2020-07-05,Basic,16972.61
300,Arjun Müller,arjun.müller300@example.com,IN,2023-04-02,Basic,6061.95
301,Sam Singh,sam.singh301@example.com,JP,2024-04-11,Standard,16451.34
302,Alex Silva,alex.silva302@example.com,UK,2025-12-25,Premium,2770.81
303,Neha Müller,neha.müller303@example.com,CA,2021-08-13,Standard,13561.92
304,Arjun Smith,arjun.smith304@example.com,FR,2026-03-23,Premium,2508.54
305,Alex Chen,alex.chen305@example.com,SG,2024-06-02,Basic,10973.13
306,Sam Singh,sam.singh306@example.com,DE,2023-11-09,Premium,8282.46
307,Casey Garcia,casey.garcia307@example.com,UK,2022-06-23,Basic,16703.23
308,Morgan Patel,morgan.patel308@example.com,UK,2026-05-12,Premium,17035.19
309,Sofia Khan,,FR,2020-10-26,Standard,13450.12
310,Quinn Patel,quinn.patel310@example.com,DE,2026-07-06,Standard,19033.22
311,Arjun Garcia,arjun.garcia311@example.com,DE,2021-02-13,Standard,12409.34
312,Morgan Brown,morgan.brown312@example.com,JP,2025-01-19,Standard,12346.03
313,Jamie Lopez,jamie.lopez313@example.com,SG,2021-09-16,Basic,11358.89
314,Priya Nguyen,priya.nguyen314@example.com,UK,2020-01-20,Standard,4961.19
315,Avery Lopez,avery.lopez315@example.com,BR,2023-02-07,Standard,2729.4
316,Priya Silva,priya.silva316@example.com,JP,2024-12-29,Standard,15506.6
317,Lucas Müller,lucas.müller317@example.com,IN,2021-12-20,Basic,12152.22
318,Quinn Garcia,quinn.garcia318@example.com,FR,2022-03-15,Standard,14684.22
319,Sam Lopez,sam.lopez319@example.com,IN,2020-03-17,Basic,12650.95
320,Neha Chen,neha.chen320@example.com,DE,2020-05-30,Basic,5249.3
321,Lucas Khan,lucas.khan321@example.com,UK,2024-02-07,Standard,4504.97
322,Jamie Garcia,jamie.garcia322@example.com,JP,2025-08-14,Basic,1856.55
323,Arjun Müller,arjun.müller323@example.com,US,2022-09-05,Basic,13699.03
324,Casey Silva,casey.silva324@example.com,UK,2022-01-03,Basic,18976.8
325,Casey Lopez,casey.lopez325@example.com,JP,2024-01-09,Premium,4415.44
326,Lucas Kim,lucas.kim326@example.com,IN,2022-12-18,Standard,4718.67
327,Morgan Müller,morgan.müller327@example.com,AU,2024-05-08,Standard,18362.14
328,Jordan Smith,jordan.smith328@example.com,AU,2021-02-26,Basic,19370.41
329,Quinn Lopez,quinn.lopez329@example.com,CA,2026-06-28,Basic,11424.7
330,Neha Khan,neha.khan330@example.com,BR,2024-02-05,Basic,13084.06
331,Sam Müller,sam.müller331@example.com,CA,2024-03-21,Premium,10351.62
332,Arjun Brown,arjun.brown332@example.com,JP,2025-05-28,Basic,181.62
333,Casey Silva,casey.silva333@example.com,UK,2022-07-31,Premium,10315.1
334,Quinn Kim,quinn.kim334@example.com,UK,2022-02-04,Premium,7276.35
335,Taylor Khan,taylor.khan335@example.com,DE,2024-08-25,Standard,14419.1
336,Lucas Khan,lucas.khan336@example.com,JP,2025-05-16,Premium,11836.28
337,Omar Smith,omar.smith337@example.com,DE,2020-06-25,Premium,11491.06
338,Riley Garcia,riley.garcia338@example.com,FR,2020-06-09,Basic,2979.96
339,Riley Singh,riley.singh339@example.com,UK,2025-10-17,Standard,12007.18
340,Alex Lopez,alex.lopez340@example.com,CA,2020-12-17,Premium,9011.61
341,Lucas Silva,lucas.silva341@example.com,UK,2022-06-17,Standard,12036.73
342,Riley Chen,riley.chen342@example.com,FR,2022-12-19,Premium,14497.53
343,Priya Silva,priya.silva343@example.com,SG,2020-10-08,Premium,7595.32
344,Casey Patel,casey.patel344@example.com,US,2022-04-08,Basic,17198.85
345,Omar Garcia,omar.garcia345@example.com,SG,2021-01-29,Premium,9543.59
346,Jordan Müller,jordan.müller346@example.com,FR,2021-04-26,Premium,9670.71
347,Casey Chen,casey.chen347@example.com,FR,2020-01-05,Basic,13002.17
348,Omar Brown,omar.brown348@example.com,US,2025-12-10,Standard,4628.25
349,Lucas Nguyen,lucas.nguyen349@example.com,AU,2026-06-17,Premium,8538.51
350,Quinn Silva,quinn.silva350@example.com,DE,2020-12-09,Standard,11985.93
351,Omar Singh,omar.singh351@example.com,DE,2020-01-23,Basic,14885.73
352,Alex Chen,alex.chen352@example.com,FR,2021-04-27,Basic,193.52
353,Morgan Lopez,morgan.lopez353@example.com,AU,2024-08-01,Standard,2176.34
354,Omar Khan,omar.khan354@example.com,SG,2022-11-04,Standard,17106.79
355,Omar Chen,omar.chen355@example.com,AU,2023-02-02,Basic,7979.21
356,Morgan Nguyen,morgan.nguyen356@example.com,FR,2026-04-02,Standard,3615.46
357,Lucas Singh,lucas.singh357@example.com,CA,2026-06-24,Standard,15495.18
358,Neha Lopez,neha.lopez358@example.com,UK,2021-05-02,Basic,4633.94
359,Riley Patel,riley.patel359@example.com,DE,2025-09-13,Standard,15732.32
360,Jordan Garcia,jordan.garcia360@example.com,BR,2020-01-22,Premium,16473.95
361,Lucas Chen,lucas.chen361@example.com,BR,2020-12-27,Premium,5298.69
362,Arjun Patel,arjun.patel362@example.com,SG,2020-06-03,Basic,7717.3
363,Neha Chen,neha.chen363@example.com,FR,2023-03-19,Basic,19272.42
364,Jordan Garcia,jordan.garcia364@example.com,JP,2024-12-03,Premium,4074.06
365,Jamie Kim,jamie.kim365@example.com,US,2025-09-22,Basic,13984.07
366,Riley Khan,riley.khan366@example.com,US,2024-01-13,Premium,13117.63
367,Riley Patel,riley.patel367@example.com,CA,2024-06-24,Standard,13409.76
368,Neha Chen,neha.chen368@example.com,DE,2025-10-21,Premium,14751.66
369,Sam Patel,sam.patel369@example.com,FR,2023-03-11,Basic,16603.81
370,Arjun Brown,arjun.brown370@example.com,CA,2022-07-15,Basic,19262.99
371,Sofia Nguyen,sofia.nguyen371@example.com,SG,2020-01-20,Standard,3541.94
372,Taylor Müller,taylor.müller372@example.com,IN,2025-08-22,Standard,6832.32
373,Taylor Müller,taylor.müller373@example.com,CA,2026-01-12,Basic,5040.32
374,Sofia Nguyen,sofia.nguyen374@example.com,SG,2025-06-03,Premium,15161.59
375,Sofia Khan,,JP,2026-07-31,Premium,9665.3
376,Quinn Patel,quinn.patel376@example.com,BR,2022-06-21,Basic,14038.46
377,Priya Nguyen,priya.nguyen377@example.com,AU,2025-10-16,Basic,243.98
378,Quinn Kim,quinn.kim378@example.com,CA,2021-01-15,Standard,13490.27
379,Priya Patel,priya.patel379@example.com,FR,2022-01-01,Standard,6311.76
380,Morgan Chen,morgan.chen380@example.com,CA,2022-01-18,Basic,13677.99
381,Morgan Silva,morgan.silva381@example.com,DE,2022-08-19,Basic,4879.03
382,Quinn Kim,quinn.kim382@example.com,DE,2022-04-10,Premium,16734.88
383,Arjun Garcia,arjun.garcia383@example.com,IN,2021-05-06,Premium,13532.45
384,Lucas Chen,lucas.chen384@example.com,US,2026-01-26,Premium,16967.81
385,Arjun Chen,arjun.chen385@example.com,AU,2025-07-09,Basic,17381.94
386,Lucas Garcia,lucas.garcia386@example.com,FR,2023-02-21,Standard,4480.75
387,Casey Smith,casey.smith387@example.com,FR,2024-09-29,Standard,18796.11
388,Jordan Müller,jordan.müller388@example.com,AU,2024-05-31,Basic,15529.28
389,Sofia Patel,sofia.patel389@example.com,FR,2025-02-27,Standard,13799.75
390,Alex Khan,alex.khan390@example.com,DE,2024-04-03,Basic,2059.92
391,Arjun Chen,arjun.chen391@example.com,CA,2022-02-05,Basic,5293.84
392,Quinn Silva,quinn.silva392@example.com,SG,2023-11-06,Standard,3719.08
393,Omar Kim,omar.kim393@example.com,BR,2024-03-04,Standard,17093.81
394,Quinn Silva,quinn.silva394@example.com,UK,2026-05-29,Premium,19586.49
395,Avery Patel,avery.patel395@example.com,CA,2022-08-23,Basic,8672.76
396,Neha Kim,neha.kim396@example.com,UK,2021-09-04,Standard,16123.08
397,Riley Nguyen,riley.nguyen397@example.com,JP,2021-07-04,Basic,10364.29
398,Priya Silva,priya.silva398@example.com,CA,2022-10-24,Basic,17177.11
399,Jordan Nguyen,jordan.nguyen399@example.com,IN,2021-10-31,Premium,4348.57
400,Quinn Silva,quinn.silva400@example.com,IN,2025-01-16,Basic,6726.4
401,Arjun Brown,arjun.brown401@example.com,FR,2026-04-02,Standard,6915.6
402,Omar Patel,omar.patel402@example.com,AU,2022-03-25,Basic,11539.09
403,Riley Singh,riley.singh403@example.com,AU,2023-08-24,Basic,10233.37
404,Sofia Patel,sofia.patel404@example.com,BR,2023-03-19,Standard,12652.66
405,Casey Garcia,casey.garcia405@example.com,AU,2024-09-23,Basic,12265.59
406,Neha Patel,neha.patel406@example.com,IN,2021-10-25,Standard,4602.95
407,Priya Khan,priya.khan407@example.com,CA,2022-12-31,Basic,12910.65
408,Quinn Silva,quinn.silva408@example.com,AU,2026-08-01,Basic,19312.24
409,Omar Garcia,omar.garcia409@example.com,UK,2020-04-04,Premium,14569.06
410,Quinn Lopez,quinn.lopez410@example.com,IN,2022-05-12,Premium,7971.06
411,Taylor Patel,taylor.patel411@example.com,JP,2026-02-24,Premium,575.98
412,Neha Müller,neha.müller412@example.com,IN,2021-03-01,Standard,12381.14
413,Sam Khan,sam.khan413@example.com,BR,2023-06-21,Premium,4985.56
414,Jamie Silva,jamie.silva414@example.com,UK,2021-06-21,Basic,16778.43
415,Alex Smith,alex.smith415@example.com,AU,2023-08-25,Standard,9370.51
416,Quinn Müller,quinn.müller416@example.com,JP,2021-07-07,Basic,10808.79
417,Sofia Khan,sofia.khan417@example.com,SG,2024-11-16,Basic,12813.74
418,Jamie Brown,jamie.brown418@example.com,JP,2026-01-19,Premium,16103.92
419,Sofia Singh,sofia.singh419@example.com,AU,2024-08-15,Standard,3156.56
420,Alex Smith,alex.smith420@example.com,FR,2021-07-12,Standard,5770.91
421,Alex Lopez,alex.lopez421@example.com,JP,2025-05-08,Standard,232.2
422,Omar Singh,omar.singh422@example.com,SG,2022-08-05,Premium,10986.83
423,Morgan Nguyen,morgan.nguyen423@example.com,FR,2024-11-25,Standard,5035.43
424,Neha Nguyen,neha.nguyen424@example.com,DE,2022-12-13,Premium,8473.68
425,Avery Müller,avery.müller425@example.com,SG,2023-01-18,Standard,12986.72
426,Quinn Nguyen,quinn.nguyen426@example.com,DE,2020-10-07,Premium,2775.65
427,Taylor Khan,taylor.khan427@example.com,JP,2025-01-28,Standard,14024.43
428,Lucas Kim,lucas.kim428@example.com,AU,2020-03-20,Premium,1040.16
429,Alex Garcia,alex.garcia429@example.com,IN,2023-03-01,Standard,2544.53
430,Sofia Lopez,sofia.lopez430@example.com,US,2022-08-11,Premium,3056.14
431,Lucas Kim,lucas.kim431@example.com,AU,2024-09-17,Standard,15725.22
432,Lucas Brown,lucas.brown432@example.com,JP,2020-05-09,Standard,1650.45
433,Casey Smith,casey.smith433@example.com,CA,2024-05-26,Premium,10886.68
434,Riley Kim,riley.kim434@example.com,CA,2024-04-11,Premium,2483.13
435,Avery Nguyen,avery.nguyen435@example.com,JP,2022-10-09,Basic,19890.98
436,Morgan Silva,morgan.silva436@example.com,IN,2025-11-04,Basic,19643.21
437,Lucas Nguyen,lucas.nguyen437@example.com,CA,2023-08-16,Premium,12601.83
438,Jordan Lopez,jordan.lopez438@example.com,FR,2025-11-03,Premium,5103.59
439,Jamie Kim,jamie.kim439@example.com,AU,2020-08-01,Basic,4394.88
440,Taylor Kim,taylor.kim440@example.com,BR,2023-08-22,Premium,3388.84
441,Quinn Chen,quinn.chen441@example.com,IN,2024-06-09,Premium,228.15
442,Jordan Chen,jordan.chen442@example.com,JP,2021-09-26,Standard,15427.4
443,Avery Garcia,avery.garcia443@example.com,JP,2021-01-09,Basic,12391.96
444,Jordan Smith,jordan.smith444@example.com,AU,2021-09-22,Basic,10750.25
445,Taylor Garcia,taylor.garcia445@example.com,JP,2022-08-11,Standard,19634.43
446,Arjun Silva,arjun.silva446@example.com,DE,2020-03-28,Basic,7586.49
447,Casey Singh,casey.singh447@example.com,US,2025-06-10,Basic,8778.13
448,Jamie Müller,jamie.müller448@example.com,JP,2022-02-16,Basic,3773.2
449,Arjun Brown,arjun.brown449@example.com,JP,2023-02-01,Basic,18293.76
450,Riley Patel,riley.patel450@example.com,FR,2021-09-26,Standard,5948.67
451,Quinn Müller,quinn.müller451@example.com,AU,2025-02-02,Premium,15529.56
452,Neha Lopez,neha.lopez452@example.com,UK,2020-03-17,Basic,17143.74
453,Avery Brown,avery.brown453@example.com,IN,2026-01-16,Standard,3837.9
454,Lucas Müller,lucas.müller454@example.com,UK,2023-03-05,Standard,8225.6
455,Priya Patel,priya.patel455@example.com,IN,2025-11-13,Basic,1380.26
456,Casey Garcia,casey.garcia456@example.com,US,2022-04-07,Premium,9733.14
457,Taylor Smith,taylor.smith457@example.com,SG,2024-05-10,Basic,9823.7
458,Quinn Smith,quinn.smith458@example.com,AU,2022-06-23,Basic,14371.01
459,Alex Kim,alex.kim459@example.com,JP,2020-11-23,Standard,16030.35
460,Jordan Brown,jordan.brown460@example.com,FR,2024-08-30,Standard,15895.28
461,Jordan Chen,jordan.chen461@example.com,CA,2025-12-06,Premium,14699.29
462,Jamie Patel,jamie.patel462@example.com,DE,2025-10-28,Premium,2069.44
463,Avery Müller,avery.müller463@example.com,BR,2022-02-15,Premium,10547.53
464,Avery Chen,avery.chen464@example.com,UK,2026-04-06,Basic,11184.93
465,Taylor Khan,taylor.khan465@example.com,SG,2024-01-06,Basic,9201.48
466,Omar Patel,omar.patel466@example.com,UK,2022-01-08,Basic,8061.07
467,Priya Khan,priya.khan467@example.com,UK,2025-12-26,Basic,8888.09
468,Arjun Brown,arjun.brown468@example.com,FR,2023-08-22,Standard,8276.25
469,Omar Lopez,omar.lopez469@example.com,AU,2022-09-12,Basic,10935.24
470,Neha Müller,neha.müller470@example.com,CA,2024-01-14,Standard,8977.62
471,Neha Smith,neha.smith471@example.com,US,2023-03-11,Basic,375.23
472,Casey Singh,casey.singh472@example.com,US,2023-05-15,Premium,4335.72
473,Priya Smith,priya.smith473@example.com,CA,2026-03-17,Basic,11148.65
474,Casey Patel,casey.patel474@example.com,US,2025-02-28,Standard,3164.34
475,Quinn Brown,quinn.brown475@example.com,SG,2022-10-20,Premium,5162.06
476,Jamie Patel,jamie.patel476@example.com,SG,2024-06-25,Basic,18361.74
477,Sam Lopez,sam.lopez477@example.com,AU,2025-05-30,Premium,9791.11
478,Taylor Chen,taylor.chen478@example.com,CA,2020-06-02,Basic,16176.41
479,Neha Patel,neha.patel479@example.com,US,2023-10-01,Standard,17601.86
480,Omar Nguyen,omar.nguyen480@example.com,IN,2022-07-17,Basic,13072.94
481,Alex Khan,alex.khan481@example.com,BR,2020-08-09,Standard,10511.45
482,Priya Müller,priya.müller482@example.com,SG,2021-09-04,Standard,10072.91
483,Avery Garcia,avery.garcia483@example.com,US,2024-05-28,Standard,15069.16
484,Sam Kim,sam.kim484@example.com,BR,2023-04-01,Standard,3002.85
485,Priya Patel,priya.patel485@example.com,JP,2026-05-29,Basic,1033.76
486,Neha Singh,neha.singh486@example.com,IN,2024-06-20,Basic,8718.1
487,Casey Garcia,casey.garcia487@example.com,JP,2026-04-09,Premium,9782.83
488,Morgan Müller,morgan.müller488@example.com,SG,2025-11-17,Premium,4884.19
489,Quinn Nguyen,quinn.nguyen489@example.com,AU,2026-06-17,Premium,2294.97
490,Omar Nguyen,omar.nguyen490@example.com,AU,2023-11-27,Premium,6448.73
491,Alex Singh,alex.singh491@example.com,UK,2023-12-03,Basic,16440.6
492,Sofia Chen,sofia.chen492@example.com,UK,2024-12-09,Premium,18488.05
493,Avery Kim,avery.kim493@example.com,AU,2021-09-30,Basic,17062.64
494,Taylor Lopez,taylor.lopez494@example.com,US,2022-09-22,Basic,18538.26
495,Jamie Smith,jamie.smith495@example.com,AU,2021-03-31,Standard,9028.73
496,Alex Brown,alex.brown496@example.com,DE,2026-01-12,Premium,4115.84
497,Quinn Müller,quinn.müller497@example.com,JP,2021-08-01,Basic,13990.17
498,Alex Nguyen,alex.nguyen498@example.com,SG,2025-11-27,Premium,5146.35
499,Jordan Singh,jordan.singh499@example.com,DE,2023-01-16,Premium,9325.97
500,Alex Patel,alex.patel500@example.com,BR,2023-01-16,Basic,17049.05
501,Arjun Patel,arjun.patel501@example.com,US,2023-04-13,Basic,7761.14
502,Neha Müller,neha.müller502@example.com,IN,2023-07-16,Standard,17342.12
503,Sam Garcia,sam.garcia503@example.com,DE,2025-08-12,Standard,11235.72
504,Alex Smith,alex.smith504@example.com,DE,2025-12-08,Standard,6704.71
505,Neha Lopez,neha.lopez505@example.com,UK,2020-03-16,Standard,13702.01
506,Arjun Khan,arjun.khan506@example.com,CA,2022-08-25,Basic,5553.77
507,Jordan Khan,jordan.khan507@example.com,CA,2024-05-04,Premium,18885.53
508,Quinn Kim,quinn.kim508@example.com,UK,2023-10-31,Standard,13155.79
509,Sam Lopez,sam.lopez509@example.com,BR,2025-11-02,Basic,12268.35
510,Avery Nguyen,avery.nguyen510@example.com,DE,2026-06-04,Premium,8557.98
511,Jamie Chen,jamie.chen511@example.com,AU,2025-01-13,Basic,2678.85
512,Casey Chen,casey.chen512@example.com,FR,2022-04-08,Premium,6214.52
513,Casey Nguyen,casey.nguyen513@example.com,UK,2026-05-02,Premium,6384.05
514,Taylor Garcia,taylor.garcia514@example.com,AU,2021-08-19,Basic,638.19
515,Priya Nguyen,priya.nguyen515@example.com,BR,2023-05-27,Standard,14924.91
516,Quinn Garcia,quinn.garcia516@example.com,DE,2021-03-13,Premium,3735.69
517,Quinn Chen,quinn.chen517@example.com,SG,2022-08-03,Basic,4682.04
518,Alex Brown,alex.brown518@example.com,IN,2025-05-06,Premium,10071.38
519,Lucas Lopez,lucas.lopez519@example.com,AU,2022-01-23,Standard,9854.34
520,Casey Garcia,casey.garcia520@example.com,DE,2022-07-15,Premium,8201.35
521,Alex Singh,alex.singh521@example.com,BR,2022-06-30,Basic,13443.21
522,Morgan Kim,morgan.kim522@example.com,IN,2021-12-26,Standard,17349.22
523,Lucas Lopez,lucas.lopez523@example.com,AU,2025-02-17,Premium,8579.74
524,Jordan Chen,jordan.chen524@example.com,BR,2023-07-05,Standard,12249.52
525,Jordan Müller,jordan.müller525@example.com,IN,2025-01-23,Standard,16548.85
526,Jordan Kim,jordan.kim526@example.com,FR,2026-01-12,Standard,19677.42
527,Jordan Müller,jordan.müller527@example.com,BR,2025-10-15,Basic,19253.72
528,Morgan Singh,morgan.singh528@example.com,JP,2024-06-18,Standard,15484.86
529,Jamie Silva,jamie.silva529@example.com,UK,2024-09-26,Standard,12282.03
530,Jordan Lopez,jordan.lopez530@example.com,FR,2021-08-05,Standard,16606.38
531,Sofia Patel,sofia.patel531@example.com,FR,2021-04-08,Premium,15585.69
532,Casey Nguyen,casey.nguyen532@example.com,BR,2023-08-17,Standard,547.0
533,Sofia Chen,sofia.chen533@example.com,DE,2025-02-05,Premium,5039.14
534,Riley Lopez,riley.lopez534@example.com,IN,2021-01-08,Premium,14139.22
535,Arjun Patel,arjun.patel535@example.com,FR,2024-04-22,Basic,15831.78
536,Riley Nguyen,riley.nguyen536@example.com,FR,2024-04-07,Premium,15376.79
537,Priya Chen,priya.chen537@example.com,UK,2021-10-26,Premium,3618.39
538,Jordan Nguyen,jordan.nguyen538@example.com,CA,2023-06-21,Basic,15384.18
539,Sofia Singh,sofia.singh539@example.com,UK,2021-04-26,Premium,19210.66
540,Alex Chen,alex.chen540@example.com,CA,2020-02-20,Standard,9977.67
541,Lucas Müller,lucas.müller541@example.com,US,2025-07-14,Premium,4376.63
542,Lucas Silva,lucas.silva542@example.com,BR,2024-12-14,Premium,12044.27
543,Alex Kim,alex.kim543@example.com,FR,2023-02-13,Basic,12591.28
544,Morgan Smith,morgan.smith544@example.com,UK,2021-08-30,Premium,13082.87
545,Jordan Garcia,jordan.garcia545@example.com,US,2026-06-25,Basic,6003.91
546,Sam Smith,sam.smith546@example.com,IN,2024-09-03,Premium,3268.64
547,Jamie Chen,jamie.chen547@example.com,SG,2026-06-02,Basic,3589.51
548,Sofia Lopez,sofia.lopez548@example.com,SG,2024-01-15,Premium,1907.87
549,Jamie Brown,jamie.brown549@example.com,AU,2024-04-01,Premium,15180.92
550,Sam Singh,sam.singh550@example.com,JP,2021-07-05,Premium,13907.66
551,Quinn Brown,quinn.brown551@example.com,FR,2024-08-21,Basic,4236.42
552,Morgan Chen,morgan.chen552@example.com,US,2021-03-23,Basic,14608.08
553,Sam Silva,sam.silva553@example.com,SG,2023-03-22,Standard,12196.45
554,Priya Singh,priya.singh554@example.com,FR,2026-06-13,Basic,7109.37
555,Casey Chen,casey.chen555@example.com,SG,2025-07-26,Basic,14597.24
556,Lucas Silva,lucas.silva556@example.com,UK,2022-08-11,Basic,5845.24
557,Morgan Smith,morgan.smith557@example.com,IN,2020-04-08,Standard,12527.94
558,Taylor Lopez,taylor.lopez558@example.com,DE,2024-08-25,Standard,957.57
559,Arjun Müller,arjun.müller559@example.com,DE,2020-02-16,Basic,4063.68
560,Jamie Singh,jamie.singh560@example.com,IN,2023-06-14,Standard,10158.46
561,Priya Smith,priya.smith561@example.com,IN,2023-09-27,Standard,7951.18
562,Alex Garcia,alex.garcia562@example.com,DE,2023-09-15,Standard,18449.48
563,Lucas Silva,lucas.silva563@example.com,US,2021-07-10,Standard,3149.96
564,Sofia Müller,sofia.müller564@example.com,AU,2025-03-09,Standard,18559.41
565,Jordan Müller,jordan.müller565@example.com,CA,2026-05-03,Basic,13580.04
566,Alex Kim,alex.kim566@example.com,SG,2023-09-20,Standard,1370.95
567,Casey Singh,casey.singh567@example.com,US,2023-10-21,Standard,12548.89
568,Riley Chen,riley.chen568@example.com,SG,2024-05-14,Premium,11924.08
569,Jamie Lopez,jamie.lopez569@example.com,AU,2020-05-09,Standard,8306.7
570,Lucas Kim,lucas.kim570@example.com,AU,2025-01-25,Standard,4361.99
571,Jamie Garcia,jamie.garcia571@example.com,IN,2024-03-12,Premium,15566.92
572,Sam Silva,sam.silva572@example.com,FR,2020-04-12,Standard,18103.87
573,Casey Kim,casey.kim573@example.com,AU,2025-06-03,Basic,17483.89
574,Jamie Brown,jamie.brown574@example.com,UK,2021-02-06,Basic,13550.51
575,Casey Kim,casey.kim575@example.com,US,2025-02-24,Standard,14287.86
576,Taylor Smith,taylor.smith576@example.com,CA,2020-06-29,Basic,16970.07
577,Sam Brown,sam.brown577@example.com,JP,2020-07-07,Premium,10435.53
578,Jamie Smith,jamie.smith578@example.com,SG,2023-07-02,Basic,17848.1
579,Priya Kim,priya.kim579@example.com,DE,2023-03-19,Standard,10668.9
580,Sofia Khan,sofia.khan580@example.com,IN,2023-01-21,Premium,3192.05
581,Taylor Smith,taylor.smith581@example.com,SG,2026-04-11,Basic,2092.39
582,Arjun Müller,arjun.müller582@example.com,AU,2023-01-15,Premium,18868.39
583,Jamie Chen,jamie.chen583@example.com,DE,2021-12-02,Premium,6261.98
584,Priya Müller,priya.müller584@example.com,JP,2020-07-26,Premium,628.4
585,Jordan Patel,jordan.patel585@example.com,BR,2020-08-08,Premium,8557.99
586,Riley Lopez,riley.lopez586@example.com,SG,2024-12-31,Basic,7144.71
587,Priya Kim,priya.kim587@example.com,FR,2020-11-17,Standard,11377.4
588,Sam Lopez,sam.lopez588@example.com,JP,2021-02-02,Standard,6242.31
589,Sofia Silva,sofia.silva589@example.com,DE,2022-07-05,Premium,17228.87
590,Quinn Brown,quinn.brown590@example.com,BR,2022-01-21,Basic,18349.43
591,Priya Brown,priya.brown591@example.com,JP,2025-06-19,Premium,1354.04
592,Taylor Brown,taylor.brown592@example.com,JP,2025-03-04,Premium,5681.03
593,Arjun Chen,arjun.chen593@example.com,SG,2021-06-05,Basic,2103.5
594,Taylor Brown,taylor.brown594@example.com,FR,2020-10-17,Standard,10678.27
595,Neha Chen,neha.chen595@example.com,BR,2022-09-04,Basic,4911.64
596,Riley Silva,riley.silva596@example.com,BR,2020-09-27,Standard,4204.35
597,Omar Nguyen,omar.nguyen597@example.com,SG,2023-11-02,Basic,13897.96
598,Riley Khan,riley.khan598@example.com,IN,2026-06-09,Standard,2330.74
599,Sofia Brown,sofia.brown599@example.com,FR,2021-02-03,Standard,3564.67
600,Neha Patel,neha.patel600@example.com,SG,2021-03-21,Basic,16290.63
601,Neha Brown,neha.brown601@example.com,JP,2020-09-08,Premium,4391.35
602,Casey Chen,casey.chen602@example.com,US,2021-08-23,Basic,3026.87
603,Jamie Nguyen,jamie.nguyen603@example.com,SG,2026-06-25,Standard,3953.55
604,Priya Singh,priya.singh604@example.com,SG,2023-06-01,Standard,14369.93
605,Arjun Patel,arjun.patel605@example.com,SG,2020-02-03,Basic,19729.11
606,Neha Garcia,neha.garcia606@example.com,CA,2020-09-12,Standard,18026.46
607,Jordan Smith,jordan.smith607@example.com,FR,2024-01-11,Premium,17231.89
608,Alex Kim,alex.kim608@example.com,BR,2024-06-02,Basic,6396.64
609,Neha Nguyen,neha.nguyen609@example.com,BR,2024-11-17,Basic,4263.76
610,Riley Silva,riley.silva610@example.com,UK,2022-02-09,Basic,7722.67
611,Arjun Nguyen,arjun.nguyen611@example.com,UK,2023-03-27,Basic,2554.71
612,Alex Patel,alex.patel612@example.com,US,2021-08-12,Basic,17703.53
613,Omar Garcia,omar.garcia613@example.com,IN,2021-07-16,Basic,16128.54
614,Sofia Lopez,sofia.lopez614@example.com,SG,2024-10-09,Basic,3636.96
615,Omar Müller,omar.müller615@example.com,JP,2024-04-24,Standard,4553.53
616,Omar Chen,omar.chen616@example.com,US,2026-06-25,Standard,16943.74
617,Avery Lopez,avery.lopez617@example.com,FR,2023-01-07,Standard,18534.96
618,Arjun Smith,arjun.smith618@example.com,US,2026-05-16,Standard,14112.41
619,Taylor Chen,taylor.chen619@example.com,JP,2020-11-23,Premium,14617.2
620,Quinn Silva,quinn.silva620@example.com,FR,2020-11-16,Basic,17803.81
621,Sam Kim,sam.kim621@example.com,JP,2020-11-15,Basic,12692.07
622,Jamie Chen,jamie.chen622@example.com,US,2023-11-08,Basic,15581.62
623,Lucas Silva,lucas.silva623@example.com,FR,2025-04-05,Basic,14689.6
624,Omar Brown,omar.brown624@example.com,CA,2023-03-30,Premium,754.76
625,Jamie Lopez,jamie.lopez625@example.com,SG,2022-12-02,Premium,12604.54
626,Riley Chen,riley.chen626@example.com,US,2023-04-10,Basic,12505.12
627,Jamie Silva,jamie.silva627@example.com,IN,2021-06-03,Basic,1583.4
628,Quinn Singh,quinn.singh628@example.com,UK,2023-02-24,Standard,17164.27
629,Alex Lopez,alex.lopez629@example.com,IN,2021-12-16,Basic,14792.4
630,Sofia Brown,sofia.brown630@example.com,UK,2022-12-06,Basic,4762.11
631,Riley Müller,riley.müller631@example.com,US,2023-11-05,Premium,19348.55
632,Casey Silva,casey.silva632@example.com,BR,2024-04-18,Premium,13230.31
633,Riley Kim,riley.kim633@example.com,SG,2023-11-14,Premium,12863.11
634,Taylor Smith,taylor.smith634@example.com,UK,2025-03-15,Standard,9550.83
635,Lucas Lopez,lucas.lopez635@example.com,FR,2022-08-15,Standard,13686.02
636,Neha Silva,neha.silva636@example.com,CA,2021-08-17,Basic,17412.04
637,Alex Singh,alex.singh637@example.com,JP,2024-04-13,Basic,6347.99
638,Jordan Patel,jordan.patel638@example.com,FR,2023-12-20,Standard,12229.19
639,Quinn Brown,quinn.brown639@example.com,CA,2022-12-29,Premium,5144.11
640,Neha Silva,neha.silva640@example.com,DE,2022-03-09,Basic,6781.26
641,Riley Brown,riley.brown641@example.com,FR,2020-02-13,Basic,219.1
642,Sam Smith,sam.smith642@example.com,BR,2021-02-04,Basic,2122.95
643,Sofia Brown,sofia.brown643@example.com,DE,2023-03-06,Standard,3901.94
644,Alex Chen,alex.chen644@example.com,IN,2020-08-20,Basic,13149.28
645,Morgan Chen,morgan.chen645@example.com,IN,2021-05-06,Premium,17135.99
646,Casey Nguyen,casey.nguyen646@example.com,SG,2022-01-26,Premium,13928.29
647,Quinn Singh,quinn.singh647@example.com,JP,2020-11-06,Basic,9096.2
648,Quinn Nguyen,quinn.nguyen648@example.com,AU,2022-11-20,Premium,15625.59
649,Quinn Smith,quinn.smith649@example.com,BR,2024-05-10,Standard,19919.37
650,Quinn Singh,quinn.singh650@example.com,UK,2024-12-09,Premium,9859.85
651,Morgan Chen,morgan.chen651@example.com,BR,2021-12-31,Basic,9866.54
652,Casey Müller,casey.müller652@example.com,BR,2022-06-13,Basic,12884.6
653,Sofia Lopez,sofia.lopez653@example.com,CA,2021-02-27,Premium,1504.74
654,Quinn Silva,quinn.silva654@example.com,US,2025-07-31,Premium,13074.66
655,Alex Smith,alex.smith655@example.com,BR,2022-12-27,Premium,14016.1
656,Neha Chen,neha.chen656@example.com,US,2025-10-12,Basic,18801.23
657,Lucas Silva,lucas.silva657@example.com,BR,2024-07-12,Basic,15629.69
658,Sam Müller,sam.müller658@example.com,DE,2020-01-14,Standard,19085.4
659,Lucas Patel,lucas.patel659@example.com,SG,2026-01-01,Standard,6702.12
660,Jamie Nguyen,jamie.nguyen660@example.com,US,2021-01-06,Standard,10715.79
661,Priya Patel,priya.patel661@example.com,JP,2023-04-02,Basic,4102.25
662,Jordan Nguyen,jordan.nguyen662@example.com,DE,2023-05-09,Basic,7832.59
663,Taylor Khan,taylor.khan663@example.com,AU,2025-06-15,Premium,17710.02
664,Sofia Lopez,sofia.lopez664@example.com,DE,2021-07-27,Premium,3902.2
665,Avery Silva,avery.silva665@example.com,BR,2020-09-15,Basic,12885.98
666,Lucas Müller,lucas.müller666@example.com,JP,2020-03-08,Premium,6818.74
667,Priya Lopez,priya.lopez667@example.com,US,2024-07-18,Premium,4272.98
668,Sofia Khan,sofia.khan668@example.com,FR,2021-09-02,Basic,11607.95
669,Sam Smith,sam.smith669@example.com,UK,2025-06-25,Basic,430.31
670,Jordan Kim,jordan.kim670@example.com,UK,2020-02-28,Premium,12671.6
671,Jamie Patel,jamie.patel671@example.com,JP,2021-11-30,Basic,1325.95
672,Taylor Patel,taylor.patel672@example.com,JP,2022-06-22,Premium,16098.85
673,Omar Brown,omar.brown673@example.com,BR,2023-08-21,Premium,19518.27
674,Casey Brown,casey.brown674@example.com,DE,2020-07-05,Basic,3510.28
675,Sam Patel,sam.patel675@example.com,CA,2021-08-01,Standard,3402.61
676,Arjun Müller,arjun.müller676@example.com,UK,2024-12-01,Premium,18517.23
677,Jordan Garcia,jordan.garcia677@example.com,IN,2024-03-20,Premium,361.83
678,Lucas Patel,lucas.patel678@example.com,US,2020-01-30,Premium,18526.43
679,Jamie Nguyen,jamie.nguyen679@example.com,JP,2021-06-03,Premium,2904.6
680,Quinn Müller,quinn.müller680@example.com,JP,2024-08-14,Premium,18764.89
681,Jordan Chen,jordan.chen681@example.com,UK,2025-08-09,Basic,19008.45
682,Jamie Brown,jamie.brown682@example.com,BR,2020-01-19,Basic,4751.0
683,Taylor Müller,taylor.müller683@example.com,IN,2024-01-22,Basic,10175.44
684,Sofia Khan,sofia.khan684@example.com,DE,2023-02-06,Premium,3914.69
685,Casey Khan,casey.khan685@example.com,JP,2025-07-30,Premium,3237.2
686,Jordan Smith,jordan.smith686@example.com,AU,2023-03-13,Premium,8721.7
687,Priya Chen,priya.chen687@example.com,JP,2020-06-26,Premium,14821.32
688,Riley Garcia,riley.garcia688@example.com,US,2025-06-09,Basic,2365.5
689,Avery Lopez,avery.lopez689@example.com,JP,2026-07-02,Standard,8410.37
690,Priya Kim,priya.kim690@example.com,IN,2023-08-28,Premium,2006.38
691,Omar Kim,omar.kim691@example.com,BR,2022-06-22,Premium,9446.26
692,Lucas Smith,lucas.smith692@example.com,BR,2021-08-16,Premium,18561.35
693,Sofia Garcia,sofia.garcia693@example.com,BR,2024-03-09,Premium,9181.92
694,Morgan Khan,morgan.khan694@example.com,AU,2023-01-09,Premium,6751.03
695,Jordan Lopez,jordan.lopez695@example.com,SG,2020-09-01,Standard,2773.2
696,Sofia Silva,sofia.silva696@example.com,BR,2021-12-02,Standard,4436.08
697,Jamie Chen,jamie.chen697@example.com,UK,2021-11-27,Basic,19404.21
698,Avery Patel,avery.patel698@example.com,BR,2025-11-07,Standard,17250.87
699,Morgan Chen,morgan.chen699@example.com,JP,2025-03-10,Standard,339.35
700,Omar Lopez,omar.lopez700@example.com,DE,2022-10-12,Standard,8713.26
701,Avery Chen,avery.chen701@example.com,UK,2026-06-07,Premium,8384.55
702,Jordan Smith,jordan.smith702@example.com,JP,2025-08-27,Premium,8542.67
703,Neha Silva,neha.silva703@example.com,IN,2025-01-27,Standard,4848.2
704,Alex Lopez,alex.lopez704@example.com,BR,2022-06-11,Premium,7200.19
705,Avery Khan,avery.khan705@example.com,IN,2020-03-06,Standard,13397.26
706,Riley Lopez,riley.lopez706@example.com,JP,2026-05-25,Basic,11694.02
707,Sofia Silva,sofia.silva707@example.com,UK,2024-07-18,Premium,15807.68
708,Arjun Khan,arjun.khan708@example.com,JP,2020-01-06,Basic,1460.44
709,Priya Müller,priya.müller709@example.com,US,2023-04-29,Standard,15070.12
710,Morgan Khan,morgan.khan710@example.com,IN,2023-10-07,Basic,18648.25
711,Arjun Smith,arjun.smith711@example.com,IN,2024-04-17,Standard,9333.79
712,Jordan Brown,jordan.brown712@example.com,AU,2021-12-18,Basic,11197.87
713,Sam Müller,sam.müller713@example.com,DE,2021-07-20,Standard,4810.72
714,Taylor Khan,taylor.khan714@example.com,JP,2026-07-04,Basic,4235.39
715,Avery Brown,avery.brown715@example.com,AU,2022-12-31,Basic,13620.52
716,Quinn Smith,quinn.smith716@example.com,IN,2024-03-07,Standard,9075.59
717,Taylor Silva,taylor.silva717@example.com,FR,2025-12-22,Standard,9066.97
718,Arjun Khan,arjun.khan718@example.com,IN,2022-02-10,Standard,1791.81
719,Neha Garcia,neha.garcia719@example.com,CA,2020-11-11,Premium,3337.09
720,Taylor Lopez,taylor.lopez720@example.com,UK,2025-07-25,Premium,17506.11
721,Alex Singh,alex.singh721@example.com,BR,2026-01-26,Premium,9504.4
722,Omar Silva,omar.silva722@example.com,US,2023-04-09,Premium,1305.84
723,Avery Müller,avery.müller723@example.com,AU,2024-08-13,Basic,6888.71
724,Priya Silva,priya.silva724@example.com,SG,2025-12-11,Basic,8932.86
725,Jamie Chen,jamie.chen725@example.com,UK,2023-06-09,Premium,15795.89
726,Avery Silva,avery.silva726@example.com,AU,2023-03-26,Premium,3009.35
727,Jamie Silva,jamie.silva727@example.com,UK,2021-10-20,Basic,10729.57
728,Riley Garcia,riley.garcia728@example.com,UK,2021-10-22,Premium,2382.5
729,Priya Chen,priya.chen729@example.com,UK,2024-12-10,Standard,7424.96
730,Morgan Müller,morgan.müller730@example.com,US,2023-07-22,Standard,3001.49
731,Sofia Müller,sofia.müller731@example.com,UK,2025-12-25,Standard,2473.73
732,Alex Nguyen,alex.nguyen732@example.com,JP,2021-08-18,Standard,18559.84
733,Casey Smith,casey.smith733@example.com,FR,2025-09-09,Standard,12962.52
734,Jamie Silva,jamie.silva734@example.com,CA,2026-06-07,Basic,2984.32
735,Sofia Brown,sofia.brown735@example.com,IN,2025-05-15,Premium,2831.49
736,Taylor Singh,taylor.singh736@example.com,US,2024-07-03,Basic,16825.49
737,Sofia Brown,sofia.brown737@example.com,IN,2023-08-29,Premium,12182.62
738,Morgan Chen,morgan.chen738@example.com,FR,2022-06-28,Standard,3954.53
739,Sam Müller,sam.müller739@example.com,JP,2020-12-23,Basic,7918.75
740,Lucas Brown,lucas.brown740@example.com,SG,2025-09-26,Premium,18173.52
741,Arjun Nguyen,arjun.nguyen741@example.com,UK,2024-10-17,Standard,7752.95
742,Alex Singh,alex.singh742@example.com,AU,2023-12-10,Standard,19551.6
743,Sam Kim,sam.kim743@example.com,JP,2024-08-29,Standard,5808.25
744,Omar Lopez,omar.lopez744@example.com,BR,2021-07-25,Basic,11978.82
745,Casey Kim,casey.kim745@example.com,CA,2025-04-28,Basic,19733.44
746,Sam Chen,sam.chen746@example.com,BR,2020-12-28,Premium,8218.74
747,Quinn Nguyen,quinn.nguyen747@example.com,UK,2026-03-26,Standard,14219.43
748,Casey Kim,casey.kim748@example.com,UK,2024-04-12,Standard,11099.65
749,Jordan Singh,jordan.singh749@example.com,SG,2023-05-29,Standard,11207.66
750,Sofia Kim,sofia.kim750@example.com,US,2020-01-11,Premium,5290.41
751,Lucas Patel,lucas.patel751@example.com,CA,2024-09-04,Premium,9863.14
752,Avery Smith,avery.smith752@example.com,IN,2023-02-09,Standard,19886.94
753,Sam Chen,sam.chen753@example.com,AU,2026-07-08,Standard,11333.21
754,Quinn Khan,quinn.khan754@example.com,JP,2021-05-04,Standard,10274.89
755,Alex Singh,alex.singh755@example.com,UK,2026-07-10,Premium,2965.44
756,Sofia Lopez,sofia.lopez756@example.com,UK,2024-01-03,Premium,1105.12
757,Arjun Nguyen,arjun.nguyen757@example.com,AU,2020-07-18,Standard,5868.7
758,Sam Müller,sam.müller758@example.com,DE,2022-01-20,Premium,11995.31
759,Riley Müller,riley.müller759@example.com,AU,2023-07-19,Basic,16007.55
760,Quinn Khan,quinn.khan760@example.com,AU,2021-01-27,Basic,11621.93
761,Casey Smith,casey.smith761@example.com,UK,2025-10-23,Standard,7491.63
762,Lucas Nguyen,lucas.nguyen762@example.com,AU,2021-10-29,Premium,4396.63
763,Avery Kim,avery.kim763@example.com,FR,2025-11-23,Basic,14265.32
764,Taylor Nguyen,taylor.nguyen764@example.com,JP,2020-11-08,Premium,16385.95
765,Alex Silva,alex.silva765@example.com,AU,2023-06-30,Basic,7283.24
766,Sofia Chen,sofia.chen766@example.com,FR,2023-11-02,Premium,14212.4
767,Alex Lopez,alex.lopez767@example.com,IN,2022-06-29,Premium,17143.46
768,Casey Lopez,casey.lopez768@example.com,DE,2023-06-13,Premium,4236.33
769,Sam Nguyen,sam.nguyen769@example.com,IN,2020-11-14,Premium,15505.11
770,Omar Smith,omar.smith770@example.com,DE,2021-03-17,Premium,15871.45
771,Jordan Silva,jordan.silva771@example.com,IN,2022-11-02,Premium,1371.63
772,Alex Patel,alex.patel772@example.com,IN,2022-04-21,Basic,18028.44
773,Riley Khan,riley.khan773@example.com,AU,2020-04-29,Premium,2953.86
774,Quinn Chen,quinn.chen774@example.com,AU,2023-12-13,Premium,17110.0
775,Avery Müller,avery.müller775@example.com,SG,2020-10-06,Premium,16400.75
776,Alex Müller,alex.müller776@example.com,DE,2022-02-23,Standard,3476.88
777,Alex Lopez,alex.lopez777@example.com,IN,2022-05-26,Basic,17033.37
778,Lucas Brown,lucas.brown778@example.com,SG,2022-01-28,Standard,13486.84
779,Taylor Garcia,taylor.garcia779@example.com,AU,2024-04-03,Standard,4324.77
780,Avery Nguyen,avery.nguyen780@example.com,IN,2023-07-11,Premium,9344.74
781,Casey Silva,casey.silva781@example.com,AU,2023-03-26,Basic,14456.62
782,Sam Brown,sam.brown782@example.com,JP,2021-04-18,Standard,5708.05
783,Jamie Khan,jamie.khan783@example.com,JP,2022-07-14,Basic,8175.28
784,Omar Kim,omar.kim784@example.com,IN,2025-05-02,Basic,7380.46
785,Alex Khan,alex.khan785@example.com,JP,2021-03-06,Standard,8789.26
786,Sam Patel,sam.patel786@example.com,UK,2024-06-05,Standard,13915.99
787,Taylor Lopez,taylor.lopez787@example.com,UK,2020-09-22,Standard,19505.39
788,Priya Kim,priya.kim788@example.com,SG,2024-07-13,Premium,4695.75
789,Omar Lopez,omar.lopez789@example.com,JP,2023-02-14,Basic,15331.14
790,Quinn Khan,quinn.khan790@example.com,BR,2023-12-29,Standard,13350.21
791,Neha Silva,neha.silva791@example.com,FR,2023-02-16,Premium,15371.59
792,Taylor Patel,taylor.patel792@example.com,CA,2025-06-27,Standard,4654.89
793,Casey Smith,casey.smith793@example.com,IN,2020-08-04,Premium,9987.79
794,Alex Garcia,alex.garcia794@example.com,BR,2023-09-01,Premium,6089.91
795,Taylor Patel,taylor.patel795@example.com,FR,2025-07-09,Standard,4078.54
796,Lucas Silva,lucas.silva796@example.com,FR,2022-12-07,Basic,6905.13
797,Alex Smith,alex.smith797@example.com,BR,2021-05-02,Standard,9029.8
798,Neha Silva,neha.silva798@example.com,JP,2020-05-27,Premium,3578.54
799,Jamie Lopez,jamie.lopez799@example.com,UK,2025-07-06,Standard,2733.04
800,Neha Silva,neha.silva800@example.com,IN,2026-05-19,Basic,9836.55
801,Lucas Silva,lucas.silva801@example.com,FR,2021-10-02,Basic,1161.96
802,Quinn Silva,quinn.silva802@example.com,SG,2024-03-27,Basic,13545.93
803,Jamie Brown,jamie.brown803@example.com,US,2020-04-25,Basic,950.11
804,Arjun Brown,arjun.brown804@example.com,SG,2020-04-20,Basic,6858.07
805,Taylor Nguyen,taylor.nguyen805@example.com,AU,2024-01-03,Standard,7057.82
806,Avery Kim,avery.kim806@example.com,DE,2023-07-02,Basic,1744.59
807,Sam Singh,sam.singh807@example.com,IN,2023-10-14,Premium,443.25
808,Priya Smith,priya.smith808@example.com,JP,2024-09-26,Basic,10319.46
809,Omar Singh,omar.singh809@example.com,US,2025-04-07,Basic,493.62
810,Priya Nguyen,priya.nguyen810@example.com,SG,2024-05-17,Standard,11472.15
811,Lucas Patel,lucas.patel811@example.com,DE,2023-10-08,Standard,10080.23
812,Priya Garcia,priya.garcia812@example.com,SG,2023-05-11,Standard,19390.08
813,Morgan Silva,morgan.silva813@example.com,IN,2026-01-03,Premium,5782.74
814,Jordan Singh,jordan.singh814@example.com,SG,2024-07-04,Premium,12510.22
815,Sam Lopez,sam.lopez815@example.com,SG,2021-01-23,Basic,6769.92
816,Sam Chen,sam.chen816@example.com,FR,2025-04-30,Standard,4234.3
817,Sam Khan,sam.khan817@example.com,CA,2025-08-29,Standard,8686.56
818,Priya Kim,priya.kim818@example.com,BR,2024-07-05,Standard,12518.03
819,Sofia Khan,sofia.khan819@example.com,FR,2022-01-09,Premium,12575.49
820,Riley Chen,riley.chen820@example.com,JP,2022-05-22,Basic,19244.24
821,Sofia Singh,sofia.singh821@example.com,FR,2024-11-11,Basic,14545.97
822,Jordan Müller,jordan.müller822@example.com,DE,2024-02-01,Standard,2997.49
823,Casey Lopez,casey.lopez823@example.com,CA,2024-11-18,Standard,6407.13
824,Sam Khan,sam.khan824@example.com,DE,2024-08-16,Standard,16483.03
825,Riley Singh,riley.singh825@example.com,SG,2022-08-25,Standard,4807.74
826,Casey Kim,casey.kim826@example.com,US,2022-10-02,Standard,9309.99
827,Omar Nguyen,omar.nguyen827@example.com,US,2022-04-07,Premium,5490.6
828,Alex Singh,alex.singh828@example.com,CA,2026-03-05,Premium,12903.66
829,Jordan Lopez,jordan.lopez829@example.com,JP,2020-03-22,Premium,17198.7
830,Sam Brown,sam.brown830@example.com,SG,2023-05-05,Premium,18016.47
831,Omar Brown,omar.brown831@example.com,IN,2024-06-13,Basic,16862.87
832,Avery Patel,avery.patel832@example.com,SG,2025-08-11,Premium,10463.05
833,Quinn Silva,quinn.silva833@example.com,IN,2022-09-02,Basic,2489.42
834,Priya Brown,priya.brown834@example.com,SG,2024-05-16,Basic,14891.98
835,Omar Kim,omar.kim835@example.com,UK,2021-03-13,Premium,4321.47
836,Quinn Silva,quinn.silva836@example.com,BR,2022-11-07,Basic,1165.71
837,Arjun Lopez,arjun.lopez837@example.com,IN,2023-07-20,Basic,8504.44
838,Avery Singh,avery.singh838@example.com,UK,2024-01-26,Standard,14327.64
839,Jamie Smith,jamie.smith839@example.com,SG,2020-05-22,Basic,13261.36
840,Jordan Lopez,jordan.lopez840@example.com,DE,2022-11-02,Basic,7724.57
841,Arjun Khan,arjun.khan841@example.com,IN,2025-12-30,Premium,17160.06
842,Neha Smith,neha.smith842@example.com,BR,2022-11-12,Standard,1850.49
843,Avery Singh,avery.singh843@example.com,DE,2021-10-18,Standard,12645.49
844,Omar Smith,omar.smith844@example.com,CA,2020-11-24,Standard,9448.27
845,Omar Brown,omar.brown845@example.com,BR,2021-02-15,Premium,13984.72
846,Sam Brown,sam.brown846@example.com,BR,2026-02-21,Basic,6569.03
847,Alex Smith,alex.smith847@example.com,UK,2024-12-21,Basic,2765.04
848,Neha Kim,neha.kim848@example.com,CA,2023-07-09,Basic,1690.53
849,Riley Kim,,FR,2021-06-16,Basic,13730.78
850,Priya Silva,priya.silva850@example.com,JP,2021-06-30,Standard,3510.91
851,Priya Singh,priya.singh851@example.com,DE,2020-12-11,Standard,7383.61
852,Neha Nguyen,neha.nguyen852@example.com,SG,2022-07-08,Premium,18964.78
853,Avery Patel,avery.patel853@example.com,JP,2022-03-23,Standard,14040.16
854,Riley Smith,riley.smith854@example.com,BR,2024-10-22,Basic,5240.15
855,Sam Brown,sam.brown855@example.com,UK,2026-05-12,Premium,331.59
856,Omar Silva,omar.silva856@example.com,JP,2021-04-30,Premium,14285.6
857,Morgan Singh,morgan.singh857@example.com,CA,2025-07-17,Standard,2647.48
858,Morgan Chen,morgan.chen858@example.com,DE,2023-03-05,Basic,13559.91
859,Omar Garcia,omar.garcia859@example.com,BR,2021-08-20,Premium,5839.35
860,Quinn Kim,quinn.kim860@example.com,SG,2025-01-21,Premium,7424.27
861,Sofia Patel,sofia.patel861@example.com,US,2025-04-04,Premium,17435.3
862,Neha Khan,neha.khan862@example.com,DE,2024-04-19,Basic,8494.65
863,Quinn Patel,quinn.patel863@example.com,IN,2026-03-31,Premium,1089.65
864,Avery Silva,avery.silva864@example.com,AU,2020-07-05,Premium,5110.45
865,Neha Singh,neha.singh865@example.com,BR,2024-02-28,Premium,19362.75
866,Jordan Chen,jordan.chen866@example.com,UK,2022-12-02,Premium,10099.75
867,Priya Silva,priya.silva867@example.com,UK,2021-01-02,Standard,14219.6
868,Omar Garcia,omar.garcia868@example.com,CA,2021-04-23,Standard,931.04
869,Casey Silva,casey.silva869@example.com,CA,2024-01-16,Standard,5694.36
870,Quinn Chen,quinn.chen870@example.com,CA,2025-10-18,Standard,8743.72
871,Riley Brown,riley.brown871@example.com,JP,2021-09-11,Basic,17068.02
872,Sofia Smith,sofia.smith872@example.com,DE,2021-08-31,Premium,4635.72
873,Jordan Silva,jordan.silva873@example.com,CA,2021-10-31,Basic,9369.3
874,Taylor Silva,taylor.silva874@example.com,US,2024-12-13,Standard,19776.93
875,Lucas Silva,lucas.silva875@example.com,JP,2021-04-05,Basic,17344.24
876,Taylor Brown,taylor.brown876@example.com,IN,2022-04-14,Standard,3654.07
877,Riley Lopez,riley.lopez877@example.com,FR,2023-01-22,Basic,17823.35
878,Morgan Chen,morgan.chen878@example.com,US,2025-11-24,Basic,3652.35
879,Sam Kim,sam.kim879@example.com,JP,2021-01-21,Standard,567.95
880,Taylor Nguyen,taylor.nguyen880@example.com,AU,2021-03-10,Standard,3117.82
881,Sam Silva,sam.silva881@example.com,JP,2025-02-02,Basic,19106.27
882,Alex Brown,alex.brown882@example.com,US,2025-01-29,Standard,18951.0
883,Casey Kim,casey.kim883@example.com,US,2023-03-04,Standard,15973.03
884,Sam Müller,sam.müller884@example.com,SG,2024-04-11,Premium,8007.23
885,Riley Kim,riley.kim885@example.com,BR,2020-12-31,Premium,17054.3
886,Riley Nguyen,riley.nguyen886@example.com,BR,2023-03-13,Basic,15063.54
887,Casey Patel,casey.patel887@example.com,CA,2025-07-03,Standard,14730.99
888,Jamie Khan,jamie.khan888@example.com,SG,2021-06-21,Standard,13327.13
889,Arjun Müller,arjun.müller889@example.com,DE,2025-06-28,Standard,17713.99
890,Lucas Singh,lucas.singh890@example.com,SG,2024-09-28,Premium,15141.99
891,Arjun Chen,arjun.chen891@example.com,UK,2024-11-13,Basic,8549.04
892,Jordan Müller,jordan.müller892@example.com,AU,2025-03-13,Basic,4523.39
893,Casey Silva,casey.silva893@example.com,FR,2025-11-19,Premium,5849.53
894,Omar Patel,omar.patel894@example.com,JP,2023-05-15,Premium,19684.52
895,Jamie Kim,jamie.kim895@example.com,FR,2024-10-17,Standard,11392.29
896,Sam Smith,sam.smith896@example.com,FR,2021-03-16,Basic,8527.02
897,Taylor Silva,taylor.silva897@example.com,SG,2022-11-03,Standard,5134.46
898,Sam Müller,sam.müller898@example.com,US,2021-04-11,Basic,13248.49
899,Riley Garcia,riley.garcia899@example.com,BR,2020-07-04,Premium,8354.22
900,Jamie Brown,jamie.brown900@example.com,SG,2025-02-06,Basic,9026.46
901,Quinn Brown,quinn.brown901@example.com,UK,2022-05-14,Premium,1610.5
902,Quinn Khan,quinn.khan902@example.com,IN,2024-11-11,Basic,407.41
903,Neha Patel,neha.patel903@example.com,US,2021-12-04,Basic,9568.54
904,Neha Khan,neha.khan904@example.com,SG,2025-06-16,Standard,12389.06
905,Arjun Lopez,arjun.lopez905@example.com,BR,2023-05-24,Premium,2545.54
906,Alex Kim,alex.kim906@example.com,IN,2020-03-06,Basic,19411.88
907,Alex Kim,alex.kim907@example.com,JP,2021-08-17,Basic,4873.52
908,Morgan Patel,morgan.patel908@example.com,CA,2025-03-13,Premium,9506.08
909,Alex Patel,alex.patel909@example.com,UK,2021-09-16,Basic,14066.83
910,Lucas Silva,lucas.silva910@example.com,US,2025-01-15,Basic,4890.46
911,Jamie Chen,jamie.chen911@example.com,BR,2020-07-27,Standard,207.09
912,Omar Nguyen,omar.nguyen912@example.com,JP,2026-06-28,Basic,14635.02
913,Jamie Smith,jamie.smith913@example.com,JP,2024-06-25,Standard,10291.45
914,Lucas Kim,lucas.kim914@example.com,US,2025-12-03,Premium,8468.99
915,Priya Müller,priya.müller915@example.com,IN,2023-01-02,Basic,8371.89
916,Lucas Patel,lucas.patel916@example.com,JP,2023-11-21,Standard,13965.41
917,Alex Garcia,alex.garcia917@example.com,CA,2022-02-26,Standard,6909.76
918,Avery Müller,avery.müller918@example.com,DE,2023-10-21,Basic,17076.4
919,Sofia Garcia,sofia.garcia919@example.com,CA,2024-05-17,Standard,16669.96
920,Arjun Silva,arjun.silva920@example.com,UK,2022-04-28,Standard,13829.42
921,Sam Khan,sam.khan921@example.com,JP,2021-06-12,Premium,4029.71
922,Lucas Patel,lucas.patel922@example.com,BR,2025-07-15,Standard,4732.64
923,Jordan Smith,jordan.smith923@example.com,AU,2022-12-04,Standard,13554.71
924,Riley Müller,riley.müller924@example.com,US,2020-09-17,Standard,8640.88
925,Avery Patel,avery.patel925@example.com,FR,2022-07-06,Standard,5193.55
926,Priya Brown,priya.brown926@example.com,US,2026-03-31,Standard,17931.54
927,Taylor Lopez,taylor.lopez927@example.com,US,2024-11-28,Standard,19254.81
928,Taylor Patel,taylor.patel928@example.com,SG,2021-02-21,Basic,887.29
929,Taylor Garcia,taylor.garcia929@example.com,IN,2022-04-21,Standard,3182.8
930,Jamie Lopez,jamie.lopez930@example.com,JP,2025-09-03,Standard,14664.41
931,Taylor Garcia,taylor.garcia931@example.com,AU,2023-10-02,Premium,2503.52
932,Morgan Silva,morgan.silva932@example.com,BR,2020-01-27,Premium,16704.53
933,Lucas Brown,lucas.brown933@example.com,CA,2025-08-30,Premium,1750.42
934,Arjun Lopez,arjun.lopez934@example.com,BR,2024-01-17,Basic,13316.66
935,Casey Müller,casey.müller935@example.com,BR,2022-07-23,Premium,16045.29
936,Omar Nguyen,omar.nguyen936@example.com,JP,2025-10-15,Basic,7267.4
937,Alex Silva,alex.silva937@example.com,UK,2020-02-10,Basic,16134.62
938,Sam Patel,sam.patel938@example.com,AU,2023-07-13,Standard,19639.8
939,Riley Nguyen,riley.nguyen939@example.com,US,2024-05-29,Premium,13220.51
940,Casey Chen,casey.chen940@example.com,US,2025-10-30,Standard,8415.14
941,Jamie Lopez,jamie.lopez941@example.com,AU,2023-11-10,Premium,16548.72
942,Casey Lopez,casey.lopez942@example.com,BR,2025-01-01,Basic,4142.41
943,Sofia Lopez,sofia.lopez943@example.com,AU,2024-07-14,Premium,17625.44
944,Sam Smith,sam.smith944@example.com,FR,2023-10-02,Standard,14515.72
945,Casey Müller,casey.müller945@example.com,FR,2023-03-08,Premium,1901.75
946,Jamie Müller,jamie.müller946@example.com,AU,2021-10-17,Premium,606.43
947,Quinn Kim,quinn.kim947@example.com,CA,2024-09-27,Basic,2253.32
948,Jordan Brown,jordan.brown948@example.com,CA,2025-09-09,Standard,2520.07
949,Taylor Silva,taylor.silva949@example.com,CA,2026-06-02,Basic,154.01
950,Priya Kim,priya.kim950@example.com,SG,2026-05-05,Basic,17892.06
951,Avery Brown,avery.brown951@example.com,CA,2023-03-11,Basic,15706.55
952,Casey Lopez,casey.lopez952@example.com,BR,2025-10-29,Basic,4990.28
953,Priya Müller,priya.müller953@example.com,SG,2022-02-27,Standard,9113.48
954,Casey Lopez,casey.lopez954@example.com,BR,2024-08-14,Premium,1890.36
955,Omar Garcia,omar.garcia955@example.com,JP,2022-05-29,Standard,1607.55
956,Neha Chen,neha.chen956@example.com,FR,2025-10-26,Standard,17446.7
957,Lucas Khan,lucas.khan957@example.com,BR,2024-12-07,Basic,18624.16
958,Lucas Lopez,lucas.lopez958@example.com,BR,2021-10-29,Premium,10140.43
959,Lucas Lopez,lucas.lopez959@example.com,JP,2021-06-13,Basic,10288.05
960,Taylor Lopez,taylor.lopez960@example.com,DE,2025-02-08,Standard,700.52
961,Riley Müller,riley.müller961@example.com,AU,2021-05-01,Basic,17053.74
962,Taylor Patel,taylor.patel962@example.com,AU,2026-05-30,Standard,853.63
963,Casey Patel,casey.patel963@example.com,AU,2023-06-02,Standard,6100.04
964,Lucas Smith,lucas.smith964@example.com,UK,2021-08-05,Basic,8464.05
965,Jamie Singh,jamie.singh965@example.com,DE,2022-01-19,Basic,9801.43
966,Taylor Müller,taylor.müller966@example.com,AU,2020-10-03,Premium,8380.62
967,Jamie Chen,jamie.chen967@example.com,JP,2023-10-15,Standard,9530.79
968,Casey Garcia,casey.garcia968@example.com,FR,2025-03-02,Standard,13361.05
969,Casey Lopez,casey.lopez969@example.com,AU,2020-12-31,Basic,13306.82
970,Omar Nguyen,omar.nguyen970@example.com,DE,2024-06-07,Standard,10842.84
971,Sofia Lopez,sofia.lopez971@example.com,CA,2020-12-28,Premium,14158.81
972,Jamie Müller,jamie.müller972@example.com,IN,2026-04-10,Premium,3888.91
973,Jordan Chen,jordan.chen973@example.com,FR,2022-02-14,Standard,10077.64
974,Alex Patel,alex.patel974@example.com,FR,2022-01-06,Premium,5535.5
975,Morgan Kim,morgan.kim975@example.com,SG,2024-12-24,Premium,16148.07
976,Priya Nguyen,priya.nguyen976@example.com,SG,2020-07-03,Standard,17246.39
977,Alex Brown,alex.brown977@example.com,BR,2022-01-09,Standard,529.94
978,Priya Nguyen,priya.nguyen978@example.com,CA,2021-01-07,Premium,19596.73
979,Riley Singh,riley.singh979@example.com,UK,2022-01-18,Standard,15377.68
980,Casey Singh,casey.singh980@example.com,BR,2021-11-24,Premium,12308.78
981,Priya Garcia,priya.garcia981@example.com,US,2020-08-27,Standard,7829.3
982,Priya Garcia,priya.garcia982@example.com,BR,2023-08-20,Standard,7541.49
983,Taylor Smith,taylor.smith983@example.com,DE,2022-09-08,Basic,11741.28
984,Lucas Müller,lucas.müller984@example.com,FR,2024-04-26,Premium,5422.29
985,Priya Silva,priya.silva985@example.com,FR,2024-07-25,Premium,9709.22
986,Omar Khan,omar.khan986@example.com,DE,2020-03-17,Standard,11103.8
987,Taylor Kim,taylor.kim987@example.com,FR,2021-05-29,Standard,11386.5
988,Sofia Patel,sofia.patel988@example.com,FR,2022-04-13,Premium,7497.44
989,Riley Kim,riley.kim989@example.com,FR,2024-10-01,Basic,9062.25
990,Alex Silva,alex.silva990@example.com,SG,2023-03-30,Basic,19443.03
991,Alex Smith,alex.smith991@example.com,JP,2023-01-24,Basic,5055.23
992,Neha Brown,neha.brown992@example.com,DE,2026-07-24,Basic,5662.16
993,Riley Lopez,riley.lopez993@example.com,FR,2026-04-25,Premium,6047.74
994,Neha Lopez,neha.lopez994@example.com,IN,2021-07-26,Basic,11151.76
995,Quinn Nguyen,quinn.nguyen995@example.com,DE,2025-08-29,Standard,17684.44
996,Priya Khan,priya.khan996@example.com,CA,2025-01-28,Standard,4956.27
997,Priya Brown,priya.brown997@example.com,DE,2025-02-26,Basic,6602.72
998,Casey Khan,casey.khan998@example.com,US,2025-05-05,Premium,18033.83
999,Riley Nguyen,riley.nguyen999@example.com,FR,2025-06-25,Standard,10785.72
1000,Sam Müller,sam.müller1000@example.com,US,2024-12-28,Basic,2512.14
1001,Neha Chen,neha.chen1001@example.com,AU,2024-05-03,Premium,16790.96
1002,Alex Patel,alex.patel1002@example.com,JP,2024-02-26,Premium,8919.32
1003,Avery Lopez,avery.lopez1003@example.com,US,2023-02-25,Basic,18431.9
1004,Arjun Kim,arjun.kim1004@example.com,IN,2023-05-26,Basic,4461.9
1005,Lucas Brown,lucas.brown1005@example.com,US,2023-02-23,Standard,18094.93
1006,Morgan Smith,morgan.smith1006@example.com,DE,2024-06-10,Premium,17404.83
1007,Lucas Garcia,lucas.garcia1007@example.com,FR,2022-03-04,Basic,14789.36
1008,Riley Patel,riley.patel1008@example.com,SG,2021-06-09,Basic,1347.73
1009,Quinn Chen,,DE,2025-11-12,Basic,15655.94
1010,Morgan Khan,morgan.khan1010@example.com,US,2025-12-22,Basic,5095.78
1011,Sofia Smith,sofia.smith1011@example.com,BR,2020-07-31,Standard,8679.34
1012,Omar Singh,omar.singh1012@example.com,IN,2025-10-23,Standard,9936.72
1013,Jordan Lopez,jordan.lopez1013@example.com,DE,2020-07-11,Standard,18371.91
1014,Sofia Brown,sofia.brown1014@example.com,US,2024-05-24,Premium,6727.38
1015,Alex Lopez,alex.lopez1015@example.com,DE,2024-10-01,Premium,18344.05
1016,Morgan Garcia,morgan.garcia1016@example.com,AU,2023-06-27,Premium,12538.59
1017,Taylor Smith,taylor.smith1017@example.com,JP,2024-11-04,Premium,11870.99
1018,Priya Singh,priya.singh1018@example.com,DE,2021-03-17,Standard,4805.27
1019,Priya Smith,priya.smith1019@example.com,AU,2025-10-29,Premium,18873.77
1020,Sofia Patel,sofia.patel1020@example.com,JP,2026-06-29,Premium,1756.42
1021,Jordan Smith,jordan.smith1021@example.com,BR,2023-07-07,Basic,1347.31
1022,Casey Smith,casey.smith1022@example.com,JP,2020-08-12,Standard,12234.24
1023,Omar Patel,omar.patel1023@example.com,IN,2020-08-16,Basic,1091.45
1024,Neha Nguyen,neha.nguyen1024@example.com,IN,2024-08-10,Premium,17298.43
1025,Alex Silva,alex.silva1025@example.com,BR,2025-03-16,Standard,17604.77
1026,Taylor Brown,taylor.brown1026@example.com,US,2025-02-02,Basic,6597.46
1027,Morgan Patel,morgan.patel1027@example.com,IN,2020-02-20,Basic,14280.32
1028,Morgan Chen,morgan.chen1028@example.com,UK,2025-09-15,Standard,7140.05
1029,Lucas Lopez,lucas.lopez1029@example.com,SG,2024-12-26,Premium,4900.89
1030,Jordan Smith,jordan.smith1030@example.com,UK,2023-06-30,Basic,8745.17
1031,Arjun Singh,arjun.singh1031@example.com,SG,2026-01-25,Premium,2990.81
1032,Jamie Chen,jamie.chen1032@example.com,AU,2023-04-07,Standard,19406.91
1033,Casey Smith,casey.smith1033@example.com,DE,2025-09-08,Basic,17181.11
1034,Omar Brown,omar.brown1034@example.com,DE,2022-03-31,Basic,18174.58
1035,Sam Brown,sam.brown1035@example.com,DE,2025-05-02,Basic,13852.23
1036,Sofia Chen,sofia.chen1036@example.com,AU,2026-06-27,Basic,19263.14
1037,Jamie Nguyen,jamie.nguyen1037@example.com,AU,2021-10-26,Premium,9113.33
1038,Jordan Silva,jordan.silva1038@example.com,DE,2020-01-16,Basic,4499.35
1039,Avery Silva,avery.silva1039@example.com,SG,2022-05-23,Premium,9640.89
1040,Priya Lopez,priya.lopez1040@example.com,BR,2022-04-20,Standard,3725.68
1041,Alex Brown,alex.brown1041@example.com,US,2020-10-29,Standard,648.85
1042,Taylor Garcia,taylor.garcia1042@example.com,CA,2024-12-08,Premium,12645.12
1043,Arjun Smith,arjun.smith1043@example.com,US,2022-03-26,Premium,5717.81
1044,Avery Singh,avery.singh1044@example.com,UK,2023-10-23,Basic,4956.99
1045,Morgan Smith,morgan.smith1045@example.com,UK,2022-12-08,Premium,468.83
1046,Casey Nguyen,casey.nguyen1046@example.com,IN,2023-10-18,Premium,6136.19
1047,Avery Brown,avery.brown1047@example.com,AU,2021-12-02,Basic,19543.18
1048,Omar Lopez,omar.lopez1048@example.com,IN,2021-04-30,Premium,17660.33
1049,Casey Kim,casey.kim1049@example.com,DE,2025-12-21,Standard,13902.36
1050,Priya Chen,priya.chen1050@example.com,BR,2022-09-28,Premium,15273.49
1051,Morgan Müller,morgan.müller1051@example.com,CA,2021-08-31,Standard,4981.07
1052,Quinn Garcia,quinn.garcia1052@example.com,FR,2026-07-20,Standard,4224.29
1053,Sam Silva,sam.silva1053@example.com,SG,2020-09-22,Premium,10196.85
1054,Arjun Silva,arjun.silva1054@example.com,FR,2025-03-16,Premium,6470.37
1055,Arjun Müller,arjun.müller1055@example.com,JP,2025-07-19,Standard,5403.29
1056,Neha Khan,neha.khan1056@example.com,SG,2020-05-29,Premium,4429.55
1057,Morgan Silva,morgan.silva1057@example.com,DE,2024-06-09,Premium,6154.68
1058,Neha Chen,neha.chen1058@example.com,UK,2024-03-12,Standard,11033.51
1059,Casey Patel,casey.patel1059@example.com,CA,2024-12-25,Basic,7063.92
1060,Jordan Silva,jordan.silva1060@example.com,FR,2023-10-09,Standard,9050.47
1061,Omar Nguyen,omar.nguyen1061@example.com,AU,2025-07-30,Standard,5496.74
1062,Alex Garcia,alex.garcia1062@example.com,JP,2022-08-15,Standard,12924.83
1063,Arjun Patel,arjun.patel1063@example.com,CA,2025-08-17,Basic,10955.71
1064,Sam Singh,sam.singh1064@example.com,DE,2021-02-07,Premium,1473.41
1065,Jordan Müller,jordan.müller1065@example.com,DE,2023-09-29,Premium,13518.39
1066,Quinn Singh,quinn.singh1066@example.com,CA,2022-02-19,Basic,12100.48
1067,Casey Lopez,casey.lopez1067@example.com,FR,2022-12-05,Premium,15413.02
1068,Jamie Brown,jamie.brown1068@example.com,BR,2024-07-19,Basic,15168.23
1069,Alex Silva,alex.silva1069@example.com,FR,2021-09-03,Standard,4590.19
1070,Morgan Silva,morgan.silva1070@example.com,DE,2025-10-13,Basic,15730.19
1071,Sofia Lopez,sofia.lopez1071@example.com,JP,2023-10-27,Premium,6295.84
1072,Morgan Nguyen,morgan.nguyen1072@example.com,BR,2022-05-08,Standard,9026.94
1073,Alex Brown,alex.brown1073@example.com,UK,2026-06-23,Premium,6146.16
1074,Alex Silva,alex.silva1074@example.com,AU,2023-10-23,Premium,8411.99
1075,Neha Lopez,neha.lopez1075@example.com,FR,2023-05-12,Standard,11759.75
1076,Jordan Garcia,jordan.garcia1076@example.com,UK,2023-09-14,Basic,12615.29
1077,Neha Nguyen,neha.nguyen1077@example.com,DE,2024-05-19,Premium,10713.09
1078,Morgan Silva,morgan.silva1078@example.com,IN,2023-09-08,Basic,19240.67
1079,Jamie Patel,jamie.patel1079@example.com,UK,2021-03-03,Basic,11080.49
1080,Jordan Lopez,jordan.lopez1080@example.com,SG,2025-06-24,Premium,3774.51
1081,Sam Nguyen,sam.nguyen1081@example.com,CA,2022-04-23,Premium,5857.56
1082,Sam Silva,sam.silva1082@example.com,US,2024-02-18,Basic,270.39
1083,Priya Nguyen,priya.nguyen1083@example.com,BR,2021-10-05,Premium,2626.3
1084,Omar Silva,omar.silva1084@example.com,IN,2024-05-12,Premium,2642.15
1085,Morgan Singh,morgan.singh1085@example.com,BR,2025-04-28,Premium,12094.0
1086,Jamie Chen,jamie.chen1086@example.com,DE,2025-08-20,Basic,13712.48
1087,Quinn Kim,quinn.kim1087@example.com,US,2021-08-07,Standard,1326.2
1088,Neha Chen,neha.chen1088@example.com,DE,2025-11-23,Standard,18210.54
1089,Lucas Silva,lucas.silva1089@example.com,JP,2026-06-17,Premium,14758.95
1090,Jamie Khan,jamie.khan1090@example.com,JP,2023-11-21,Basic,16860.66
1091,Jamie Nguyen,jamie.nguyen1091@example.com,SG,2021-12-18,Standard,5020.24
1092,Omar Silva,omar.silva1092@example.com,BR,2022-01-21,Basic,11393.87
1093,Neha Lopez,neha.lopez1093@example.com,US,2022-09-08,Premium,5511.84
1094,Jamie Khan,jamie.khan1094@example.com,IN,2022-06-08,Standard,8255.0
1095,Taylor Brown,taylor.brown1095@example.com,IN,2021-03-06,Basic,15342.45
1096,Priya Nguyen,priya.nguyen1096@example.com,JP,2021-11-06,Standard,4187.07
1097,Jordan Silva,jordan.silva1097@example.com,US,2020-10-26,Basic,13904.99
1098,Sofia Nguyen,sofia.nguyen1098@example.com,AU,2024-06-23,Premium,7963.65
1099,Alex Singh,alex.singh1099@example.com,IN,2021-07-13,Standard,13422.4
1100,Sofia Silva,sofia.silva1100@example.com,JP,2020-10-06,Premium,10991.15
1101,Avery Lopez,avery.lopez1101@example.com,JP,2021-07-28,Standard,16417.51
1102,Riley Garcia,riley.garcia1102@example.com,US,2021-02-15,Premium,5918.19
1103,Neha Garcia,neha.garcia1103@example.com,IN,2020-02-15,Basic,5501.38
1104,Sofia Brown,sofia.brown1104@example.com,UK,2022-06-06,Basic,737.17
1105,Morgan Silva,morgan.silva1105@example.com,US,2025-11-11,Basic,13267.67
1106,Taylor Nguyen,taylor.nguyen1106@example.com,CA,2024-12-23,Premium,11984.2
1107,Jordan Nguyen,jordan.nguyen1107@example.com,DE,2022-10-19,Standard,18179.69
1108,Morgan Patel,morgan.patel1108@example.com,US,2024-09-23,Premium,19786.35
1109,Priya Kim,priya.kim1109@example.com,IN,2022-06-22,Premium,15948.64
1110,Riley Lopez,riley.lopez1110@example.com,UK,2020-06-29,Standard,10274.38
1111,Priya Brown,priya.brown1111@example.com,FR,2022-02-15,Basic,4182.03
1112,Neha Nguyen,neha.nguyen1112@example.com,IN,2022-08-09,Premium,2162.41
1113,Priya Garcia,priya.garcia1113@example.com,US,2024-07-05,Basic,6358.99
1114,Neha Kim,neha.kim1114@example.com,JP,2022-06-20,Premium,13176.34
1115,Quinn Khan,quinn.khan1115@example.com,SG,2024-02-20,Premium,1393.26
1116,Morgan Nguyen,morgan.nguyen1116@example.com,CA,2025-08-08,Premium,14265.0
1117,Riley Singh,riley.singh1117@example.com,IN,2023-08-21,Basic,13941.49
1118,Casey Brown,casey.brown1118@example.com,UK,2023-07-26,Basic,9668.5
1119,Priya Smith,priya.smith1119@example.com,SG,2026-07-24,Standard,7678.31
1120,Avery Müller,avery.müller1120@example.com,SG,2020-02-24,Premium,473.21
1121,Taylor Singh,taylor.singh1121@example.com,DE,2024-10-21,Premium,12414.34
1122,Jordan Garcia,jordan.garcia1122@example.com,AU,2025-08-04,Standard,4080.14
1123,Neha Kim,neha.kim1123@example.com,US,2022-09-02,Basic,11981.6
1124,Sofia Lopez,sofia.lopez1124@example.com,AU,2021-07-03,Standard,6384.9
1125,Jordan Müller,jordan.müller1125@example.com,BR,2023-03-27,Premium,4618.75
1126,Priya Brown,priya.brown1126@example.com,DE,2022-04-23,Basic,1128.78
1127,Avery Khan,avery.khan1127@example.com,DE,2024-04-11,Basic,6466.66
1128,Sofia Khan,sofia.khan1128@example.com,US,2020-09-21,Standard,1446.2
1129,Morgan Smith,morgan.smith1129@example.com,UK,2022-04-16,Premium,1880.6
1130,Morgan Kim,morgan.kim1130@example.com,FR,2020-11-16,Standard,14513.53
1131,Jamie Garcia,jamie.garcia1131@example.com,DE,2022-09-30,Standard,3569.89
1132,Avery Singh,avery.singh1132@example.com,CA,2026-06-19,Standard,19356.13
1133,Morgan Singh,morgan.singh1133@example.com,JP,2020-11-23,Standard,7994.98
1134,Riley Silva,riley.silva1134@example.com,JP,2024-09-27,Basic,12207.41
1135,Omar Garcia,omar.garcia1135@example.com,JP,2020-03-22,Standard,8576.58
1136,Sam Singh,sam.singh1136@example.com,SG,2026-01-09,Premium,11079.4
1137,Riley Singh,riley.singh1137@example.com,BR,2025-03-14,Standard,9099.38
1138,Neha Müller,neha.müller1138@example.com,SG,2025-05-23,Premium,6698.02
1139,Lucas Kim,lucas.kim1139@example.com,UK,2022-02-15,Premium,306.04
1140,Arjun Silva,arjun.silva1140@example.com,BR,2024-08-30,Standard,19411.33
1141,Arjun Nguyen,arjun.nguyen1141@example.com,JP,2023-06-14,Basic,19751.07
1142,Sam Nguyen,sam.nguyen1142@example.com,US,2021-05-24,Standard,18645.98
1143,Riley Kim,riley.kim1143@example.com,BR,2022-11-11,Basic,7004.14
1144,Lucas Khan,lucas.khan1144@example.com,AU,2020-08-24,Basic,7737.4
1145,Omar Lopez,omar.lopez1145@example.com,DE,2022-09-19,Standard,738.43
1146,Arjun Khan,arjun.khan1146@example.com,US,2021-08-28,Standard,12128.44
1147,Casey Singh,casey.singh1147@example.com,DE,2026-06-26,Basic,16838.24
1148,Alex Patel,alex.patel1148@example.com,IN,2024-04-23,Standard,14136.09
1149,Sam Müller,sam.müller1149@example.com,DE,2024-09-28,Premium,16603.5
1150,Quinn Lopez,quinn.lopez1150@example.com,CA,2025-08-12,Basic,13186.8
1151,Neha Chen,neha.chen1151@example.com,CA,2024-08-12,Basic,17394.89
1152,Taylor Khan,taylor.khan1152@example.com,SG,2023-11-11,Premium,5416.98
1153,Morgan Lopez,morgan.lopez1153@example.com,BR,2023-06-15,Premium,19741.16
1154,Lucas Smith,lucas.smith1154@example.com,IN,2020-10-13,Basic,8385.9
1155,Omar Khan,omar.khan1155@example.com,CA,2024-10-31,Premium,3569.21
1156,Riley Lopez,riley.lopez1156@example.com,UK,2022-03-22,Standard,3680.59
1157,Taylor Silva,taylor.silva1157@example.com,SG,2022-05-20,Premium,4058.77
1158,Riley Kim,riley.kim1158@example.com,CA,2024-08-01,Standard,12555.41
1159,Taylor Khan,taylor.khan1159@example.com,UK,2020-11-22,Standard,1759.86
1160,Taylor Singh,taylor.singh1160@example.com,IN,2023-11-02,Premium,11733.65
1161,Lucas Silva,lucas.silva1161@example.com,IN,2020-02-08,Premium,5358.31
1162,Alex Khan,alex.khan1162@example.com,SG,2020-06-20,Premium,4260.81
1163,Alex Nguyen,alex.nguyen1163@example.com,SG,2025-10-31,Standard,18645.96
1164,Lucas Brown,lucas.brown1164@example.com,SG,2024-10-25,Standard,7447.16
1165,Priya Brown,priya.brown1165@example.com,DE,2024-01-19,Basic,7999.5
1166,Jordan Brown,jordan.brown1166@example.com,AU,2021-02-14,Premium,9165.54
1167,Neha Lopez,neha.lopez1167@example.com,UK,2020-04-15,Basic,2501.75
1168,Quinn Lopez,quinn.lopez1168@example.com,DE,2024-02-18,Standard,12386.12
1169,Lucas Müller,lucas.müller1169@example.com,BR,2022-02-08,Premium,19724.32
1170,Priya Smith,priya.smith1170@example.com,AU,2020-07-06,Basic,6544.23
1171,Sofia Kim,sofia.kim1171@example.com,SG,2025-06-07,Standard,14797.13
1172,Sam Brown,sam.brown1172@example.com,BR,2025-05-04,Basic,17149.15
1173,Taylor Lopez,taylor.lopez1173@example.com,BR,2023-04-18,Basic,3941.79
1174,Casey Müller,casey.müller1174@example.com,SG,2025-08-28,Premium,2600.83
1175,Sam Singh,sam.singh1175@example.com,FR,2025-03-27,Premium,17933.35
1176,Taylor Silva,taylor.silva1176@example.com,FR,2022-09-13,Premium,4272.23
1177,Sam Patel,sam.patel1177@example.com,BR,2020-04-29,Premium,18583.62
1178,Priya Nguyen,priya.nguyen1178@example.com,CA,2022-06-21,Basic,5189.69
1179,Lucas Khan,lucas.khan1179@example.com,IN,2021-07-10,Basic,12689.29
1180,Lucas Patel,lucas.patel1180@example.com,AU,2022-07-05,Basic,15338.43
1181,Sam Khan,sam.khan1181@example.com,AU,2024-03-24,Basic,14872.21
1182,Neha Khan,neha.khan1182@example.com,FR,2024-11-24,Premium,4509.84
1183,Taylor Singh,taylor.singh1183@example.com,IN,2021-04-01,Premium,6837.75
1184,Morgan Lopez,morgan.lopez1184@example.com,IN,2026-06-04,Standard,2591.98
1185,Priya Nguyen,priya.nguyen1185@example.com,SG,2020-01-07,Standard,1284.6
1186,Morgan Nguyen,morgan.nguyen1186@example.com,BR,2023-08-02,Standard,15960.49
1187,Casey Müller,casey.müller1187@example.com,SG,2022-06-28,Premium,7936.48
1188,Sofia Brown,sofia.brown1188@example.com,UK,2023-04-30,Premium,10021.66
1189,Sofia Garcia,sofia.garcia1189@example.com,SG,2023-03-06,Premium,14953.85
1190,Jordan Chen,jordan.chen1190@example.com,AU,2023-06-19,Basic,19807.19
1191,Taylor Singh,taylor.singh1191@example.com,SG,2025-05-13,Basic,16582.31
1192,Lucas Singh,lucas.singh1192@example.com,BR,2020-08-28,Standard,3096.41
1193,Morgan Lopez,morgan.lopez1193@example.com,DE,2020-08-03,Premium,17142.74
1194,Neha Singh,neha.singh1194@example.com,UK,2020-03-29,Basic,7876.1
1195,Omar Khan,omar.khan1195@example.com,JP,2023-11-27,Standard,7851.71
1196,Jamie Singh,jamie.singh1196@example.com,DE,2026-02-22,Standard,1991.53
1197,Priya Chen,priya.chen1197@example.com,US,2023-05-30,Standard,13109.95
1198,Casey Silva,casey.silva1198@example.com,JP,2023-04-07,Premium,4234.84
1199,Morgan Lopez,morgan.lopez1199@example.com,US,2024-01-23,Basic,17130.02
1200,Taylor Khan,taylor.khan1200@example.com,UK,2024-03-22,Standard,13604.93
1201,Riley Smith,riley.smith1201@example.com,IN,2023-12-27,Standard,3633.68
1202,Jordan Patel,jordan.patel1202@example.com,FR,2023-10-18,Basic,8704.74
1203,Casey Khan,casey.khan1203@example.com,BR,2022-09-30,Premium,2420.11
1204,Neha Silva,neha.silva1204@example.com,CA,2021-12-07,Basic,14916.74
1205,Sam Silva,sam.silva1205@example.com,BR,2023-02-01,Basic,13081.25
1206,Arjun Smith,arjun.smith1206@example.com,IN,2021-04-22,Premium,2484.93
1207,Avery Smith,avery.smith1207@example.com,SG,2026-06-04,Basic,9615.99
1208,Taylor Chen,taylor.chen1208@example.com,UK,2024-04-21,Standard,19999.09
1209,Omar Singh,omar.singh1209@example.com,SG,2021-05-27,Premium,6538.32
1210,Riley Nguyen,riley.nguyen1210@example.com,US,2024-05-31,Basic,16358.38
1211,Lucas Patel,lucas.patel1211@example.com,FR,2026-07-23,Basic,14289.3
1212,Taylor Kim,taylor.kim1212@example.com,IN,2022-01-10,Basic,13919.56
1213,Alex Müller,alex.müller1213@example.com,JP,2023-07-11,Premium,830.91
1214,Morgan Khan,,UK,2020-12-25,Basic,5172.37
1215,Jordan Patel,jordan.patel1215@example.com,IN,2025-09-04,Standard,7303.01
1216,Riley Nguyen,riley.nguyen1216@example.com,US,2022-10-14,Standard,971.02
1217,Jamie Khan,jamie.khan1217@example.com,FR,2024-12-27,Premium,11562.58
1218,Priya Müller,priya.müller1218@example.com,AU,2026-01-13,Basic,4236.3
1219,Taylor Khan,taylor.khan1219@example.com,US,2022-08-29,Premium,3802.07
1220,Jamie Kim,jamie.kim1220@example.com,UK,2026-03-11,Premium,11856.07
1221,Quinn Garcia,quinn.garcia1221@example.com,SG,2024-09-24,Premium,11019.48
1222,Quinn Nguyen,quinn.nguyen1222@example.com,UK,2024-06-26,Standard,1710.92
1223,Quinn Khan,quinn.khan1223@example.com,BR,2021-08-09,Basic,4115.07
1224,Quinn Khan,quinn.khan1224@example.com,DE,2024-03-04,Basic,13163.5
1225,Riley Nguyen,riley.nguyen1225@example.com,UK,2023-07-19,Standard,7609.89
1226,Avery Patel,avery.patel1226@example.com,CA,2021-05-25,Basic,2244.3
1227,Omar Patel,omar.patel1227@example.com,AU,2020-12-30,Standard,18189.45
1228,Quinn Garcia,quinn.garcia1228@example.com,DE,2023-01-25,Premium,2004.04
1229,Avery Nguyen,avery.nguyen1229@example.com,IN,2021-05-20,Premium,10553.19
1230,Jamie Chen,jamie.chen1230@example.com,JP,2021-01-26,Basic,7010.56
1231,Jamie Müller,jamie.müller1231@example.com,CA,2021-02-09,Premium,3456.41
1232,Neha Garcia,neha.garcia1232@example.com,AU,2025-12-17,Basic,11912.61
1233,Neha Silva,neha.silva1233@example.com,SG,2021-06-06,Standard,239.47
1234,Casey Khan,casey.khan1234@example.com,UK,2021-08-07,Standard,11372.84
1235,Quinn Smith,quinn.smith1235@example.com,AU,2022-10-17,Basic,12193.62
1236,Sofia Garcia,sofia.garcia1236@example.com,JP,2023-12-20,Standard,10069.47
1237,Quinn Nguyen,quinn.nguyen1237@example.com,FR,2022-07-26,Standard,12730.92
1238,Sam Singh,sam.singh1238@example.com,BR,2023-07-04,Premium,12711.8
1239,Sam Lopez,sam.lopez1239@example.com,DE,2021-01-18,Premium,11527.57
1240,Sam Lopez,sam.lopez1240@example.com,CA,2026-03-19,Standard,16176.52
1241,Alex Nguyen,alex.nguyen1241@example.com,FR,2021-07-12,Standard,9981.21
1242,Taylor Nguyen,taylor.nguyen1242@example.com,US,2022-02-17,Basic,195.44
1243,Omar Lopez,omar.lopez1243@example.com,FR,2023-11-14,Premium,19884.73
1244,Jordan Chen,jordan.chen1244@example.com,JP,2021-11-21,Basic,18607.2
1245,Avery Garcia,avery.garcia1245@example.com,IN,2024-02-12,Premium,10298.01
1246,Jordan Nguyen,jordan.nguyen1246@example.com,JP,2024-04-01,Premium,7497.01
1247,Taylor Brown,taylor.brown1247@example.com,DE,2026-01-17,Premium,5836.79
1248,Lucas Singh,lucas.singh1248@example.com,CA,2022-05-22,Premium,14773.61
1249,Neha Kim,neha.kim1249@example.com,CA,2025-10-12,Premium,18711.52
1250,Lucas Smith,lucas.smith1250@example.com,AU,2020-01-25,Basic,9234.06
1251,Jamie Brown,jamie.brown1251@example.com,IN,2020-01-22,Standard,17809.42
1252,Riley Nguyen,riley.nguyen1252@example.com,AU,2020-02-06,Premium,8644.54
1253,Morgan Patel,morgan.patel1253@example.com,FR,2025-10-07,Premium,8243.85
1254,Lucas Smith,lucas.smith1254@example.com,UK,2022-10-21,Premium,9440.44
1255,Arjun Singh,arjun.singh1255@example.com,AU,2024-10-20,Premium,10751.73
1256,Quinn Patel,quinn.patel1256@example.com,JP,2024-12-04,Premium,2840.49
1257,Omar Smith,omar.smith1257@example.com,AU,2022-03-23,Premium,3831.86
1258,Jordan Garcia,jordan.garcia1258@example.com,BR,2024-09-20,Basic,6657.71
1259,Jordan Garcia,jordan.garcia1259@example.com,DE,2025-05-17,Basic,19659.43
1260,Taylor Nguyen,taylor.nguyen1260@example.com,JP,2026-03-03,Standard,16006.41
1261,Casey Brown,casey.brown1261@example.com,BR,2025-08-17,Basic,18475.05
1262,Neha Garcia,neha.garcia1262@example.com,IN,2021-03-17,Premium,2566.17
1263,Arjun Müller,arjun.müller1263@example.com,US,2022-08-26,Premium,13582.29
1264,Priya Nguyen,priya.nguyen1264@example.com,SG,2020-02-02,Standard,9629.85
1265,Jamie Silva,jamie.silva1265@example.com,IN,2024-10-22,Premium,12371.38
1266,Riley Kim,riley.kim1266@example.com,CA,2021-04-16,Standard,19885.43
1267,Avery Khan,avery.khan1267@example.com,BR,2022-03-23,Standard,14143.89
1268,Taylor Lopez,taylor.lopez1268@example.com,FR,2022-01-12,Premium,19851.41
1269,Casey Kim,casey.kim1269@example.com,IN,2021-06-25,Standard,815.41
1270,Morgan Garcia,morgan.garcia1270@example.com,BR,2020-03-13,Basic,4032.89
1271,Jordan Nguyen,jordan.nguyen1271@example.com,BR,2025-11-20,Standard,14018.17
1272,Avery Kim,avery.kim1272@example.com,AU,2024-10-11,Standard,1273.93
1273,Omar Khan,omar.khan1273@example.com,US,2023-05-31,Premium,5421.46
1274,Quinn Brown,quinn.brown1274@example.com,BR,2022-10-08,Standard,17907.37
1275,Riley Smith,riley.smith1275@example.com,US,2020-08-01,Basic,14907.86
1276,Morgan Singh,morgan.singh1276@example.com,JP,2023-02-21,Basic,2060.2
1277,Riley Singh,riley.singh1277@example.com,JP,2024-01-29,Standard,6121.92
1278,Taylor Khan,taylor.khan1278@example.com,US,2026-03-10,Premium,6657.67
1279,Arjun Lopez,arjun.lopez1279@example.com,SG,2025-12-06,Basic,7463.27
1280,Quinn Kim,quinn.kim1280@example.com,SG,2024-04-22,Premium,17749.52
1281,Casey Khan,casey.khan1281@example.com,SG,2021-05-07,Premium,11751.9
1282,Morgan Kim,morgan.kim1282@example.com,JP,2021-02-08,Premium,18839.27
1283,Priya Singh,priya.singh1283@example.com,JP,2022-04-07,Basic,14429.35
1284,Jordan Garcia,jordan.garcia1284@example.com,DE,2024-09-08,Basic,14246.48
1285,Arjun Brown,arjun.brown1285@example.com,JP,2021-04-25,Standard,1400.78
1286,Omar Müller,omar.müller1286@example.com,FR,2020-03-30,Premium,12003.12
1287,Casey Singh,casey.singh1287@example.com,US,2026-05-08,Premium,15898.09
1288,Morgan Lopez,morgan.lopez1288@example.com,BR,2025-07-20,Basic,10672.77
1289,Sam Garcia,sam.garcia1289@example.com,JP,2025-09-17,Standard,11271.85
1290,Neha Nguyen,neha.nguyen1290@example.com,SG,2023-01-17,Premium,3722.12
1291,Riley Chen,riley.chen1291@example.com,DE,2020-02-06,Basic,9136.05
1292,Quinn Singh,quinn.singh1292@example.com,DE,2023-04-28,Basic,5406.87
1293,Taylor Garcia,taylor.garcia1293@example.com,DE,2020-07-05,Basic,4802.42
1294,Jordan Khan,jordan.khan1294@example.com,UK,2023-02-11,Premium,5445.18
1295,Jordan Khan,jordan.khan1295@example.com,DE,2022-05-10,Basic,2367.89
1296,Arjun Khan,arjun.khan1296@example.com,SG,2024-02-20,Standard,1710.76
1297,Quinn Lopez,quinn.lopez1297@example.com,UK,2024-07-30,Basic,5933.16
1298,Jordan Khan,jordan.khan1298@example.com,US,2023-12-27,Premium,14623.01
1299,Quinn Garcia,quinn.garcia1299@example.com,CA,2020-03-05,Basic,13163.49
1300,Taylor Lopez,taylor.lopez1300@example.com,BR,2022-11-20,Basic,12704.4
1301,Morgan Silva,morgan.silva1301@example.com,DE,2023-08-21,Standard,4118.18
1302,Neha Garcia,neha.garcia1302@example.com,JP,2022-08-07,Basic,14539.41
1303,Arjun Garcia,arjun.garcia1303@example.com,JP,2021-01-18,Standard,3671.2
1304,Riley Garcia,riley.garcia1304@example.com,DE,2026-05-22,Standard,18869.93
1305,Riley Khan,riley.khan1305@example.com,CA,2020-03-27,Standard,3300.23
1306,Riley Nguyen,riley.nguyen1306@example.com,SG,2022-02-08,Premium,2913.27
1307,Omar Kim,omar.kim1307@example.com,JP,2024-07-06,Premium,14499.92
1308,Casey Lopez,casey.lopez1308@example.com,US,2021-02-12,Standard,7710.61
1309,Taylor Smith,taylor.smith1309@example.com,US,2021-06-25,Premium,15413.85
1310,Quinn Garcia,quinn.garcia1310@example.com,SG,2020-02-25,Premium,19154.47
1311,Taylor Müller,taylor.müller1311@example.com,AU,2020-12-14,Premium,2827.64
1312,Sofia Garcia,sofia.garcia1312@example.com,CA,2023-09-20,Standard,3132.54
1313,Jordan Müller,jordan.müller1313@example.com,CA,2026-02-04,Premium,473.1
1314,Jordan Patel,jordan.patel1314@example.com,FR,2023-04-30,Premium,10255.27
1315,Omar Garcia,omar.garcia1315@example.com,US,2022-07-07,Premium,4572.17
1316,Neha Garcia,neha.garcia1316@example.com,AU,2023-03-20,Premium,18437.73
1317,Neha Khan,neha.khan1317@example.com,IN,2025-07-07,Premium,19815.82
1318,Avery Patel,avery.patel1318@example.com,CA,2024-01-03,Premium,12333.15
1319,Taylor Brown,taylor.brown1319@example.com,IN,2020-06-26,Basic,3064.5
1320,Omar Müller,omar.müller1320@example.com,AU,2022-01-12,Basic,8533.63
1321,Jamie Chen,jamie.chen1321@example.com,CA,2023-11-27,Premium,5458.31
1322,Lucas Khan,lucas.khan1322@example.com,AU,2022-12-23,Basic,15983.74
1323,Alex Garcia,alex.garcia1323@example.com,UK,2023-08-04,Premium,7842.46
1324,Lucas Patel,lucas.patel1324@example.com,IN,2026-06-24,Standard,19193.73
1325,Quinn Garcia,quinn.garcia1325@example.com,IN,2023-08-16,Premium,3678.35
1326,Neha Brown,neha.brown1326@example.com,AU,2025-07-17,Standard,9651.71
1327,Omar Chen,omar.chen1327@example.com,AU,2021-07-20,Basic,18436.02
1328,Neha Nguyen,neha.nguyen1328@example.com,FR,2025-07-29,Basic,10698.72
1329,Avery Nguyen,avery.nguyen1329@example.com,IN,2026-07-07,Basic,8465.72
1330,Avery Lopez,avery.lopez1330@example.com,IN,2022-08-21,Standard,107.18
1331,Alex Brown,alex.brown1331@example.com,FR,2025-04-25,Premium,18422.04
1332,Jordan Brown,jordan.brown1332@example.com,AU,2021-07-24,Standard,9234.75
1333,Omar Kim,omar.kim1333@example.com,DE,2022-07-08,Premium,14952.56
1334,Taylor Lopez,taylor.lopez1334@example.com,UK,2024-03-26,Basic,575.62
1335,Omar Brown,omar.brown1335@example.com,US,2021-03-10,Basic,11653.06
1336,Lucas Chen,lucas.chen1336@example.com,UK,2020-05-03,Premium,7336.62
1337,Sam Kim,sam.kim1337@example.com,IN,2020-02-21,Basic,16629.81
1338,Omar Garcia,omar.garcia1338@example.com,UK,2025-04-08,Basic,2845.24
1339,Jamie Silva,jamie.silva1339@example.com,BR,2023-10-13,Standard,15638.87
1340,Alex Singh,alex.singh1340@example.com,IN,2021-09-30,Premium,17629.08
1341,Jordan Chen,jordan.chen1341@example.com,UK,2025-08-23,Premium,266.81
1342,Omar Khan,omar.khan1342@example.com,JP,2026-03-19,Basic,16598.89
1343,Jamie Lopez,jamie.lopez1343@example.com,DE,2024-10-01,Premium,5472.96
1344,Sam Müller,sam.müller1344@example.com,BR,2021-05-27,Basic,4276.69
1345,Jordan Kim,jordan.kim1345@example.com,BR,2022-01-22,Basic,19520.95
1346,Sam Lopez,sam.lopez1346@example.com,JP,2025-05-09,Standard,13071.36
1347,Neha Nguyen,neha.nguyen1347@example.com,UK,2020-08-11,Standard,12950.61
1348,Morgan Singh,morgan.singh1348@example.com,IN,2021-03-03,Premium,7285.9
1349,Priya Smith,priya.smith1349@example.com,DE,2023-03-01,Premium,10854.28
1350,Sam Kim,sam.kim1350@example.com,SG,2020-02-14,Standard,3795.49
1351,Morgan Khan,morgan.khan1351@example.com,US,2022-09-11,Standard,1746.54
1352,Jordan Chen,jordan.chen1352@example.com,JP,2020-07-06,Premium,6325.88
1353,Jamie Smith,jamie.smith1353@example.com,AU,2023-03-02,Standard,10029.31
1354,Priya Nguyen,priya.nguyen1354@example.com,AU,2021-06-14,Basic,13509.99
1355,Priya Nguyen,priya.nguyen1355@example.com,FR,2021-02-17,Basic,16159.51
1356,Casey Smith,casey.smith1356@example.com,SG,2024-04-14,Standard,11747.85
1357,Jordan Singh,jordan.singh1357@example.com,UK,2021-09-12,Basic,9288.97
1358,Sam Lopez,sam.lopez1358@example.com,DE,2022-06-02,Basic,13101.69
1359,Riley Müller,riley.müller1359@example.com,FR,2025-11-13,Standard,8977.23
1360,Casey Brown,casey.brown1360@example.com,CA,2024-01-15,Basic,17126.25
1361,Omar Smith,omar.smith1361@example.com,BR,2022-09-06,Premium,19940.34
1362,Sam Garcia,sam.garcia1362@example.com,SG,2025-07-30,Premium,16104.29
1363,Casey Singh,casey.singh1363@example.com,FR,2020-12-23,Standard,1927.57
1364,Priya Garcia,priya.garcia1364@example.com,CA,2021-10-23,Premium,5638.34
1365,Arjun Brown,arjun.brown1365@example.com,IN,2020-10-18,Premium,14227.57
1366,Sofia Singh,sofia.singh1366@example.com,JP,2022-11-14,Standard,13023.33
1367,Casey Patel,casey.patel1367@example.com,SG,2025-06-22,Premium,7301.27
1368,Jamie Nguyen,jamie.nguyen1368@example.com,BR,2021-06-12,Standard,7366.31
1369,Priya Brown,priya.brown1369@example.com,IN,2024-08-19,Basic,9029.34
1370,Jordan Chen,jordan.chen1370@example.com,US,2022-09-29,Basic,16433.64
1371,Alex Garcia,alex.garcia1371@example.com,IN,2023-04-05,Standard,3206.21
1372,Neha Patel,neha.patel1372@example.com,DE,2024-05-09,Standard,13399.55
1373,Arjun Silva,arjun.silva1373@example.com,JP,2025-12-31,Standard,2226.93
1374,Riley Lopez,riley.lopez1374@example.com,IN,2024-06-13,Standard,4029.45
1375,Priya Patel,priya.patel1375@example.com,AU,2023-11-03,Basic,9751.59
1376,Lucas Patel,lucas.patel1376@example.com,CA,2025-02-04,Premium,10924.37
1377,Lucas Garcia,lucas.garcia1377@example.com,DE,2023-08-04,Basic,674.9
1378,Neha Smith,neha.smith1378@example.com,AU,2024-10-27,Standard,4307.75
1379,Morgan Smith,morgan.smith1379@example.com,BR,2023-01-10,Standard,12731.96
1380,Sam Garcia,sam.garcia1380@example.com,IN,2023-01-26,Standard,1680.1
1381,Sofia Nguyen,sofia.nguyen1381@example.com,FR,2022-05-26,Basic,17866.81
1382,Riley Smith,riley.smith1382@example.com,IN,2024-10-21,Standard,19269.15
1383,Jamie Garcia,jamie.garcia1383@example.com,DE,2023-12-01,Standard,9658.42
1384,Riley Lopez,riley.lopez1384@example.com,BR,2023-12-23,Basic,11427.82
1385,Alex Müller,alex.müller1385@example.com,SG,2022-03-24,Premium,14468.34
1386,Casey Brown,casey.brown1386@example.com,AU,2020-02-28,Premium,17935.2
1387,Casey Silva,casey.silva1387@example.com,AU,2021-04-10,Basic,8157.41
1388,Alex Silva,alex.silva1388@example.com,UK,2025-01-14,Basic,19390.68
1389,Taylor Smith,taylor.smith1389@example.com,DE,2022-02-07,Standard,13944.1
1390,Riley Chen,riley.chen1390@example.com,BR,2022-06-04,Standard,4234.77
1391,Morgan Khan,morgan.khan1391@example.com,SG,2020-02-28,Standard,16284.9
1392,Alex Singh,alex.singh1392@example.com,CA,2025-08-18,Premium,14001.38
1393,Sofia Nguyen,sofia.nguyen1393@example.com,BR,2023-12-11,Standard,16572.31
1394,Omar Müller,omar.müller1394@example.com,AU,2021-04-09,Premium,9203.53
1395,Arjun Garcia,arjun.garcia1395@example.com,FR,2021-10-28,Basic,8745.73
1396,Jamie Khan,jamie.khan1396@example.com,BR,2023-03-06,Basic,12426.51
1397,Taylor Patel,taylor.patel1397@example.com,IN,2021-01-02,Basic,377.71
1398,Omar Patel,omar.patel1398@example.com,JP,2026-02-09,Premium,12688.83
1399,Jordan Khan,jordan.khan1399@example.com,CA,2024-09-18,Premium,4496.44
1400,Sofia Müller,sofia.müller1400@example.com,BR,2021-04-13,Premium,17134.04
1401,Taylor Brown,taylor.brown1401@example.com,JP,2024-08-18,Basic,14091.51
1402,Neha Smith,neha.smith1402@example.com,AU,2022-07-06,Basic,5707.91
1403,Quinn Singh,quinn.singh1403@example.com,BR,2022-09-16,Premium,18008.74
1404,Omar Smith,omar.smith1404@example.com,US,2020-04-17,Premium,15820.68
1405,Priya Brown,priya.brown1405@example.com,UK,2026-06-01,Standard,4874.53
1406,Neha Kim,neha.kim1406@example.com,SG,2024-05-30,Premium,16036.57
1407,Omar Garcia,omar.garcia1407@example.com,BR,2021-12-12,Standard,18088.22
1408,Riley Nguyen,riley.nguyen1408@example.com,DE,2021-02-11,Basic,16033.38
1409,Taylor Khan,taylor.khan1409@example.com,SG,2024-05-24,Basic,18337.47
1410,Riley Brown,riley.brown1410@example.com,DE,2021-01-16,Premium,561.52
1411,Alex Khan,alex.khan1411@example.com,SG,2021-09-18,Premium,12381.09
1412,Sam Chen,sam.chen1412@example.com,BR,2020-04-13,Basic,14696.67
1413,Sofia Khan,sofia.khan1413@example.com,AU,2022-02-03,Premium,13067.83
1414,Avery Singh,avery.singh1414@example.com,DE,2026-01-02,Premium,14539.94
1415,Neha Singh,,US,2023-01-31,Premium,18702.77
1416,Alex Khan,alex.khan1416@example.com,SG,2021-02-27,Premium,9209.6
1417,Taylor Patel,taylor.patel1417@example.com,UK,2023-03-02,Standard,17897.37
1418,Sam Patel,sam.patel1418@example.com,JP,2024-01-20,Premium,7846.46
1419,Lucas Smith,lucas.smith1419@example.com,BR,2020-10-28,Standard,19186.38
1420,Sam Kim,sam.kim1420@example.com,BR,2024-03-17,Standard,12689.36
1421,Sofia Garcia,sofia.garcia1421@example.com,UK,2023-05-08,Premium,18077.58
1422,Jordan Patel,jordan.patel1422@example.com,AU,2023-11-21,Standard,19898.58
1423,Alex Garcia,alex.garcia1423@example.com,FR,2022-11-08,Premium,3897.26
1424,Alex Müller,alex.müller1424@example.com,US,2025-10-22,Basic,15231.17
1425,Morgan Brown,morgan.brown1425@example.com,IN,2022-06-07,Premium,6584.42
1426,Avery Patel,avery.patel1426@example.com,UK,2023-01-01,Standard,9657.42
1427,Sam Brown,sam.brown1427@example.com,FR,2023-04-20,Standard,14916.63
1428,Lucas Nguyen,lucas.nguyen1428@example.com,FR,2024-06-26,Premium,5039.36
1429,Morgan Khan,morgan.khan1429@example.com,CA,2024-05-28,Premium,11693.78
1430,Jamie Garcia,jamie.garcia1430@example.com,DE,2025-06-21,Standard,17663.0
1431,Omar Chen,omar.chen1431@example.com,CA,2023-07-29,Basic,2195.8
1432,Neha Nguyen,neha.nguyen1432@example.com,DE,2026-05-12,Standard,7510.51
1433,Sam Silva,sam.silva1433@example.com,UK,2020-05-18,Basic,5098.62
1434,Omar Singh,omar.singh1434@example.com,SG,2025-12-12,Standard,7996.22
1435,Taylor Garcia,taylor.garcia1435@example.com,AU,2024-10-24,Premium,7187.0
1436,Sam Kim,sam.kim1436@example.com,AU,2024-03-03,Premium,15601.32
1437,Taylor Smith,taylor.smith1437@example.com,AU,2020-02-14,Basic,6610.94
1438,Sofia Chen,sofia.chen1438@example.com,AU,2022-08-10,Basic,1371.39
1439,Jamie Chen,jamie.chen1439@example.com,DE,2025-11-29,Premium,2103.26
1440,Quinn Lopez,quinn.lopez1440@example.com,SG,2020-11-02,Basic,17858.65
1441,Omar Khan,omar.khan1441@example.com,BR,2023-07-25,Standard,4003.1
1442,Jordan Silva,jordan.silva1442@example.com,JP,2020-07-10,Standard,8453.68
1443,Taylor Silva,taylor.silva1443@example.com,UK,2023-08-31,Basic,7688.01
1444,Alex Singh,alex.singh1444@example.com,US,2026-06-16,Premium,18237.28
1445,Jamie Garcia,jamie.garcia1445@example.com,BR,2020-05-31,Basic,18364.79
1446,Jordan Brown,jordan.brown1446@example.com,US,2020-10-11,Standard,1947.64
1447,Omar Lopez,omar.lopez1447@example.com,CA,2023-01-30,Standard,15086.16
1448,Neha Patel,neha.patel1448@example.com,FR,2023-07-06,Standard,12265.8
1449,Neha Singh,neha.singh1449@example.com,JP,2025-07-13,Basic,19344.69
1450,Taylor Brown,taylor.brown1450@example.com,SG,2021-02-24,Premium,4519.09
1451,Alex Garcia,alex.garcia1451@example.com,IN,2023-08-15,Basic,14498.85
1452,Avery Garcia,avery.garcia1452@example.com,IN,2022-02-21,Basic,18050.42
1453,Arjun Müller,arjun.müller1453@example.com,US,2020-08-03,Standard,17672.22
1454,Jordan Patel,jordan.patel1454@example.com,US,2023-05-31,Premium,5311.36
1455,Neha Singh,neha.singh1455@example.com,UK,2021-07-18,Basic,9240.84
1456,Casey Brown,casey.brown1456@example.com,UK,2026-07-20,Standard,12756.23
1457,Taylor Müller,taylor.müller1457@example.com,FR,2022-09-12,Basic,9584.64
1458,Lucas Singh,lucas.singh1458@example.com,AU,2025-05-31,Premium,1881.4
1459,Jamie Lopez,jamie.lopez1459@example.com,IN,2023-12-16,Basic,16719.06
1460,Avery Khan,avery.khan1460@example.com,DE,2020-11-15,Premium,19436.72
1461,Jordan Kim,jordan.kim1461@example.com,US,2022-06-04,Standard,16379.3
1462,Morgan Silva,morgan.silva1462@example.com,IN,2023-10-26,Premium,16289.21
1463,Priya Singh,priya.singh1463@example.com,JP,2021-09-22,Basic,2157.93
1464,Casey Kim,casey.kim1464@example.com,AU,2024-04-28,Standard,17363.78
1465,Morgan Nguyen,morgan.nguyen1465@example.com,DE,2020-10-08,Standard,8490.72
1466,Jamie Chen,jamie.chen1466@example.com,IN,2021-08-26,Standard,17530.11
1467,Taylor Kim,taylor.kim1467@example.com,US,2025-03-02,Premium,5371.8
1468,Lucas Khan,lucas.khan1468@example.com,FR,2025-01-28,Standard,5348.3
1469,Sam Brown,sam.brown1469@example.com,BR,2022-05-18,Premium,7968.71
1470,Omar Müller,omar.müller1470@example.com,AU,2020-08-05,Standard,5488.15
1471,Taylor Smith,taylor.smith1471@example.com,BR,2024-09-26,Premium,5915.42
1472,Neha Garcia,neha.garcia1472@example.com,SG,2023-02-04,Basic,12168.59
1473,Omar Patel,omar.patel1473@example.com,US,2022-10-16,Premium,4430.62
1474,Jordan Smith,jordan.smith1474@example.com,SG,2022-12-26,Premium,1363.66
1475,Taylor Singh,taylor.singh1475@example.com,DE,2024-07-15,Standard,7888.06
1476,Avery Lopez,avery.lopez1476@example.com,CA,2025-07-21,Premium,3462.03
1477,Morgan Brown,morgan.brown1477@example.com,CA,2023-03-25,Basic,111.98
1478,Riley Müller,riley.müller1478@example.com,SG,2025-05-06,Basic,6141.22
1479,Avery Garcia,avery.garcia1479@example.com,AU,2020-10-11,Premium,3787.52
1480,Sofia Garcia,sofia.garcia1480@example.com,US,2025-04-27,Standard,6714.38
1481,Riley Singh,riley.singh1481@example.com,IN,2021-11-30,Basic,15217.2
1482,Alex Chen,alex.chen1482@example.com,AU,2025-04-24,Basic,70.08
1483,Avery Silva,avery.silva1483@example.com,IN,2020-07-04,Premium,11366.97
1484,Jamie Kim,jamie.kim1484@example.com,FR,2025-08-22,Premium,15112.1
1485,Taylor Patel,taylor.patel1485@example.com,CA,2023-10-06,Standard,9838.7
1486,Arjun Müller,arjun.müller1486@example.com,CA,2025-06-15,Standard,7317.57
1487,Alex Brown,,CA,2023-09-28,Basic,15501.8
1488,Lucas Patel,lucas.patel1488@example.com,CA,2025-10-28,Basic,12814.02
1489,Casey Nguyen,casey.nguyen1489@example.com,DE,2021-08-03,Standard,9981.75
1490,Avery Chen,avery.chen1490@example.com,BR,2024-01-12,Premium,14900.08
1491,Morgan Nguyen,morgan.nguyen1491@example.com,IN,2023-01-26,Basic,13592.09
1492,Sofia Müller,sofia.müller1492@example.com,UK,2022-12-22,Basic,7009.46
1493,Priya Nguyen,priya.nguyen1493@example.com,SG,2024-09-05,Standard,6221.0
1494,Jordan Chen,jordan.chen1494@example.com,FR,2023-11-07,Basic,2503.08
1495,Sofia Chen,sofia.chen1495@example.com,AU,2023-03-27,Premium,19390.92
1496,Lucas Khan,lucas.khan1496@example.com,UK,2025-03-25,Basic,3047.04
1497,Jamie Chen,jamie.chen1497@example.com,FR,2021-10-28,Standard,9762.15
1498,Sam Singh,sam.singh1498@example.com,US,2025-02-02,Premium,4385.64
1499,Taylor Smith,taylor.smith1499@example.com,JP,2023-06-06,Premium,8634.94
1500,Alex Smith,alex.smith1500@example.com,CA,2021-07-18,Standard,17580.51
1501,Casey Patel,casey.patel1501@example.com,CA,2021-08-07,Basic,3974.71
1502,Sam Singh,sam.singh1502@example.com,DE,2020-05-11,Standard,18662.05
1503,Avery Khan,avery.khan1503@example.com,BR,2024-09-26,Standard,19339.79
1504,Taylor Singh,taylor.singh1504@example.com,CA,2023-06-26,Premium,11299.96
1505,Priya Chen,priya.chen1505@example.com,UK,2022-03-28,Standard,2757.03
1506,Morgan Singh,morgan.singh1506@example.com,CA,2020-12-16,Standard,11354.97
1507,Sofia Müller,sofia.müller1507@example.com,UK,2024-03-19,Standard,1966.04
1508,Sofia Lopez,sofia.lopez1508@example.com,AU,2025-08-25,Basic,14266.34
1509,Sofia Brown,sofia.brown1509@example.com,BR,2025-03-25,Standard,19230.87
1510,Sofia Smith,sofia.smith1510@example.com,FR,2020-04-18,Standard,1814.16
1511,Casey Chen,casey.chen1511@example.com,CA,2022-09-20,Basic,10268.53
1512,Casey Chen,casey.chen1512@example.com,FR,2026-05-05,Standard,1118.04
1513,Neha Garcia,neha.garcia1513@example.com,BR,2020-01-25,Standard,16159.25
1514,Sofia Smith,sofia.smith1514@example.com,IN,2020-08-12,Standard,16606.39
1515,Taylor Brown,taylor.brown1515@example.com,SG,2021-02-02,Standard,11330.6
1516,Priya Smith,priya.smith1516@example.com,IN,2026-07-22,Basic,10240.88
1517,Jordan Lopez,jordan.lopez1517@example.com,DE,2025-10-15,Premium,11262.88
1518,Lucas Garcia,lucas.garcia1518@example.com,DE,2021-09-25,Standard,12583.38
1519,Alex Silva,alex.silva1519@example.com,SG,2022-04-02,Premium,1389.48
1520,Casey Chen,casey.chen1520@example.com,IN,2025-10-30,Premium,4981.76
1521,Taylor Silva,taylor.silva1521@example.com,US,2025-09-02,Standard,7844.74
1522,Taylor Singh,taylor.singh1522@example.com,BR,2025-06-04,Premium,16414.41
1523,Quinn Chen,quinn.chen1523@example.com,JP,2021-05-19,Standard,2967.62
1524,Alex Garcia,alex.garcia1524@example.com,UK,2022-09-12,Premium,10254.72
1525,Morgan Silva,morgan.silva1525@example.com,JP,2023-04-02,Standard,13367.33
1526,Lucas Brown,lucas.brown1526@example.com,CA,2024-05-21,Standard,13968.17
1527,Taylor Silva,taylor.silva1527@example.com,BR,2024-10-06,Premium,608.01
1528,Sofia Patel,sofia.patel1528@example.com,SG,2024-05-14,Premium,11631.73
1529,Jordan Khan,jordan.khan1529@example.com,SG,2024-12-25,Premium,18166.76
1530,Arjun Garcia,arjun.garcia1530@example.com,JP,2025-02-20,Standard,231.95
1531,Riley Brown,riley.brown1531@example.com,FR,2025-08-23,Premium,7009.24
1532,Neha Müller,neha.müller1532@example.com,IN,2021-12-15,Basic,3070.48
1533,Priya Silva,priya.silva1533@example.com,UK,2023-02-14,Basic,6093.45
1534,Neha Patel,neha.patel1534@example.com,JP,2024-03-22,Standard,12136.54
1535,Riley Chen,riley.chen1535@example.com,FR,2025-11-22,Standard,2631.97
1536,Priya Chen,priya.chen1536@example.com,SG,2023-11-26,Basic,12368.63
1537,Neha Patel,neha.patel1537@example.com,US,2020-04-30,Basic,3225.63
1538,Taylor Khan,taylor.khan1538@example.com,IN,2025-08-07,Basic,9554.44
1539,Avery Lopez,avery.lopez1539@example.com,DE,2021-03-07,Premium,14576.86
1540,Neha Nguyen,neha.nguyen1540@example.com,IN,2020-09-10,Basic,5047.15
1541,Jordan Lopez,jordan.lopez1541@example.com,IN,2024-12-13,Standard,12150.34
1542,Alex Garcia,alex.garcia1542@example.com,AU,2021-03-16,Basic,9017.72
1543,Casey Khan,casey.khan1543@example.com,SG,2026-03-29,Premium,3954.57
1544,Lucas Silva,lucas.silva1544@example.com,CA,2022-07-12,Premium,14855.97
1545,Omar Müller,omar.müller1545@example.com,DE,2020-12-18,Basic,533.65
1546,Taylor Kim,taylor.kim1546@example.com,US,2021-07-29,Premium,7223.24
1547,Omar Chen,omar.chen1547@example.com,FR,2020-10-21,Standard,3746.82
1548,Lucas Kim,lucas.kim1548@example.com,DE,2026-05-25,Standard,10041.96
1549,Arjun Chen,arjun.chen1549@example.com,FR,2021-07-18,Premium,8805.62
1550,Neha Patel,neha.patel1550@example.com,SG,2020-11-16,Premium,15658.63
1551,Jamie Patel,jamie.patel1551@example.com,IN,2025-08-04,Premium,1077.01
1552,Priya Smith,priya.smith1552@example.com,DE,2023-04-02,Standard,7839.01
1553,Arjun Patel,arjun.patel1553@example.com,UK,2023-03-25,Premium,10711.76
1554,Avery Müller,avery.müller1554@example.com,SG,2025-08-10,Standard,8014.43
1555,Jordan Müller,jordan.müller1555@example.com,IN,2026-07-15,Standard,18741.69
1556,Quinn Khan,quinn.khan1556@example.com,US,2020-05-12,Standard,8457.04
1557,Morgan Brown,morgan.brown1557@example.com,US,2021-07-24,Premium,10964.39
1558,Priya Khan,priya.khan1558@example.com,US,2022-08-23,Standard,1504.59
1559,Jordan Brown,jordan.brown1559@example.com,IN,2024-08-31,Basic,14798.82
1560,Sam Müller,sam.müller1560@example.com,JP,2021-06-14,Standard,14480.43
1561,Taylor Smith,taylor.smith1561@example.com,JP,2025-09-10,Premium,13024.22
1562,Omar Silva,omar.silva1562@example.com,CA,2022-07-21,Premium,18628.37
1563,Alex Kim,alex.kim1563@example.com,FR,2024-04-02,Basic,13687.72
1564,Alex Müller,alex.müller1564@example.com,JP,2020-08-01,Standard,15325.35
1565,Casey Nguyen,casey.nguyen1565@example.com,BR,2026-02-28,Premium,2355.88
1566,Taylor Chen,taylor.chen1566@example.com,AU,2023-12-11,Premium,6895.36
1567,Jordan Kim,jordan.kim1567@example.com,DE,2021-01-11,Basic,250.49
1568,Omar Lopez,omar.lopez1568@example.com,FR,2026-05-15,Premium,19819.23
1569,Alex Lopez,alex.lopez1569@example.com,DE,2020-08-20,Premium,1180.26
1570,Sofia Garcia,sofia.garcia1570@example.com,CA,2020-06-28,Standard,7025.87
1571,Avery Singh,avery.singh1571@example.com,UK,2024-06-17,Standard,13168.78
1572,Sam Patel,sam.patel1572@example.com,CA,2026-02-04,Premium,9923.84
1573,Arjun Kim,arjun.kim1573@example.com,JP,2023-05-24,Standard,15615.16
1574,Jamie Khan,jamie.khan1574@example.com,DE,2025-11-27,Standard,6411.24
1575,Taylor Smith,taylor.smith1575@example.com,AU,2024-08-09,Basic,19013.74
1576,Lucas Singh,lucas.singh1576@example.com,IN,2022-04-13,Premium,16836.44
1577,Avery Singh,avery.singh1577@example.com,FR,2022-05-13,Premium,7479.18
1578,Casey Smith,casey.smith1578@example.com,DE,2024-12-08,Basic,15295.63
1579,Taylor Smith,taylor.smith1579@example.com,JP,2020-05-18,Standard,5595.45
1580,Neha Singh,neha.singh1580@example.com,IN,2020-09-01,Standard,17098.76
1581,Neha Silva,neha.silva1581@example.com,US,2024-04-16,Standard,8908.19
1582,Avery Kim,avery.kim1582@example.com,BR,2022-01-25,Basic,8650.15
1583,Jordan Khan,jordan.khan1583@example.com,CA,2020-05-08,Basic,15271.78
1584,Alex Chen,alex.chen1584@example.com,AU,2022-12-11,Basic,4370.06
1585,Alex Brown,alex.brown1585@example.com,SG,2024-11-12,Standard,15663.12
1586,Jordan Patel,jordan.patel1586@example.com,FR,2024-05-08,Basic,18652.83
1587,Jamie Müller,jamie.müller1587@example.com,JP,2024-10-02,Basic,14398.44
1588,Quinn Garcia,quinn.garcia1588@example.com,BR,2025-03-29,Basic,19852.63
1589,Avery Garcia,avery.garcia1589@example.com,US,2023-02-23,Basic,19021.8
1590,Sam Kim,sam.kim1590@example.com,FR,2023-04-26,Standard,11443.1
1591,Jordan Chen,jordan.chen1591@example.com,CA,2024-01-21,Standard,13201.64
1592,Alex Patel,alex.patel1592@example.com,CA,2026-05-17,Basic,6453.74
1593,Quinn Garcia,quinn.garcia1593@example.com,JP,2025-03-10,Premium,8826.19
1594,Sofia Smith,sofia.smith1594@example.com,AU,2025-05-20,Basic,16894.29
1595,Morgan Nguyen,morgan.nguyen1595@example.com,US,2026-07-01,Premium,5565.09
1596,Priya Patel,priya.patel1596@example.com,JP,2022-01-06,Standard,15331.24
1597,Quinn Singh,quinn.singh1597@example.com,JP,2021-06-05,Premium,12625.25
1598,Casey Chen,casey.chen1598@example.com,US,2022-08-11,Premium,13109.29
1599,Riley Khan,riley.khan1599@example.com,FR,2024-12-08,Basic,6380.82
1600,Avery Smith,avery.smith1600@example.com,CA,2022-11-20,Premium,13583.84
1601,Arjun Müller,arjun.müller1601@example.com,US,2022-08-19,Standard,2227.81
1602,Sofia Patel,sofia.patel1602@example.com,FR,2020-11-13,Premium,4120.64
1603,Arjun Khan,arjun.khan1603@example.com,BR,2020-10-19,Basic,8558.18
1604,Jamie Garcia,jamie.garcia1604@example.com,US,2023-08-30,Basic,15773.88
1605,Priya Nguyen,priya.nguyen1605@example.com,AU,2025-04-11,Standard,12457.23
1606,Riley Brown,riley.brown1606@example.com,US,2023-04-06,Premium,18241.86
1607,Alex Patel,alex.patel1607@example.com,SG,2022-05-16,Standard,10240.38
1608,Arjun Kim,arjun.kim1608@example.com,BR,2026-07-14,Premium,13158.33
1609,Casey Nguyen,casey.nguyen1609@example.com,IN,2020-11-12,Premium,11329.78
1610,Omar Müller,omar.müller1610@example.com,IN,2025-12-01,Premium,12161.69
1611,Sofia Brown,sofia.brown1611@example.com,CA,2022-03-09,Basic,5896.65
1612,Avery Brown,avery.brown1612@example.com,DE,2024-01-22,Premium,9143.63
1613,Taylor Lopez,taylor.lopez1613@example.com,DE,2024-12-27,Basic,19154.29
1614,Omar Brown,omar.brown1614@example.com,IN,2023-12-12,Basic,10137.59
1615,Arjun Khan,arjun.khan1615@example.com,JP,2022-08-01,Standard,15736.77
1616,Avery Chen,avery.chen1616@example.com,UK,2026-01-11,Premium,15540.14
1617,Omar Khan,omar.khan1617@example.com,SG,2021-07-19,Basic,5242.57
1618,Jamie Brown,jamie.brown1618@example.com,AU,2021-04-28,Premium,8199.63
1619,Casey Chen,casey.chen1619@example.com,JP,2022-03-22,Premium,17534.29
1620,Alex Garcia,alex.garcia1620@example.com,IN,2024-09-10,Standard,15321.92
1621,Lucas Lopez,lucas.lopez1621@example.com,IN,2021-06-01,Premium,16685.48
1622,Alex Lopez,alex.lopez1622@example.com,UK,2020-10-26,Premium,10322.2
1623,Neha Nguyen,neha.nguyen1623@example.com,AU,2021-06-06,Standard,13953.73
1624,Avery Lopez,avery.lopez1624@example.com,CA,2021-05-02,Standard,17953.66
1625,Priya Chen,priya.chen1625@example.com,SG,2021-03-17,Basic,952.49
1626,Arjun Silva,arjun.silva1626@example.com,BR,2025-01-16,Basic,16704.35
1627,Jamie Silva,jamie.silva1627@example.com,UK,2022-01-21,Basic,15330.82
1628,Sam Garcia,sam.garcia1628@example.com,US,2024-02-24,Basic,13005.62
1629,Neha Brown,neha.brown1629@example.com,JP,2021-12-24,Basic,14464.54
1630,Quinn Patel,quinn.patel1630@example.com,DE,2023-05-02,Standard,6855.29
1631,Omar Singh,omar.singh1631@example.com,AU,2024-04-22,Standard,15158.14
1632,Casey Smith,casey.smith1632@example.com,DE,2024-10-29,Basic,5601.21
1633,Priya Patel,priya.patel1633@example.com,AU,2023-03-12,Premium,2415.09
1634,Quinn Silva,quinn.silva1634@example.com,JP,2022-07-05,Premium,5805.15
1635,Quinn Chen,quinn.chen1635@example.com,IN,2022-08-06,Basic,5608.64
1636,Taylor Kim,taylor.kim1636@example.com,FR,2025-09-14,Premium,595.63
1637,Jordan Müller,jordan.müller1637@example.com,FR,2022-03-10,Premium,9792.9
1638,Alex Brown,alex.brown1638@example.com,DE,2023-02-28,Basic,8558.73
1639,Sofia Müller,sofia.müller1639@example.com,UK,2025-02-01,Standard,18364.0
1640,Taylor Silva,taylor.silva1640@example.com,BR,2025-07-13,Standard,1782.93
1641,Casey Singh,casey.singh1641@example.com,IN,2023-12-19,Premium,14898.34
1642,Avery Lopez,avery.lopez1642@example.com,IN,2023-09-01,Premium,10165.85
1643,Quinn Silva,quinn.silva1643@example.com,FR,2020-10-30,Basic,13774.35
1644,Jordan Nguyen,jordan.nguyen1644@example.com,IN,2025-11-05,Standard,3848.45
1645,Jordan Khan,jordan.khan1645@example.com,US,2022-10-04,Premium,11747.55
1646,Avery Khan,avery.khan1646@example.com,DE,2022-12-22,Standard,3071.09
1647,Riley Lopez,riley.lopez1647@example.com,JP,2023-03-03,Premium,4011.53
1648,Sam Müller,sam.müller1648@example.com,DE,2020-01-14,Standard,1391.86
1649,Morgan Lopez,morgan.lopez1649@example.com,UK,2020-06-07,Standard,13775.23
1650,Neha Khan,neha.khan1650@example.com,SG,2022-08-19,Basic,7006.64
1651,Riley Singh,riley.singh1651@example.com,DE,2023-04-11,Basic,9726.95
1652,Neha Chen,neha.chen1652@example.com,AU,2026-02-03,Standard,5943.57
1653,Avery Patel,avery.patel1653@example.com,CA,2024-09-14,Standard,6541.67
1654,Omar Patel,omar.patel1654@example.com,UK,2025-03-18,Standard,13229.23
1655,Arjun Lopez,arjun.lopez1655@example.com,BR,2021-06-08,Standard,16810.41
1656,Lucas Chen,lucas.chen1656@example.com,BR,2022-08-19,Premium,5854.06
1657,Morgan Nguyen,morgan.nguyen1657@example.com,US,2026-04-22,Standard,5269.02
1658,Priya Nguyen,priya.nguyen1658@example.com,BR,2024-12-15,Standard,8003.66
1659,Jordan Singh,jordan.singh1659@example.com,JP,2022-06-15,Standard,12743.51
1660,Jordan Singh,jordan.singh1660@example.com,JP,2024-08-05,Premium,11471.49
1661,Riley Müller,riley.müller1661@example.com,DE,2021-03-27,Basic,12234.49
1662,Casey Chen,casey.chen1662@example.com,FR,2020-03-22,Basic,471.3
1663,Neha Patel,neha.patel1663@example.com,AU,2023-12-15,Basic,1316.12
1664,Jordan Müller,jordan.müller1664@example.com,DE,2024-01-23,Basic,4008.87
1665,Riley Müller,riley.müller1665@example.com,BR,2022-07-28,Standard,16035.64
1666,Arjun Brown,arjun.brown1666@example.com,BR,2022-06-02,Basic,14680.02
1667,Alex Smith,alex.smith1667@example.com,US,2025-11-26,Premium,10054.91
1668,Lucas Smith,lucas.smith1668@example.com,UK,2023-03-05,Standard,533.68
1669,Avery Smith,avery.smith1669@example.com,CA,2021-05-21,Standard,13122.76
1670,Casey Lopez,casey.lopez1670@example.com,CA,2020-12-13,Premium,1524.11
1671,Omar Smith,omar.smith1671@example.com,US,2026-01-27,Basic,18383.54
1672,Taylor Lopez,taylor.lopez1672@example.com,SG,2024-05-21,Premium,16637.86
1673,Jamie Brown,jamie.brown1673@example.com,BR,2025-09-29,Basic,517.47
1674,Quinn Silva,quinn.silva1674@example.com,DE,2021-02-12,Standard,19386.78
1675,Lucas Nguyen,lucas.nguyen1675@example.com,CA,2024-10-25,Premium,4483.95
1676,Omar Müller,omar.müller1676@example.com,CA,2025-06-02,Standard,18157.93
1677,Avery Nguyen,avery.nguyen1677@example.com,US,2025-07-28,Basic,7903.22
1678,Arjun Müller,arjun.müller1678@example.com,IN,2025-01-26,Premium,11578.7
1679,Alex Nguyen,alex.nguyen1679@example.com,DE,2025-01-05,Standard,9562.29
1680,Taylor Khan,taylor.khan1680@example.com,CA,2023-09-23,Premium,16203.13
1681,Sam Patel,sam.patel1681@example.com,FR,2021-11-24,Premium,17303.31
1682,Lucas Chen,lucas.chen1682@example.com,DE,2020-12-09,Premium,8093.74
1683,Lucas Müller,lucas.müller1683@example.com,SG,2022-08-10,Premium,15359.8
1684,Quinn Nguyen,quinn.nguyen1684@example.com,CA,2023-10-15,Premium,778.37
1685,Omar Smith,omar.smith1685@example.com,CA,2022-05-06,Basic,15904.18
1686,Lucas Brown,lucas.brown1686@example.com,DE,2023-08-11,Standard,14191.92
1687,Sam Patel,sam.patel1687@example.com,BR,2020-11-13,Standard,2589.29
1688,Alex Garcia,alex.garcia1688@example.com,FR,2021-05-12,Premium,3987.48
1689,Taylor Smith,taylor.smith1689@example.com,BR,2025-07-21,Premium,12541.99
1690,Lucas Garcia,lucas.garcia1690@example.com,FR,2024-09-08,Standard,234.71
1691,Taylor Nguyen,taylor.nguyen1691@example.com,CA,2023-01-15,Basic,6481.6
1692,Arjun Chen,arjun.chen1692@example.com,UK,2021-08-02,Standard,10488.86
1693,Morgan Chen,morgan.chen1693@example.com,AU,2025-10-28,Basic,5062.23
1694,Sofia Kim,sofia.kim1694@example.com,AU,2021-07-08,Premium,10511.35
1695,Lucas Smith,lucas.smith1695@example.com,AU,2024-09-01,Premium,3049.46
1696,Sam Smith,sam.smith1696@example.com,CA,2022-02-07,Premium,13896.2
1697,Sofia Brown,sofia.brown1697@example.com,IN,2020-09-07,Basic,9400.45
1698,Riley Patel,riley.patel1698@example.com,AU,2026-04-09,Premium,6931.9
1699,Alex Kim,alex.kim1699@example.com,CA,2023-03-10,Standard,11710.14
1700,Jamie Brown,jamie.brown1700@example.com,SG,2024-07-09,Standard,11244.19
1701,Morgan Patel,morgan.patel1701@example.com,SG,2021-09-16,Premium,14626.63
1702,Quinn Garcia,quinn.garcia1702@example.com,CA,2026-04-27,Premium,2577.75
1703,Neha Brown,neha.brown1703@example.com,SG,2023-02-09,Basic,17433.16
1704,Lucas Kim,lucas.kim1704@example.com,UK,2020-01-11,Premium,19782.29
1705,Sam Chen,sam.chen1705@example.com,UK,2021-08-10,Premium,9535.51
1706,Alex Brown,alex.brown1706@example.com,IN,2020-08-01,Premium,10258.52
1707,Sofia Nguyen,sofia.nguyen1707@example.com,JP,2023-09-01,Standard,10032.48
1708,Taylor Kim,taylor.kim1708@example.com,FR,2024-05-29,Standard,15489.7
1709,Lucas Brown,lucas.brown1709@example.com,CA,2025-11-08,Standard,10637.18
1710,Morgan Garcia,morgan.garcia1710@example.com,CA,2021-08-08,Standard,11231.69
1711,Lucas Lopez,lucas.lopez1711@example.com,CA,2021-05-07,Basic,18000.25
1712,Arjun Garcia,arjun.garcia1712@example.com,US,2024-02-06,Standard,15426.36
1713,Arjun Lopez,arjun.lopez1713@example.com,BR,2022-05-25,Basic,11217.89
1714,Morgan Nguyen,morgan.nguyen1714@example.com,AU,2022-01-03,Basic,19909.0
1715,Morgan Silva,morgan.silva1715@example.com,AU,2025-11-24,Premium,162.01
1716,Jamie Brown,jamie.brown1716@example.com,IN,2024-02-19,Standard,10080.73
1717,Alex Chen,alex.chen1717@example.com,CA,2020-05-17,Basic,5535.28
1718,Lucas Nguyen,lucas.nguyen1718@example.com,US,2022-11-02,Standard,12524.14
1719,Alex Lopez,alex.lopez1719@example.com,JP,2025-02-04,Standard,3516.73
1720,Taylor Smith,taylor.smith1720@example.com,AU,2020-04-28,Basic,17890.59
1721,Casey Lopez,casey.lopez1721@example.com,UK,2021-06-23,Premium,8420.47
1722,Taylor Smith,taylor.smith1722@example.com,JP,2020-09-12,Standard,1994.64
1723,Quinn Kim,quinn.kim1723@example.com,SG,2020-03-09,Standard,16753.61
1724,Priya Lopez,priya.lopez1724@example.com,UK,2026-07-31,Basic,18888.8
1725,Alex Khan,alex.khan1725@example.com,BR,2024-09-01,Basic,13409.34
1726,Sam Kim,sam.kim1726@example.com,FR,2021-08-27,Basic,5369.39
1727,Riley Silva,riley.silva1727@example.com,US,2023-02-02,Basic,4013.73
1728,Omar Garcia,omar.garcia1728@example.com,US,2023-06-28,Standard,11233.16
1729,Taylor Brown,taylor.brown1729@example.com,JP,2026-05-16,Basic,1767.6
1730,Sofia Patel,sofia.patel1730@example.com,IN,2021-01-05,Premium,14604.53
1731,Riley Brown,riley.brown1731@example.com,SG,2020-03-23,Premium,15785.3
1732,Morgan Khan,morgan.khan1732@example.com,AU,2025-02-28,Premium,17550.11
1733,Avery Singh,avery.singh1733@example.com,DE,2021-06-27,Standard,1114.04
1734,Jamie Garcia,jamie.garcia1734@example.com,CA,2021-07-29,Basic,6345.04
1735,Avery Kim,avery.kim1735@example.com,CA,2022-03-27,Premium,19586.6
1736,Quinn Lopez,quinn.lopez1736@example.com,JP,2022-12-19,Premium,9823.22
1737,Arjun Brown,arjun.brown1737@example.com,FR,2025-01-15,Basic,13756.45
1738,Riley Smith,riley.smith1738@example.com,SG,2024-04-28,Premium,10782.08
1739,Morgan Lopez,morgan.lopez1739@example.com,BR,2023-11-21,Basic,16227.62
1740,Jamie Kim,jamie.kim1740@example.com,AU,2025-08-25,Basic,16605.66
1741,Quinn Patel,quinn.patel1741@example.com,FR,2022-05-13,Standard,4404.19
1742,Quinn Smith,quinn.smith1742@example.com,IN,2025-10-18,Basic,12640.72
1743,Lucas Garcia,lucas.garcia1743@example.com,JP,2026-07-31,Standard,7477.04
1744,Neha Khan,neha.khan1744@example.com,SG,2020-05-18,Standard,14040.7
1745,Arjun Smith,arjun.smith1745@example.com,UK,2024-09-22,Standard,6727.51
1746,Taylor Garcia,taylor.garcia1746@example.com,AU,2023-06-08,Premium,9363.48
1747,Riley Smith,riley.smith1747@example.com,JP,2025-02-12,Basic,11540.51
1748,Omar Lopez,omar.lopez1748@example.com,BR,2025-04-23,Premium,5088.87
1749,Arjun Chen,arjun.chen1749@example.com,AU,2025-05-30,Basic,8053.0
1750,Jordan Kim,jordan.kim1750@example.com,FR,2021-03-17,Standard,8546.59
1751,Quinn Chen,quinn.chen1751@example.com,BR,2020-04-26,Premium,10268.48
1752,Jamie Chen,jamie.chen1752@example.com,FR,2022-03-23,Basic,15049.41
1753,Casey Khan,casey.khan1753@example.com,AU,2020-08-08,Premium,6220.01
1754,Casey Brown,casey.brown1754@example.com,JP,2024-06-09,Premium,9238.73
1755,Casey Kim,casey.kim1755@example.com,UK,2023-05-19,Standard,1653.49
1756,Avery Kim,avery.kim1756@example.com,BR,2021-01-04,Basic,4932.41
1757,Arjun Smith,arjun.smith1757@example.com,JP,2021-10-14,Standard,2043.27
1758,Neha Lopez,neha.lopez1758@example.com,DE,2025-04-18,Basic,7557.02
1759,Sofia Lopez,sofia.lopez1759@example.com,DE,2021-01-27,Standard,2613.62
1760,Casey Nguyen,casey.nguyen1760@example.com,AU,2023-03-05,Basic,14620.92
1761,Omar Chen,omar.chen1761@example.com,BR,2025-12-27,Premium,6970.0
1762,Alex Kim,alex.kim1762@example.com,SG,2021-12-30,Premium,7414.19
1763,Priya Müller,priya.müller1763@example.com,US,2024-06-18,Premium,12929.27
1764,Casey Silva,casey.silva1764@example.com,DE,2020-06-30,Premium,6073.66
1765,Sam Brown,sam.brown1765@example.com,BR,2022-01-06,Standard,3057.41
1766,Jamie Nguyen,jamie.nguyen1766@example.com,JP,2020-05-22,Standard,19172.33
1767,Omar Garcia,omar.garcia1767@example.com,UK,2024-06-19,Basic,10371.1
1768,Taylor Silva,taylor.silva1768@example.com,IN,2023-11-19,Basic,14666.78
1769,Neha Smith,neha.smith1769@example.com,UK,2023-07-30,Premium,11514.91
1770,Neha Khan,neha.khan1770@example.com,JP,2020-02-17,Standard,13093.65
1771,Neha Nguyen,neha.nguyen1771@example.com,US,2023-05-25,Standard,5210.05
1772,Taylor Chen,taylor.chen1772@example.com,JP,2025-08-18,Standard,15631.02
1773,Priya Müller,priya.müller1773@example.com,AU,2021-04-02,Premium,19615.65
1774,Neha Khan,neha.khan1774@example.com,IN,2021-09-07,Premium,6775.46
1775,Quinn Kim,quinn.kim1775@example.com,FR,2025-02-06,Standard,1018.44
1776,Jamie Smith,jamie.smith1776@example.com,IN,2025-06-28,Standard,7373.73
1777,Arjun Singh,arjun.singh1777@example.com,BR,2023-10-14,Basic,5958.08
1778,Alex Müller,alex.müller1778@example.com,CA,2022-01-02,Standard,7169.86
1779,Alex Silva,alex.silva1779@example.com,AU,2023-05-04,Basic,760.52
1780,Taylor Brown,taylor.brown1780@example.com,US,2025-12-16,Basic,7954.48
1781,Riley Patel,riley.patel1781@example.com,FR,2021-01-22,Premium,14549.41
1782,Lucas Nguyen,lucas.nguyen1782@example.com,CA,2023-11-15,Standard,13795.39
1783,Avery Lopez,avery.lopez1783@example.com,FR,2026-05-19,Standard,860.79
1784,Priya Brown,priya.brown1784@example.com,US,2021-08-24,Basic,19538.02
1785,Taylor Nguyen,taylor.nguyen1785@example.com,FR,2020-11-18,Standard,18552.44
1786,Jamie Nguyen,jamie.nguyen1786@example.com,BR,2020-04-01,Premium,19009.66
1787,Quinn Lopez,quinn.lopez1787@example.com,IN,2024-11-10,Premium,15883.21
1788,Quinn Singh,quinn.singh1788@example.com,SG,2025-10-06,Basic,17092.16
1789,Avery Lopez,avery.lopez1789@example.com,US,2024-03-12,Basic,9484.72
1790,Omar Singh,omar.singh1790@example.com,UK,2023-02-07,Basic,13445.22
1791,Neha Garcia,neha.garcia1791@example.com,CA,2023-01-21,Premium,8173.3
1792,Alex Nguyen,alex.nguyen1792@example.com,UK,2023-01-30,Standard,9275.7
1793,Priya Patel,priya.patel1793@example.com,DE,2022-07-09,Premium,14194.72
1794,Avery Patel,avery.patel1794@example.com,SG,2023-03-24,Basic,14255.07
1795,Sofia Chen,sofia.chen1795@example.com,BR,2023-09-08,Basic,7811.34
1796,Alex Brown,alex.brown1796@example.com,AU,2023-08-02,Standard,16461.44
1797,Casey Silva,casey.silva1797@example.com,JP,2022-05-12,Basic,13969.62
1798,Neha Singh,neha.singh1798@example.com,BR,2020-05-12,Basic,17053.22
1799,Sam Khan,sam.khan1799@example.com,JP,2026-04-18,Standard,1707.69
1800,Arjun Singh,arjun.singh1800@example.com,CA,2023-07-15,Standard,13506.3
1801,Alex Garcia,alex.garcia1801@example.com,SG,2026-07-23,Premium,12504.09
1802,Omar Nguyen,omar.nguyen1802@example.com,US,2023-03-08,Basic,14893.84
1803,Avery Nguyen,avery.nguyen1803@example.com,FR,2021-06-23,Standard,12162.08
1804,Taylor Patel,taylor.patel1804@example.com,BR,2022-06-13,Premium,19843.01
1805,Jamie Garcia,jamie.garcia1805@example.com,UK,2024-06-30,Basic,8199.9
1806,Morgan Nguyen,morgan.nguyen1806@example.com,SG,2023-02-16,Standard,15421.47
1807,Taylor Khan,taylor.khan1807@example.com,AU,2025-08-19,Basic,10673.54
1808,Avery Nguyen,avery.nguyen1808@example.com,JP,2025-03-15,Standard,16531.46
1809,Sofia Garcia,sofia.garcia1809@example.com,UK,2024-06-26,Standard,116.58
1810,Priya Silva,priya.silva1810@example.com,UK,2021-02-06,Standard,11624.15
1811,Omar Nguyen,omar.nguyen1811@example.com,BR,2022-02-12,Basic,629.37
1812,Avery Garcia,avery.garcia1812@example.com,SG,2025-08-23,Premium,12011.38
1813,Omar Smith,omar.smith1813@example.com,AU,2022-10-20,Premium,11407.66
1814,Lucas Khan,lucas.khan1814@example.com,IN,2024-02-25,Premium,14872.16
1815,Neha Müller,neha.müller1815@example.com,FR,2022-03-01,Premium,9182.49
1816,Avery Garcia,avery.garcia1816@example.com,JP,2022-03-29,Standard,2696.37
1817,Sam Smith,sam.smith1817@example.com,DE,2026-06-23,Standard,9210.9
1818,Sofia Kim,sofia.kim1818@example.com,UK,2025-03-04,Basic,12845.52
1819,Priya Garcia,priya.garcia1819@example.com,DE,2025-03-08,Basic,19251.36
1820,Alex Lopez,alex.lopez1820@example.com,US,2024-07-22,Basic,19910.91
1821,Neha Patel,neha.patel1821@example.com,BR,2022-12-01,Basic,10769.96
1822,Alex Silva,alex.silva1822@example.com,JP,2020-09-01,Standard,16242.66
1823,Jordan Brown,jordan.brown1823@example.com,BR,2025-09-26,Basic,13010.11
1824,Omar Patel,omar.patel1824@example.com,IN,2021-08-20,Standard,15170.91
1825,Taylor Lopez,taylor.lopez1825@example.com,UK,2024-02-10,Standard,13147.91
1826,Casey Kim,casey.kim1826@example.com,JP,2022-05-10,Standard,1987.66
1827,Sam Silva,sam.silva1827@example.com,JP,2022-09-29,Standard,6881.74
1828,Sofia Brown,sofia.brown1828@example.com,JP,2022-11-22,Basic,5542.21
1829,Jordan Garcia,jordan.garcia1829@example.com,UK,2025-11-07,Standard,567.51
1830,Arjun Chen,arjun.chen1830@example.com,AU,2023-04-07,Standard,18898.6
1831,Riley Chen,riley.chen1831@example.com,CA,2025-04-30,Basic,8825.25
1832,Jamie Garcia,jamie.garcia1832@example.com,UK,2021-08-23,Basic,5882.04
1833,Neha Singh,neha.singh1833@example.com,DE,2020-04-24,Premium,11685.45
1834,Casey Chen,casey.chen1834@example.com,US,2022-11-28,Standard,14436.73
1835,Neha Silva,neha.silva1835@example.com,SG,2021-11-28,Standard,12894.84
1836,Priya Müller,priya.müller1836@example.com,AU,2024-03-28,Standard,12985.11
1837,Lucas Garcia,lucas.garcia1837@example.com,JP,2024-04-04,Premium,13391.46
1838,Sam Brown,sam.brown1838@example.com,DE,2023-06-20,Premium,4524.98
1839,Quinn Chen,quinn.chen1839@example.com,IN,2022-03-17,Standard,10000.87
1840,Alex Lopez,alex.lopez1840@example.com,FR,2022-07-24,Basic,4090.47
1841,Jordan Nguyen,jordan.nguyen1841@example.com,IN,2023-09-11,Basic,1390.59
1842,Sam Smith,sam.smith1842@example.com,JP,2026-05-10,Basic,4997.04
1843,Quinn Lopez,quinn.lopez1843@example.com,UK,2022-09-30,Premium,13808.27
1844,Sofia Garcia,sofia.garcia1844@example.com,US,2022-12-24,Basic,5585.66
1845,Morgan Lopez,morgan.lopez1845@example.com,IN,2021-06-26,Basic,6090.08
1846,Morgan Kim,morgan.kim1846@example.com,DE,2026-07-26,Basic,9571.78
1847,Taylor Müller,taylor.müller1847@example.com,US,2023-07-30,Basic,1507.44
1848,Lucas Patel,lucas.patel1848@example.com,JP,2020-12-07,Standard,3988.06
1849,Morgan Chen,morgan.chen1849@example.com,JP,2023-05-13,Basic,241.57
1850,Omar Patel,omar.patel1850@example.com,JP,2022-03-08,Basic,16125.03
1851,Sofia Smith,sofia.smith1851@example.com,CA,2024-07-25,Basic,5451.33
1852,Riley Brown,riley.brown1852@example.com,FR,2025-06-02,Basic,5710.93
1853,Jamie Singh,jamie.singh1853@example.com,FR,2022-10-16,Standard,5542.0
1854,Jamie Khan,jamie.khan1854@example.com,JP,2021-04-01,Premium,9777.23
1855,Priya Müller,priya.müller1855@example.com,JP,2025-07-23,Premium,3616.96
1856,Omar Khan,omar.khan1856@example.com,CA,2021-01-22,Standard,6881.51
1857,Riley Kim,riley.kim1857@example.com,IN,2022-08-07,Premium,6178.65
1858,Jamie Brown,jamie.brown1858@example.com,FR,2025-04-16,Premium,13710.69
1859,Morgan Chen,morgan.chen1859@example.com,UK,2023-08-19,Premium,3878.49
1860,Neha Garcia,neha.garcia1860@example.com,UK,2021-10-05,Standard,19136.3
1861,Lucas Khan,lucas.khan1861@example.com,SG,2024-09-03,Basic,5424.19
1862,Quinn Silva,quinn.silva1862@example.com,CA,2024-02-27,Premium,6159.34
1863,Arjun Lopez,arjun.lopez1863@example.com,AU,2025-01-16,Standard,8534.69
1864,Neha Nguyen,neha.nguyen1864@example.com,US,2024-07-13,Premium,19375.17
1865,Arjun Khan,arjun.khan1865@example.com,UK,2025-02-14,Standard,438.62
1866,Morgan Kim,morgan.kim1866@example.com,CA,2023-04-22,Standard,522.4
1867,Omar Nguyen,omar.nguyen1867@example.com,AU,2026-04-04,Basic,14793.39
1868,Morgan Chen,morgan.chen1868@example.com,FR,2024-12-07,Standard,2181.35
1869,Avery Garcia,avery.garcia1869@example.com,AU,2025-05-18,Basic,11879.16
1870,Jordan Khan,jordan.khan1870@example.com,BR,2025-06-17,Premium,5638.85
1871,Neha Smith,neha.smith1871@example.com,IN,2020-08-17,Basic,6886.7
1872,Arjun Silva,arjun.silva1872@example.com,CA,2021-03-30,Standard,2728.98
1873,Sam Brown,sam.brown1873@example.com,BR,2021-09-13,Premium,11816.68
1874,Morgan Müller,morgan.müller1874@example.com,IN,2024-11-30,Premium,6590.45
1875,Quinn Müller,quinn.müller1875@example.com,FR,2023-04-08,Basic,485.94
1876,Sam Lopez,sam.lopez1876@example.com,AU,2024-01-19,Standard,14958.1
1877,Morgan Garcia,morgan.garcia1877@example.com,AU,2025-04-02,Premium,9243.03
1878,Priya Kim,priya.kim1878@example.com,CA,2022-11-11,Basic,14965.62
1879,Alex Garcia,alex.garcia1879@example.com,IN,2024-08-09,Standard,7956.34
1880,Lucas Smith,lucas.smith1880@example.com,FR,2020-09-03,Basic,7500.81
1881,Omar Smith,omar.smith1881@example.com,FR,2023-09-01,Basic,9865.59
1882,Priya Khan,priya.khan1882@example.com,IN,2020-11-05,Basic,1888.26
1883,Taylor Müller,taylor.müller1883@example.com,UK,2025-10-04,Premium,11499.81
1884,Sofia Chen,sofia.chen1884@example.com,DE,2020-10-26,Basic,8647.39
1885,Quinn Silva,quinn.silva1885@example.com,JP,2021-09-15,Basic,6642.07
1886,Riley Khan,riley.khan1886@example.com,SG,2023-10-23,Standard,10577.89
1887,Omar Smith,omar.smith1887@example.com,BR,2026-06-12,Standard,176.76
1888,Neha Smith,neha.smith1888@example.com,US,2022-07-11,Standard,8571.64
1889,Quinn Kim,,SG,2023-08-30,Basic,9182.18
1890,Morgan Chen,morgan.chen1890@example.com,AU,2026-06-20,Premium,3817.51
1891,Casey Kim,casey.kim1891@example.com,CA,2022-01-13,Premium,573.18
1892,Jordan Garcia,jordan.garcia1892@example.com,FR,2023-11-28,Premium,6582.85
1893,Priya Kim,priya.kim1893@example.com,DE,2022-04-06,Standard,3307.61
1894,Quinn Kim,quinn.kim1894@example.com,DE,2023-12-26,Premium,2789.38
1895,Sofia Patel,sofia.patel1895@example.com,BR,2020-04-14,Standard,17357.28
1896,Morgan Nguyen,morgan.nguyen1896@example.com,US,2025-01-04,Standard,8013.61
1897,Morgan Nguyen,morgan.nguyen1897@example.com,SG,2021-05-25,Premium,19386.41
1898,Taylor Garcia,taylor.garcia1898@example.com,DE,2021-05-07,Standard,14825.81
1899,Arjun Lopez,arjun.lopez1899@example.com,AU,2024-08-27,Premium,4246.03
1900,Sam Müller,sam.müller1900@example.com,AU,2025-05-11,Standard,10199.27
1901,Sofia Smith,sofia.smith1901@example.com,US,2024-04-05,Standard,8036.15
1902,Taylor Brown,taylor.brown1902@example.com,AU,2023-06-23,Premium,8711.27
1903,Jamie Kim,jamie.kim1903@example.com,IN,2024-05-15,Standard,366.21
1904,Quinn Lopez,quinn.lopez1904@example.com,AU,2020-07-04,Premium,16955.93
1905,Riley Chen,riley.chen1905@example.com,US,2021-06-08,Basic,3157.38
1906,Lucas Smith,lucas.smith1906@example.com,US,2022-05-09,Basic,13236.0
1907,Arjun Chen,arjun.chen1907@example.com,BR,2021-10-07,Standard,3489.78
1908,Casey Lopez,casey.lopez1908@example.com,UK,2024-02-04,Premium,15741.81
1909,Alex Silva,alex.silva1909@example.com,DE,2023-06-07,Standard,12524.98
1910,Quinn Chen,quinn.chen1910@example.com,AU,2020-04-26,Premium,6665.06
1911,Lucas Smith,lucas.smith1911@example.com,UK,2024-07-27,Premium,10812.52
1912,Riley Garcia,riley.garcia1912@example.com,IN,2020-03-02,Standard,17948.91
1913,Sam Nguyen,sam.nguyen1913@example.com,IN,2021-04-05,Standard,9315.44
1914,Omar Müller,omar.müller1914@example.com,JP,2021-07-04,Basic,16198.03
1915,Alex Singh,alex.singh1915@example.com,JP,2025-04-07,Standard,2607.56
1916,Arjun Chen,arjun.chen1916@example.com,IN,2025-05-11,Standard,14986.94
1917,Morgan Garcia,morgan.garcia1917@example.com,DE,2025-10-09,Premium,16118.68
1918,Casey Kim,casey.kim1918@example.com,IN,2021-01-23,Basic,8106.58
1919,Taylor Kim,taylor.kim1919@example.com,DE,2022-10-23,Premium,14614.1
1920,Jamie Brown,jamie.brown1920@example.com,JP,2025-10-30,Basic,11564.48
1921,Quinn Garcia,quinn.garcia1921@example.com,AU,2024-09-24,Standard,13240.98
1922,Jordan Lopez,jordan.lopez1922@example.com,BR,2020-07-15,Premium,19591.64
1923,Alex Garcia,alex.garcia1923@example.com,US,2022-09-01,Premium,7965.43
1924,Alex Chen,alex.chen1924@example.com,JP,2025-06-04,Standard,3795.58
1925,Neha Silva,neha.silva1925@example.com,DE,2025-01-30,Basic,5292.95
1926,Sofia Patel,sofia.patel1926@example.com,CA,2025-10-08,Standard,6778.23
1927,Riley Singh,riley.singh1927@example.com,AU,2025-06-19,Basic,9153.5
1928,Taylor Khan,taylor.khan1928@example.com,AU,2025-10-27,Standard,1309.2
1929,Arjun Nguyen,arjun.nguyen1929@example.com,US,2026-02-03,Premium,1936.94
1930,Sofia Patel,sofia.patel1930@example.com,IN,2026-03-04,Basic,5949.48
1931,Arjun Singh,arjun.singh1931@example.com,JP,2024-11-21,Basic,19687.02
1932,Sam Müller,sam.müller1932@example.com,UK,2024-06-16,Basic,3937.82
1933,Avery Smith,avery.smith1933@example.com,DE,2023-12-20,Basic,12038.68
1934,Casey Chen,casey.chen1934@example.com,FR,2025-11-20,Premium,16015.19
1935,Arjun Müller,arjun.müller1935@example.com,DE,2025-12-14,Premium,7520.72
1936,Taylor Khan,taylor.khan1936@example.com,UK,2022-07-15,Basic,3083.42
1937,Omar Kim,,CA,2020-07-19,Standard,5965.1
1938,Omar Silva,omar.silva1938@example.com,JP,2023-08-11,Premium,14444.88
1939,Jamie Smith,jamie.smith1939@example.com,IN,2022-10-26,Basic,11137.36
1940,Jamie Kim,jamie.kim1940@example.com,SG,2020-09-30,Premium,15115.63
1941,Casey Garcia,casey.garcia1941@example.com,JP,2021-10-18,Premium,7855.2
1942,Riley Khan,riley.khan1942@example.com,BR,2024-05-20,Basic,3907.76
1943,Arjun Patel,arjun.patel1943@example.com,DE,2023-02-05,Premium,17858.14
1944,Taylor Lopez,taylor.lopez1944@example.com,SG,2021-09-13,Premium,8895.46
1945,Quinn Brown,quinn.brown1945@example.com,US,2021-04-25,Basic,6257.65
1946,Taylor Khan,taylor.khan1946@example.com,SG,2025-04-13,Premium,13225.41
1947,Jamie Patel,jamie.patel1947@example.com,FR,2025-02-04,Premium,1454.53
1948,Priya Singh,priya.singh1948@example.com,US,2024-04-11,Standard,2301.11
1949,Sofia Nguyen,sofia.nguyen1949@example.com,SG,2021-11-20,Basic,13844.17
1950,Lucas Singh,lucas.singh1950@example.com,DE,2025-11-11,Premium,1817.03
1951,Arjun Kim,arjun.kim1951@example.com,JP,2024-11-06,Standard,1180.22
1952,Taylor Singh,taylor.singh1952@example.com,CA,2022-10-27,Basic,10181.08
1953,Omar Khan,omar.khan1953@example.com,CA,2023-12-31,Premium,307.88
1954,Lucas Kim,lucas.kim1954@example.com,SG,2025-07-20,Premium,11842.13
1955,Quinn Patel,quinn.patel1955@example.com,JP,2026-04-15,Basic,16756.37
1956,Neha Chen,neha.chen1956@example.com,FR,2024-04-16,Premium,12053.16
1957,Taylor Chen,taylor.chen1957@example.com,IN,2021-04-26,Premium,7245.98
1958,Omar Nguyen,omar.nguyen1958@example.com,US,2023-11-23,Basic,15773.32
1959,Sofia Chen,,FR,2020-06-01,Standard,16272.56
1960,Omar Khan,omar.khan1960@example.com,US,2022-06-03,Basic,3655.72
1961,Priya Patel,priya.patel1961@example.com,CA,2024-08-15,Premium,14594.69
1962,Quinn Brown,quinn.brown1962@example.com,AU,2023-12-14,Premium,5568.82
1963,Jordan Brown,jordan.brown1963@example.com,JP,2022-12-13,Premium,4227.15
1964,Priya Lopez,priya.lopez1964@example.com,BR,2023-11-28,Premium,16902.16
1965,Sam Brown,sam.brown1965@example.com,AU,2026-01-13,Basic,16112.86
1966,Avery Brown,avery.brown1966@example.com,CA,2021-02-18,Basic,1854.13
1967,Neha Brown,neha.brown1967@example.com,SG,2025-07-29,Basic,3764.53
1968,Neha Kim,neha.kim1968@example.com,CA,2025-06-11,Standard,6773.17
1969,Sofia Brown,sofia.brown1969@example.com,UK,2021-11-21,Standard,367.75
1970,Morgan Chen,morgan.chen1970@example.com,CA,2025-09-04,Basic,12864.04
1971,Jamie Müller,jamie.müller1971@example.com,FR,2021-12-29,Standard,12388.5
1972,Sam Kim,sam.kim1972@example.com,IN,2021-01-05,Basic,11979.49
1973,Neha Singh,neha.singh1973@example.com,UK,2023-10-25,Basic,7108.3
1974,Casey Nguyen,casey.nguyen1974@example.com,IN,2023-04-18,Basic,11423.63
1975,Sam Brown,sam.brown1975@example.com,DE,2024-12-17,Premium,4955.78
1976,Casey Khan,casey.khan1976@example.com,CA,2020-04-17,Standard,4528.15
1977,Avery Kim,avery.kim1977@example.com,DE,2024-12-08,Basic,16239.93
1978,Casey Smith,casey.smith1978@example.com,CA,2022-09-25,Premium,17157.75
1979,Lucas Silva,lucas.silva1979@example.com,BR,2026-03-28,Basic,19967.53
1980,Morgan Nguyen,morgan.nguyen1980@example.com,UK,2025-10-25,Basic,8022.36
1981,Neha Lopez,neha.lopez1981@example.com,CA,2024-01-30,Standard,8654.73
1982,Arjun Kim,arjun.kim1982@example.com,AU,2026-01-22,Standard,1586.96
1983,Casey Brown,casey.brown1983@example.com,DE,2026-01-13,Basic,2618.86
1984,Lucas Müller,lucas.müller1984@example.com,AU,2021-03-05,Basic,4595.1
1985,Arjun Lopez,arjun.lopez1985@example.com,FR,2022-07-06,Standard,5419.21
1986,Jordan Silva,jordan.silva1986@example.com,SG,2024-11-28,Standard,11841.71
1987,Sam Garcia,sam.garcia1987@example.com,US,2026-04-12,Standard,11201.97
1988,Jordan Brown,jordan.brown1988@example.com,JP,2021-08-28,Premium,13656.04
1989,Sam Lopez,sam.lopez1989@example.com,CA,2026-05-22,Standard,18949.65
1990,Alex Lopez,alex.lopez1990@example.com,SG,2025-07-03,Standard,14099.15
1991,Casey Nguyen,casey.nguyen1991@example.com,DE,2025-01-25,Standard,10790.99
1992,Jamie Brown,jamie.brown1992@example.com,DE,2026-05-23,Basic,18928.04
1993,Casey Müller,casey.müller1993@example.com,SG,2023-07-12,Premium,19419.23
1994,Jordan Lopez,jordan.lopez1994@example.com,AU,2021-05-05,Premium,12296.32
1995,Omar Lopez,omar.lopez1995@example.com,UK,2022-03-08,Premium,19596.65
1996,Riley Garcia,riley.garcia1996@example.com,US,2025-07-20,Basic,2434.03
1997,Sam Patel,sam.patel1997@example.com,BR,2026-06-09,Basic,18983.15
1998,Neha Nguyen,neha.nguyen1998@example.com,BR,2025-04-27,Premium,16952.95
1999,Riley Patel,riley.patel1999@example.com,CA,2023-12-25,Premium,14159.9
2000,Quinn Silva,quinn.silva2000@example.com,IN,2022-01-25,Standard,8058.48
2001,Avery Brown,avery.brown2001@example.com,IN,2023-10-23,Standard,15048.72
2002,Quinn Smith,quinn.smith2002@example.com,SG,2020-09-06,Basic,1229.97
2003,Arjun Patel,arjun.patel2003@example.com,UK,2020-01-08,Basic,300.94
2004,Priya Nguyen,priya.nguyen2004@example.com,CA,2020-04-23,Basic,11289.13
2005,Sam Garcia,sam.garcia2005@example.com,DE,2025-08-02,Premium,10727.52
2006,Arjun Patel,arjun.patel2006@example.com,UK,2024-03-12,Basic,3579.72
2007,Sofia Lopez,sofia.lopez2007@example.com,UK,2025-09-09,Premium,16296.51
2008,Sofia Smith,sofia.smith2008@example.com,SG,2020-06-07,Basic,17770.26
2009,Taylor Singh,taylor.singh2009@example.com,CA,2021-03-17,Standard,13676.49
2010,Riley Patel,riley.patel2010@example.com,JP,2022-03-02,Basic,3147.29
2011,Priya Silva,priya.silva2011@example.com,FR,2024-05-11,Standard,18883.02
2012,Sam Brown,sam.brown2012@example.com,DE,2024-02-06,Premium,4827.05
2013,Lucas Kim,lucas.kim2013@example.com,BR,2020-06-19,Standard,1219.55
2014,Lucas Khan,lucas.khan2014@example.com,SG,2021-02-08,Basic,1864.52
2015,Priya Müller,priya.müller2015@example.com,SG,2026-06-13,Basic,10661.92
2016,Neha Müller,neha.müller2016@example.com,DE,2023-03-03,Standard,2752.74
2017,Morgan Singh,morgan.singh2017@example.com,BR,2024-07-13,Standard,7572.49
2018,Lucas Smith,lucas.smith2018@example.com,JP,2021-03-03,Standard,11247.0
2019,Neha Singh,neha.singh2019@example.com,JP,2023-03-22,Basic,13993.09
2020,Jordan Kim,jordan.kim2020@example.com,IN,2023-06-11,Basic,14969.64
2021,Riley Khan,riley.khan2021@example.com,AU,2020-07-15,Basic,607.86
2022,Jamie Nguyen,jamie.nguyen2022@example.com,DE,2023-12-11,Basic,1096.08
2023,Omar Lopez,omar.lopez2023@example.com,FR,2025-11-16,Premium,10199.47
2024,Jordan Kim,jordan.kim2024@example.com,IN,2025-02-15,Premium,17852.5
2025,Priya Patel,priya.patel2025@example.com,DE,2025-07-21,Premium,11444.35
2026,Alex Smith,alex.smith2026@example.com,BR,2022-04-23,Basic,2370.8
2027,Jamie Smith,jamie.smith2027@example.com,DE,2023-09-16,Premium,19742.36
2028,Avery Brown,avery.brown2028@example.com,BR,2020-07-02,Premium,2876.3
2029,Avery Chen,avery.chen2029@example.com,CA,2024-09-27,Basic,11432.27
2030,Jamie Kim,jamie.kim2030@example.com,CA,2024-08-03,Basic,254.04
2031,Omar Nguyen,omar.nguyen2031@example.com,CA,2022-02-15,Standard,5105.84
2032,Alex Khan,alex.khan2032@example.com,BR,2020-06-20,Basic,15354.18
2033,Casey Khan,casey.khan2033@example.com,DE,2020-10-15,Basic,2331.89
2034,Riley Silva,riley.silva2034@example.com,IN,2022-01-21,Basic,6581.2
2035,Quinn Khan,quinn.khan2035@example.com,BR,2023-03-12,Basic,5764.46
2036,Quinn Patel,quinn.patel2036@example.com,IN,2024-06-05,Premium,19006.67
2037,Lucas Kim,lucas.kim2037@example.com,UK,2025-10-23,Premium,9405.69
2038,Taylor Patel,taylor.patel2038@example.com,DE,2020-06-04,Standard,3730.34
2039,Sam Kim,sam.kim2039@example.com,BR,2024-02-28,Standard,14780.01
2040,Sofia Chen,sofia.chen2040@example.com,US,2025-08-24,Premium,15382.56
2041,Priya Smith,priya.smith2041@example.com,SG,2020-02-28,Premium,6859.88
2042,Quinn Garcia,quinn.garcia2042@example.com,AU,2025-03-07,Premium,18036.18
2043,Jordan Nguyen,jordan.nguyen2043@example.com,BR,2021-09-19,Standard,10136.61
2044,Avery Garcia,avery.garcia2044@example.com,DE,2023-10-07,Basic,14437.56
2045,Alex Silva,alex.silva2045@example.com,IN,2022-10-03,Basic,10594.7
2046,Riley Garcia,riley.garcia2046@example.com,FR,2023-07-24,Premium,2271.75
2047,Sam Nguyen,sam.nguyen2047@example.com,FR,2025-12-28,Premium,12390.8
2048,Riley Lopez,riley.lopez2048@example.com,AU,2024-02-26,Premium,2912.56
2049,Taylor Khan,taylor.khan2049@example.com,DE,2020-01-25,Standard,118.25
2050,Jordan Nguyen,jordan.nguyen2050@example.com,SG,2021-05-05,Premium,15255.42
2051,Jordan Chen,jordan.chen2051@example.com,FR,2020-10-29,Premium,12994.81
2052,Lucas Chen,lucas.chen2052@example.com,BR,2023-03-02,Basic,12340.18
2053,Sofia Lopez,sofia.lopez2053@example.com,DE,2025-07-02,Basic,5038.34
2054,Sofia Silva,sofia.silva2054@example.com,UK,2025-02-03,Basic,17594.91
2055,Avery Garcia,avery.garcia2055@example.com,CA,2021-12-15,Standard,19982.85
2056,Riley Brown,riley.brown2056@example.com,US,2024-11-03,Standard,2922.48
2057,Sofia Nguyen,sofia.nguyen2057@example.com,FR,2022-07-18,Standard,2544.23
2058,Arjun Kim,arjun.kim2058@example.com,BR,2024-09-20,Standard,9238.6
2059,Sofia Silva,sofia.silva2059@example.com,BR,2025-03-13,Standard,6789.14
2060,Neha Garcia,neha.garcia2060@example.com,FR,2022-04-23,Premium,4378.34
2061,Morgan Chen,morgan.chen2061@example.com,DE,2024-01-28,Standard,10986.7
2062,Omar Brown,omar.brown2062@example.com,CA,2022-05-24,Standard,2869.56
2063,Taylor Müller,taylor.müller2063@example.com,JP,2023-05-15,Basic,8271.75
2064,Morgan Kim,morgan.kim2064@example.com,AU,2026-03-09,Premium,13210.05
2065,Omar Garcia,omar.garcia2065@example.com,JP,2020-04-07,Basic,4168.74
2066,Riley Singh,riley.singh2066@example.com,SG,2021-09-30,Basic,8067.44
2067,Morgan Garcia,morgan.garcia2067@example.com,BR,2023-07-20,Standard,4951.68
2068,Casey Silva,casey.silva2068@example.com,AU,2025-12-13,Basic,12580.31
2069,Jordan Khan,jordan.khan2069@example.com,IN,2020-09-24,Premium,478.25
2070,Jordan Brown,jordan.brown2070@example.com,IN,2023-07-07,Standard,4099.99
2071,Casey Kim,casey.kim2071@example.com,CA,2020-09-27,Standard,12483.47
2072,Priya Chen,priya.chen2072@example.com,JP,2025-04-29,Standard,14086.88
2073,Jamie Singh,jamie.singh2073@example.com,IN,2026-04-20,Premium,18021.3
2074,Casey Garcia,casey.garcia2074@example.com,BR,2021-04-30,Basic,18209.12
2075,Omar Garcia,omar.garcia2075@example.com,FR,2026-03-12,Basic,9417.88
2076,Quinn Lopez,quinn.lopez2076@example.com,DE,2021-04-09,Basic,18910.77
2077,Sofia Patel,sofia.patel2077@example.com,US,2021-07-09,Standard,9482.62
2078,Lucas Garcia,lucas.garcia2078@example.com,US,2026-07-28,Basic,19756.07
2079,Arjun Silva,arjun.silva2079@example.com,SG,2026-05-31,Premium,8974.3
2080,Alex Silva,alex.silva2080@example.com,SG,2023-11-09,Standard,19756.92
2081,Arjun Patel,arjun.patel2081@example.com,UK,2021-07-06,Basic,6037.09
2082,Neha Garcia,neha.garcia2082@example.com,IN,2022-03-18,Basic,6447.94
2083,Sam Brown,sam.brown2083@example.com,SG,2025-07-19,Premium,12456.15
2084,Omar Garcia,omar.garcia2084@example.com,AU,2022-11-01,Premium,10292.78
2085,Alex Silva,alex.silva2085@example.com,AU,2021-11-14,Premium,13005.63
2086,Jamie Singh,jamie.singh2086@example.com,JP,2024-11-08,Standard,857.09
2087,Sofia Khan,sofia.khan2087@example.com,IN,2023-09-25,Basic,675.91
2088,Alex Lopez,alex.lopez2088@example.com,SG,2020-03-19,Standard,7644.39
2089,Lucas Nguyen,lucas.nguyen2089@example.com,BR,2020-05-27,Basic,13454.48
2090,Neha Brown,neha.brown2090@example.com,AU,2025-09-30,Standard,8173.54
2091,Priya Garcia,priya.garcia2091@example.com,AU,2022-12-07,Basic,3898.42
2092,Jamie Singh,jamie.singh2092@example.com,IN,2025-01-16,Basic,1741.67
2093,Priya Müller,priya.müller2093@example.com,IN,2020-04-04,Premium,16134.22
2094,Taylor Kim,taylor.kim2094@example.com,IN,2021-12-26,Standard,1345.94
2095,Avery Patel,avery.patel2095@example.com,IN,2020-02-09,Basic,318.27
2096,Priya Chen,priya.chen2096@example.com,IN,2021-10-01,Basic,12541.22
2097,Sofia Khan,sofia.khan2097@example.com,AU,2021-03-09,Basic,2483.47
2098,Casey Kim,casey.kim2098@example.com,IN,2022-01-30,Premium,14379.18
2099,Sam Smith,sam.smith2099@example.com,BR,2022-08-12,Premium,1047.47
2100,Sam Nguyen,sam.nguyen2100@example.com,AU,2025-12-08,Premium,9547.08
2101,Morgan Lopez,morgan.lopez2101@example.com,JP,2022-02-01,Standard,5796.87
2102,Jordan Silva,jordan.silva2102@example.com,UK,2025-09-10,Premium,1637.19
2103,Morgan Singh,morgan.singh2103@example.com,UK,2026-01-29,Basic,19455.84
2104,Taylor Lopez,taylor.lopez2104@example.com,IN,2022-02-09,Premium,16979.9
2105,Avery Garcia,avery.garcia2105@example.com,BR,2023-04-30,Basic,8275.03
2106,Jamie Kim,jamie.kim2106@example.com,BR,2022-10-24,Standard,14722.09
2107,Alex Khan,alex.khan2107@example.com,CA,2023-02-26,Premium,1339.83
2108,Sam Silva,sam.silva2108@example.com,AU,2020-09-04,Basic,15125.22
2109,Omar Patel,omar.patel2109@example.com,JP,2020-02-19,Basic,13506.3
2110,Priya Chen,priya.chen2110@example.com,AU,2020-09-26,Basic,5285.62
2111,Priya Silva,priya.silva2111@example.com,AU,2025-05-21,Standard,10018.91
2112,Lucas Brown,lucas.brown2112@example.com,FR,2022-02-18,Premium,11765.22
2113,Jordan Lopez,jordan.lopez2113@example.com,AU,2024-08-05,Standard,17605.49
2114,Priya Nguyen,priya.nguyen2114@example.com,JP,2025-03-17,Standard,3096.06
2115,Neha Nguyen,neha.nguyen2115@example.com,US,2021-07-25,Standard,7660.07
2116,Casey Nguyen,casey.nguyen2116@example.com,AU,2020-02-27,Standard,15837.93
2117,Riley Garcia,riley.garcia2117@example.com,SG,2022-01-23,Premium,1942.18
2118,Neha Silva,neha.silva2118@example.com,UK,2023-01-14,Standard,3995.24
2119,Lucas Nguyen,lucas.nguyen2119@example.com,UK,2023-05-28,Basic,5589.51
2120,Morgan Silva,morgan.silva2120@example.com,SG,2025-08-06,Standard,8730.4
2121,Riley Silva,riley.silva2121@example.com,US,2023-12-18,Premium,1384.78
2122,Priya Lopez,priya.lopez2122@example.com,JP,2023-03-31,Premium,4741.29
2123,Lucas Kim,lucas.kim2123@example.com,BR,2025-07-02,Premium,19139.29
2124,Riley Brown,riley.brown2124@example.com,CA,2024-10-23,Basic,2480.86
2125,Casey Müller,casey.müller2125@example.com,CA,2023-10-29,Basic,7498.43
2126,Casey Brown,casey.brown2126@example.com,SG,2025-04-23,Premium,403.31
2127,Arjun Nguyen,arjun.nguyen2127@example.com,DE,2022-05-07,Standard,13781.22
2128,Priya Khan,priya.khan2128@example.com,JP,2023-02-23,Basic,6848.11
2129,Priya Lopez,priya.lopez2129@example.com,DE,2021-06-04,Standard,15642.82
2130,Avery Lopez,avery.lopez2130@example.com,SG,2022-08-28,Premium,9797.33
2131,Lucas Smith,lucas.smith2131@example.com,AU,2025-09-23,Premium,7713.66
2132,Casey Chen,casey.chen2132@example.com,AU,2020-11-29,Basic,9844.26
2133,Quinn Patel,quinn.patel2133@example.com,JP,2024-05-14,Premium,15836.07
2134,Quinn Lopez,quinn.lopez2134@example.com,UK,2024-01-30,Premium,9501.25
2135,Avery Khan,avery.khan2135@example.com,US,2023-09-02,Standard,16505.49
2136,Lucas Müller,lucas.müller2136@example.com,UK,2023-01-22,Standard,9719.72
2137,Priya Chen,priya.chen2137@example.com,FR,2022-03-30,Basic,3804.49
2138,Taylor Singh,taylor.singh2138@example.com,US,2022-03-09,Basic,15987.03
2139,Jamie Kim,jamie.kim2139@example.com,BR,2024-09-28,Basic,16380.8
2140,Alex Singh,alex.singh2140@example.com,CA,2022-04-16,Premium,5957.26
2141,Alex Khan,alex.khan2141@example.com,BR,2020-11-18,Standard,9325.54
2142,Casey Silva,casey.silva2142@example.com,BR,2026-03-24,Premium,11897.21
2143,Priya Patel,priya.patel2143@example.com,CA,2025-02-10,Standard,3995.72
2144,Sofia Singh,sofia.singh2144@example.com,UK,2026-07-30,Premium,6489.93
2145,Alex Patel,alex.patel2145@example.com,US,2023-08-30,Basic,9568.18
2146,Casey Brown,casey.brown2146@example.com,BR,2026-03-03,Premium,12596.36
2147,Priya Nguyen,priya.nguyen2147@example.com,UK,2023-08-30,Basic,16729.66
2148,Jordan Khan,jordan.khan2148@example.com,CA,2023-08-20,Basic,15142.0
2149,Jordan Müller,jordan.müller2149@example.com,US,2021-06-24,Standard,1324.36
2150,Sam Garcia,sam.garcia2150@example.com,UK,2021-02-22,Basic,3309.47
2151,Avery Patel,avery.patel2151@example.com,AU,2024-01-02,Standard,1669.12
2152,Priya Patel,priya.patel2152@example.com,JP,2024-06-28,Basic,1289.9
2153,Omar Khan,omar.khan2153@example.com,BR,2021-09-26,Basic,16465.78
2154,Morgan Silva,morgan.silva2154@example.com,UK,2021-04-17,Standard,4586.55
2155,Jordan Khan,jordan.khan2155@example.com,FR,2020-04-09,Premium,12875.91
2156,Avery Silva,avery.silva2156@example.com,US,2020-06-21,Premium,15182.63
2157,Casey Garcia,casey.garcia2157@example.com,FR,2023-08-01,Standard,7781.13
2158,Neha Smith,neha.smith2158@example.com,FR,2023-04-01,Standard,519.09
2159,Omar Müller,omar.müller2159@example.com,IN,2020-06-13,Premium,11813.89
2160,Morgan Kim,morgan.kim2160@example.com,SG,2025-07-06,Premium,7020.16
2161,Sam Chen,sam.chen2161@example.com,AU,2025-09-16,Premium,7973.77
2162,Casey Müller,casey.müller2162@example.com,US,2023-02-26,Standard,11147.44
2163,Neha Garcia,neha.garcia2163@example.com,DE,2022-11-15,Standard,3955.66
2164,Quinn Nguyen,quinn.nguyen2164@example.com,IN,2023-03-14,Standard,624.91
2165,Neha Kim,neha.kim2165@example.com,UK,2021-04-06,Premium,7779.67
2166,Taylor Lopez,taylor.lopez2166@example.com,DE,2022-03-30,Basic,14727.27
2167,Jamie Lopez,jamie.lopez2167@example.com,DE,2023-05-27,Standard,9302.41
2168,Avery Chen,avery.chen2168@example.com,CA,2022-06-07,Basic,525.06
2169,Alex Kim,alex.kim2169@example.com,UK,2023-09-29,Premium,10016.87
2170,Neha Lopez,neha.lopez2170@example.com,AU,2025-02-18,Standard,12056.17
2171,Riley Silva,riley.silva2171@example.com,JP,2026-04-16,Basic,5742.58
2172,Avery Patel,avery.patel2172@example.com,SG,2021-03-15,Premium,17060.99
2173,Jordan Smith,jordan.smith2173@example.com,CA,2020-01-01,Standard,8928.96
2174,Riley Patel,riley.patel2174@example.com,US,2024-02-16,Premium,12933.15
2175,Omar Lopez,omar.lopez2175@example.com,AU,2020-11-07,Standard,8378.87
2176,Alex Singh,alex.singh2176@example.com,US,2021-05-06,Standard,2879.67
2177,Sofia Kim,sofia.kim2177@example.com,IN,2020-05-04,Standard,3532.9
2178,Taylor Patel,taylor.patel2178@example.com,DE,2025-02-07,Basic,13913.63
2179,Quinn Singh,quinn.singh2179@example.com,US,2026-04-25,Standard,1312.51
2180,Casey Kim,casey.kim2180@example.com,IN,2024-06-16,Basic,7579.63
2181,Jordan Silva,jordan.silva2181@example.com,BR,2025-03-22,Standard,3541.71
2182,Alex Chen,alex.chen2182@example.com,US,2020-09-15,Standard,14212.54
2183,Lucas Kim,lucas.kim2183@example.com,CA,2020-04-09,Basic,5475.65
2184,Morgan Kim,morgan.kim2184@example.com,JP,2020-01-08,Basic,930.26
2185,Omar Müller,omar.müller2185@example.com,JP,2022-08-06,Basic,16976.71
2186,Jordan Singh,jordan.singh2186@example.com,AU,2020-12-28,Basic,7377.58
2187,Lucas Müller,lucas.müller2187@example.com,UK,2024-03-08,Basic,18041.33
2188,Casey Brown,casey.brown2188@example.com,AU,2024-07-25,Premium,11625.23
2189,Arjun Silva,arjun.silva2189@example.com,AU,2023-04-12,Premium,16293.84
2190,Lucas Khan,lucas.khan2190@example.com,FR,2024-07-28,Standard,19229.66
2191,Sam Chen,sam.chen2191@example.com,CA,2021-07-17,Standard,18498.15
2192,Sofia Silva,sofia.silva2192@example.com,FR,2021-11-03,Premium,6901.9
2193,Casey Chen,casey.chen2193@example.com,AU,2026-01-21,Basic,16648.66
2194,Riley Chen,riley.chen2194@example.com,UK,2022-04-23,Basic,7957.19
2195,Omar Patel,omar.patel2195@example.com,FR,2026-02-06,Premium,10415.4
2196,Alex Singh,alex.singh2196@example.com,FR,2021-11-05,Basic,4574.31
2197,Priya Silva,priya.silva2197@example.com,IN,2023-08-26,Basic,16737.55
2198,Arjun Müller,arjun.müller2198@example.com,BR,2025-11-12,Basic,16396.25
2199,Avery Chen,avery.chen2199@example.com,AU,2024-07-29,Basic,15043.73
2200,Taylor Kim,taylor.kim2200@example.com,JP,2021-09-29,Basic,17909.93
2201,Morgan Lopez,morgan.lopez2201@example.com,US,2025-08-28,Premium,9929.3
2202,Sam Lopez,sam.lopez2202@example.com,CA,2022-09-17,Standard,6092.01
2203,Morgan Müller,morgan.müller2203@example.com,IN,2022-02-21,Premium,373.59
2204,Jamie Patel,jamie.patel2204@example.com,DE,2022-01-30,Basic,1473.16
2205,Quinn Silva,quinn.silva2205@example.com,IN,2024-09-24,Standard,13248.62
2206,Alex Lopez,alex.lopez2206@example.com,SG,2023-05-14,Standard,7785.56
2207,Morgan Singh,morgan.singh2207@example.com,BR,2025-05-13,Basic,12315.32
2208,Jordan Khan,jordan.khan2208@example.com,JP,2020-05-09,Standard,6426.66
2209,Alex Singh,alex.singh2209@example.com,JP,2024-04-20,Basic,15407.26
2210,Omar Lopez,omar.lopez2210@example.com,SG,2023-12-08,Basic,9831.65
2211,Alex Nguyen,alex.nguyen2211@example.com,US,2025-06-19,Premium,9523.69
2212,Sam Patel,sam.patel2212@example.com,DE,2021-01-20,Standard,7628.03
2213,Priya Kim,priya.kim2213@example.com,SG,2025-04-06,Premium,6491.31
2214,Sofia Kim,sofia.kim2214@example.com,SG,2024-08-08,Premium,255.36
2215,Casey Chen,casey.chen2215@example.com,US,2025-09-04,Standard,1428.54
2216,Riley Silva,riley.silva2216@example.com,CA,2026-05-03,Standard,16036.09
2217,Jordan Singh,jordan.singh2217@example.com,SG,2021-04-26,Basic,10358.89
2218,Riley Silva,riley.silva2218@example.com,CA,2021-10-28,Premium,5841.22
2219,Priya Nguyen,priya.nguyen2219@example.com,IN,2021-09-26,Premium,4022.51
2220,Lucas Kim,lucas.kim2220@example.com,US,2024-05-05,Basic,16145.71
2221,Riley Nguyen,riley.nguyen2221@example.com,US,2023-05-23,Premium,4507.28
2222,Lucas Kim,lucas.kim2222@example.com,JP,2021-04-20,Premium,3330.44
2223,Casey Lopez,casey.lopez2223@example.com,SG,2026-04-24,Premium,8790.04
2224,Arjun Lopez,arjun.lopez2224@example.com,BR,2020-03-25,Basic,10527.25
2225,Arjun Khan,arjun.khan2225@example.com,FR,2021-03-11,Standard,9499.48
2226,Quinn Nguyen,quinn.nguyen2226@example.com,FR,2024-09-25,Premium,1350.25
2227,Quinn Khan,quinn.khan2227@example.com,AU,2025-04-28,Standard,10166.92
2228,Avery Garcia,avery.garcia2228@example.com,IN,2020-04-08,Premium,1773.23
2229,Riley Khan,riley.khan2229@example.com,DE,2025-01-01,Basic,19930.58
2230,Arjun Müller,arjun.müller2230@example.com,CA,2025-05-11,Premium,19418.76
2231,Riley Chen,riley.chen2231@example.com,BR,2021-04-19,Basic,843.13
2232,Morgan Garcia,morgan.garcia2232@example.com,CA,2021-06-29,Basic,14044.4
2233,Alex Brown,alex.brown2233@example.com,US,2025-09-20,Premium,2299.41
2234,Quinn Chen,quinn.chen2234@example.com,FR,2020-02-06,Standard,17613.67
2235,Casey Brown,casey.brown2235@example.com,DE,2025-05-21,Premium,3813.91
2236,Lucas Silva,lucas.silva2236@example.com,JP,2022-05-27,Premium,3489.74
2237,Sam Garcia,sam.garcia2237@example.com,UK,2025-09-19,Premium,17230.65
2238,Sam Silva,sam.silva2238@example.com,FR,2020-10-24,Basic,3336.42
2239,Omar Khan,omar.khan2239@example.com,AU,2022-07-12,Standard,8157.51
2240,Omar Smith,omar.smith2240@example.com,AU,2024-06-04,Premium,3892.48
2241,Arjun Nguyen,arjun.nguyen2241@example.com,JP,2022-07-09,Basic,18154.78
2242,Lucas Chen,lucas.chen2242@example.com,FR,2024-07-23,Basic,17443.83
2243,Riley Kim,riley.kim2243@example.com,SG,2025-11-05,Standard,9967.81
2244,Sam Nguyen,sam.nguyen2244@example.com,SG,2020-05-06,Standard,1373.36
2245,Sam Lopez,sam.lopez2245@example.com,UK,2020-06-12,Standard,5583.92
2246,Quinn Silva,quinn.silva2246@example.com,AU,2023-05-28,Basic,12125.65
2247,Jamie Silva,jamie.silva2247@example.com,FR,2025-06-20,Standard,15160.48
2248,Casey Silva,casey.silva2248@example.com,AU,2021-01-07,Basic,9819.03
2249,Priya Müller,priya.müller2249@example.com,FR,2020-09-14,Standard,12600.97
2250,Quinn Singh,quinn.singh2250@example.com,SG,2025-10-04,Premium,6295.38
2251,Priya Kim,priya.kim2251@example.com,SG,2022-02-22,Standard,19448.2
2252,Morgan Brown,morgan.brown2252@example.com,FR,2024-08-12,Standard,5315.01
2253,Omar Khan,omar.khan2253@example.com,DE,2021-07-24,Basic,5935.56
2254,Arjun Lopez,arjun.lopez2254@example.com,FR,2026-03-14,Standard,4129.07
2255,Sofia Chen,sofia.chen2255@example.com,FR,2021-12-11,Premium,14505.62
2256,Jamie Khan,jamie.khan2256@example.com,DE,2022-04-22,Basic,15809.4
2257,Priya Garcia,priya.garcia2257@example.com,JP,2024-03-15,Premium,7863.02
2258,Quinn Chen,quinn.chen2258@example.com,JP,2026-01-10,Standard,2969.48
2259,Sam Singh,sam.singh2259@example.com,IN,2024-03-22,Basic,19678.16
2260,Alex Patel,alex.patel2260@example.com,DE,2022-11-09,Standard,9122.47
2261,Quinn Müller,quinn.müller2261@example.com,SG,2024-09-18,Premium,5350.74
2262,Omar Khan,omar.khan2262@example.com,JP,2021-03-18,Standard,8771.59
2263,Priya Patel,priya.patel2263@example.com,UK,2022-01-11,Premium,7258.63
2264,Jordan Smith,jordan.smith2264@example.com,IN,2023-02-10,Premium,10992.39
2265,Quinn Garcia,quinn.garcia2265@example.com,IN,2024-09-29,Premium,846.75
2266,Jordan Smith,jordan.smith2266@example.com,IN,2023-10-14,Basic,14405.46
2267,Jamie Nguyen,jamie.nguyen2267@example.com,DE,2022-08-02,Premium,12385.32
2268,Quinn Müller,quinn.müller2268@example.com,AU,2022-08-26,Premium,507.93
2269,Priya Kim,priya.kim2269@example.com,UK,2024-04-18,Premium,10857.14
2270,Alex Garcia,alex.garcia2270@example.com,IN,2026-05-28,Basic,12301.94
2271,Quinn Silva,quinn.silva2271@example.com,IN,2021-01-26,Premium,16915.38
2272,Avery Kim,avery.kim2272@example.com,JP,2021-11-09,Premium,18356.63
2273,Quinn Patel,quinn.patel2273@example.com,US,2022-09-05,Basic,6204.46
2274,Neha Silva,neha.silva2274@example.com,DE,2022-08-09,Premium,16953.28
2275,Omar Lopez,omar.lopez2275@example.com,JP,2024-12-17,Premium,14796.33
2276,Neha Chen,neha.chen2276@example.com,BR,2020-04-04,Basic,15312.86
2277,Morgan Khan,morgan.khan2277@example.com,JP,2024-11-23,Basic,6878.66
2278,Alex Silva,alex.silva2278@example.com,FR,2024-05-07,Standard,12150.75
2279,Arjun Garcia,arjun.garcia2279@example.com,IN,2024-03-26,Premium,15772.0
2280,Morgan Kim,morgan.kim2280@example.com,AU,2023-12-17,Standard,5519.13
2281,Jamie Kim,jamie.kim2281@example.com,BR,2025-04-07,Premium,13745.52
2282,Avery Khan,avery.khan2282@example.com,IN,2025-01-26,Basic,16012.01
2283,Neha Chen,neha.chen2283@example.com,AU,2024-01-12,Standard,458.86
2284,Omar Lopez,omar.lopez2284@example.com,JP,2024-10-03,Premium,8775.38
2285,Arjun Kim,arjun.kim2285@example.com,CA,2024-02-10,Standard,9596.69
2286,Riley Kim,riley.kim2286@example.com,SG,2025-10-19,Basic,10642.18
2287,Morgan Smith,morgan.smith2287@example.com,BR,2024-02-02,Premium,15226.17
2288,Sam Lopez,sam.lopez2288@example.com,UK,2021-01-13,Basic,13921.49
2289,Jordan Singh,jordan.singh2289@example.com,IN,2025-11-21,Standard,9089.36
2290,Jamie Garcia,jamie.garcia2290@example.com,BR,2023-02-14,Premium,4620.32
2291,Jamie Garcia,jamie.garcia2291@example.com,FR,2020-09-30,Premium,17442.61
2292,Jordan Chen,jordan.chen2292@example.com,UK,2023-03-26,Basic,9431.45
2293,Omar Garcia,omar.garcia2293@example.com,DE,2020-03-11,Premium,12072.56
2294,Sam Patel,sam.patel2294@example.com,IN,2023-01-07,Premium,10702.37
2295,Sofia Müller,sofia.müller2295@example.com,AU,2022-01-02,Premium,10696.46
2296,Riley Kim,riley.kim2296@example.com,US,2023-08-26,Premium,15338.68
2297,Alex Müller,alex.müller2297@example.com,FR,2020-08-20,Standard,2742.23
2298,Jordan Silva,jordan.silva2298@example.com,UK,2021-06-25,Premium,17240.68
2299,Arjun Chen,arjun.chen2299@example.com,CA,2025-03-09,Premium,9126.14
2300,Taylor Lopez,taylor.lopez2300@example.com,DE,2021-10-25,Basic,12139.91
2301,Jordan Patel,jordan.patel2301@example.com,BR,2021-07-10,Premium,5779.69
2302,Lucas Khan,lucas.khan2302@example.com,BR,2026-03-04,Basic,14538.39
2303,Sofia Khan,sofia.khan2303@example.com,FR,2023-12-20,Basic,11570.56
2304,Neha Singh,neha.singh2304@example.com,FR,2024-07-27,Premium,10087.89
2305,Lucas Garcia,lucas.garcia2305@example.com,US,2022-04-27,Premium,12015.97
2306,Arjun Singh,arjun.singh2306@example.com,IN,2024-08-16,Standard,7550.09
2307,Arjun Smith,arjun.smith2307@example.com,AU,2025-06-18,Premium,15018.71
2308,Morgan Nguyen,morgan.nguyen2308@example.com,UK,2025-01-16,Basic,15820.96
2309,Casey Khan,casey.khan2309@example.com,CA,2024-06-11,Premium,2889.19
2310,Avery Silva,avery.silva2310@example.com,CA,2025-06-16,Standard,9353.66
2311,Sofia Brown,sofia.brown2311@example.com,DE,2025-03-12,Premium,8345.21
2312,Jordan Kim,jordan.kim2312@example.com,UK,2021-02-18,Standard,7512.01
2313,Arjun Silva,,BR,2024-11-10,Premium,11984.82
2314,Arjun Müller,arjun.müller2314@example.com,FR,2025-05-08,Premium,18682.84
2315,Lucas Patel,lucas.patel2315@example.com,AU,2023-09-19,Premium,6241.32
2316,Riley Smith,riley.smith2316@example.com,IN,2021-08-20,Basic,14236.55
2317,Quinn Smith,quinn.smith2317@example.com,US,2025-09-17,Premium,12631.96
2318,Arjun Smith,arjun.smith2318@example.com,JP,2024-07-10,Standard,15980.3
2319,Sofia Brown,sofia.brown2319@example.com,SG,2023-08-30,Standard,7390.95
2320,Taylor Silva,taylor.silva2320@example.com,JP,2024-11-10,Basic,771.31
2321,Sam Garcia,sam.garcia2321@example.com,BR,2023-09-14,Basic,14299.71
2322,Quinn Garcia,quinn.garcia2322@example.com,UK,2022-03-15,Premium,12356.64
2323,Quinn Nguyen,quinn.nguyen2323@example.com,DE,2020-06-20,Premium,6093.06
2324,Casey Kim,casey.kim2324@example.com,BR,2026-05-20,Premium,8380.9
2325,Casey Nguyen,casey.nguyen2325@example.com,FR,2026-05-16,Standard,19809.0
2326,Morgan Smith,morgan.smith2326@example.com,IN,2021-10-31,Premium,5346.88
2327,Lucas Patel,lucas.patel2327@example.com,DE,2025-04-02,Premium,18500.19
2328,Lucas Patel,lucas.patel2328@example.com,IN,2025-02-25,Standard,12355.13
2329,Arjun Silva,arjun.silva2329@example.com,CA,2026-06-21,Basic,10981.11
2330,Priya Khan,priya.khan2330@example.com,AU,2025-11-27,Premium,13371.65
2331,Quinn Chen,quinn.chen2331@example.com,DE,2022-07-15,Premium,8705.77
2332,Quinn Brown,quinn.brown2332@example.com,FR,2023-05-16,Standard,19456.58
2333,Neha Smith,neha.smith2333@example.com,SG,2023-05-15,Standard,2174.61
2334,Casey Müller,casey.müller2334@example.com,DE,2022-06-15,Premium,9313.73
2335,Casey Patel,casey.patel2335@example.com,FR,2025-09-02,Standard,8282.27
2336,Neha Nguyen,neha.nguyen2336@example.com,SG,2023-09-18,Standard,1668.53
2337,Riley Chen,riley.chen2337@example.com,JP,2020-09-28,Standard,18526.18
2338,Jordan Nguyen,jordan.nguyen2338@example.com,BR,2024-11-05,Premium,8313.75
2339,Alex Brown,alex.brown2339@example.com,AU,2021-04-29,Standard,4751.86
2340,Lucas Nguyen,lucas.nguyen2340@example.com,SG,2022-05-26,Standard,8630.61
2341,Avery Singh,avery.singh2341@example.com,DE,2021-11-06,Standard,3225.88
2342,Priya Chen,priya.chen2342@example.com,BR,2020-12-05,Premium,1687.79
2343,Alex Garcia,alex.garcia2343@example.com,FR,2024-10-21,Standard,17936.8
2344,Casey Smith,casey.smith2344@example.com,US,2025-04-14,Premium,702.06
2345,Jamie Brown,jamie.brown2345@example.com,AU,2026-05-31,Premium,856.58
2346,Jamie Brown,jamie.brown2346@example.com,IN,2020-06-08,Basic,1692.8
2347,Jordan Chen,jordan.chen2347@example.com,US,2022-02-26,Premium,17946.27
2348,Lucas Patel,lucas.patel2348@example.com,CA,2023-04-08,Basic,16745.15
2349,Sam Chen,sam.chen2349@example.com,CA,2021-07-21,Premium,9273.61
2350,Quinn Garcia,quinn.garcia2350@example.com,FR,2021-01-28,Standard,12149.35
2351,Jamie Smith,jamie.smith2351@example.com,BR,2023-10-19,Basic,3297.99
2352,Lucas Silva,lucas.silva2352@example.com,AU,2025-09-15,Standard,5908.38
2353,Neha Nguyen,neha.nguyen2353@example.com,DE,2023-06-20,Basic,6565.86
2354,Avery Silva,avery.silva2354@example.com,UK,2021-09-27,Premium,1635.09
2355,Taylor Garcia,taylor.garcia2355@example.com,IN,2025-01-12,Premium,3029.07
2356,Sam Singh,sam.singh2356@example.com,AU,2023-08-03,Basic,4823.12
2357,Lucas Nguyen,lucas.nguyen2357@example.com,BR,2021-05-17,Basic,13381.97
2358,Jamie Lopez,jamie.lopez2358@example.com,DE,2025-04-22,Basic,725.03
2359,Riley Nguyen,riley.nguyen2359@example.com,DE,2023-11-14,Premium,1025.8
2360,Quinn Nguyen,quinn.nguyen2360@example.com,UK,2025-07-31,Standard,13183.67
2361,Neha Lopez,neha.lopez2361@example.com,AU,2025-01-15,Premium,16324.83
2362,Omar Khan,omar.khan2362@example.com,AU,2026-05-09,Basic,3720.04
2363,Riley Singh,riley.singh2363@example.com,BR,2021-01-16,Standard,17516.64
2364,Priya Garcia,priya.garcia2364@example.com,US,2021-07-28,Premium,10280.05
2365,Lucas Singh,lucas.singh2365@example.com,DE,2022-01-09,Standard,817.06
2366,Alex Khan,alex.khan2366@example.com,AU,2023-11-05,Basic,7491.83
2367,Alex Patel,alex.patel2367@example.com,JP,2025-08-14,Premium,4260.68
2368,Priya Khan,priya.khan2368@example.com,FR,2023-01-25,Basic,7844.27
2369,Morgan Nguyen,morgan.nguyen2369@example.com,US,2025-02-06,Basic,11839.95
2370,Jamie Müller,jamie.müller2370@example.com,JP,2020-07-01,Standard,6685.48
2371,Omar Chen,omar.chen2371@example.com,IN,2025-04-27,Standard,18584.52
2372,Avery Brown,avery.brown2372@example.com,SG,2022-07-01,Standard,5330.78
2373,Jordan Kim,jordan.kim2373@example.com,SG,2022-11-06,Standard,5344.05
2374,Avery Smith,avery.smith2374@example.com,DE,2025-01-14,Premium,7969.75
2375,Omar Smith,omar.smith2375@example.com,IN,2023-01-25,Basic,16297.77
2376,Omar Smith,omar.smith2376@example.com,FR,2023-06-08,Basic,13283.12
2377,Lucas Chen,lucas.chen2377@example.com,DE,2025-12-27,Basic,11069.57
2378,Taylor Kim,taylor.kim2378@example.com,BR,2026-04-15,Basic,6605.32
2379,Morgan Smith,morgan.smith2379@example.com,BR,2020-11-22,Standard,12954.52
2380,Lucas Smith,lucas.smith2380@example.com,IN,2021-06-15,Basic,14633.78
2381,Riley Khan,riley.khan2381@example.com,CA,2022-11-19,Standard,3279.14
2382,Omar Kim,omar.kim2382@example.com,UK,2024-01-20,Premium,15313.6
2383,Jamie Singh,jamie.singh2383@example.com,FR,2026-02-25,Basic,1418.37
2384,Casey Patel,casey.patel2384@example.com,US,2022-09-08,Premium,15584.36
2385,Quinn Garcia,quinn.garcia2385@example.com,IN,2025-01-22,Standard,2472.71
2386,Sofia Müller,sofia.müller2386@example.com,IN,2025-05-25,Basic,12306.6
2387,Sam Brown,sam.brown2387@example.com,IN,2023-12-17,Premium,7788.22
2388,Morgan Müller,morgan.müller2388@example.com,CA,2020-03-15,Basic,16097.29
2389,Sam Patel,sam.patel2389@example.com,UK,2021-08-20,Standard,3248.78
2390,Morgan Silva,morgan.silva2390@example.com,AU,2020-05-02,Standard,17077.45
2391,Omar Patel,omar.patel2391@example.com,FR,2024-07-06,Premium,3392.08
2392,Lucas Chen,lucas.chen2392@example.com,IN,2022-07-17,Basic,18679.23
2393,Lucas Müller,lucas.müller2393@example.com,JP,2024-05-05,Standard,12868.42
2394,Morgan Smith,morgan.smith2394@example.com,US,2025-01-29,Premium,124.25
2395,Arjun Smith,arjun.smith2395@example.com,AU,2023-10-19,Standard,15007.17
2396,Alex Brown,alex.brown2396@example.com,JP,2020-12-15,Premium,16868.3
2397,Taylor Chen,taylor.chen2397@example.com,UK,2025-04-23,Standard,11094.02
2398,Priya Patel,priya.patel2398@example.com,SG,2020-05-13,Basic,6375.48
2399,Jamie Müller,jamie.müller2399@example.com,BR,2023-04-16,Premium,17180.21
2400,Jordan Singh,jordan.singh2400@example.com,UK,2022-11-23,Standard,19985.65
2401,Quinn Brown,quinn.brown2401@example.com,BR,2020-10-31,Basic,7307.52
2402,Lucas Singh,lucas.singh2402@example.com,CA,2024-07-24,Premium,571.65
2403,Jamie Brown,jamie.brown2403@example.com,UK,2021-01-16,Premium,18631.64
2404,Taylor Brown,taylor.brown2404@example.com,IN,2021-01-24,Standard,15371.58
2405,Priya Patel,priya.patel2405@example.com,UK,2026-06-18,Premium,11665.45
2406,Sam Kim,sam.kim2406@example.com,US,2023-02-06,Standard,16837.27
2407,Sam Lopez,sam.lopez2407@example.com,FR,2026-06-22,Basic,10943.99
2408,Jamie Patel,jamie.patel2408@example.com,BR,2020-06-15,Standard,18380.82
2409,Omar Patel,omar.patel2409@example.com,AU,2023-01-07,Basic,1088.47
2410,Sam Patel,sam.patel2410@example.com,SG,2020-01-17,Premium,17833.48
2411,Jordan Silva,jordan.silva2411@example.com,AU,2024-07-20,Basic,2182.47
2412,Riley Chen,riley.chen2412@example.com,FR,2022-10-11,Premium,6714.55
2413,Riley Khan,riley.khan2413@example.com,SG,2021-03-01,Basic,16254.35
2414,Lucas Kim,lucas.kim2414@example.com,UK,2021-11-24,Basic,19147.97
2415,Avery Nguyen,avery.nguyen2415@example.com,US,2025-11-12,Standard,11554.98
2416,Morgan Silva,morgan.silva2416@example.com,FR,2022-09-01,Premium,8622.98
2417,Neha Kim,neha.kim2417@example.com,FR,2023-04-13,Standard,2767.4
2418,Omar Chen,omar.chen2418@example.com,CA,2023-01-08,Premium,12346.88
2419,Taylor Lopez,taylor.lopez2419@example.com,BR,2022-11-10,Basic,12124.86
2420,Alex Patel,alex.patel2420@example.com,BR,2022-02-22,Basic,5096.08
2421,Casey Chen,casey.chen2421@example.com,UK,2026-07-04,Premium,19345.13
2422,Avery Garcia,avery.garcia2422@example.com,US,2022-08-03,Premium,14910.36
2423,Sam Khan,sam.khan2423@example.com,BR,2021-06-28,Premium,5567.15
2424,Taylor Chen,taylor.chen2424@example.com,US,2022-05-10,Basic,2259.95
2425,Alex Nguyen,alex.nguyen2425@example.com,IN,2023-10-30,Premium,8969.14
2426,Casey Lopez,casey.lopez2426@example.com,IN,2024-02-19,Standard,19546.14
2427,Neha Khan,neha.khan2427@example.com,FR,2023-01-31,Standard,13279.24
2428,Casey Kim,casey.kim2428@example.com,BR,2023-12-17,Premium,17405.52
2429,Avery Silva,avery.silva2429@example.com,JP,2023-01-26,Standard,1026.22
2430,Alex Nguyen,alex.nguyen2430@example.com,JP,2021-10-11,Premium,15638.79
2431,Jordan Lopez,jordan.lopez2431@example.com,JP,2025-11-17,Standard,4116.61
2432,Taylor Singh,taylor.singh2432@example.com,UK,2023-03-06,Standard,3582.35
2433,Alex Silva,alex.silva2433@example.com,FR,2020-09-24,Basic,9115.86
2434,Jamie Khan,jamie.khan2434@example.com,DE,2025-01-14,Premium,13784.2
2435,Quinn Silva,quinn.silva2435@example.com,BR,2023-01-09,Premium,9632.99
2436,Sofia Garcia,sofia.garcia2436@example.com,US,2022-08-18,Basic,9743.76
2437,Avery Müller,avery.müller2437@example.com,FR,2021-08-15,Premium,5390.13
2438,Arjun Müller,arjun.müller2438@example.com,CA,2021-02-08,Standard,17246.95
2439,Jamie Lopez,jamie.lopez2439@example.com,BR,2020-03-24,Premium,11364.76
2440,Taylor Kim,taylor.kim2440@example.com,CA,2022-10-29,Premium,15166.85
2441,Riley Khan,riley.khan2441@example.com,JP,2025-12-04,Premium,3024.47
2442,Alex Brown,alex.brown2442@example.com,FR,2024-09-15,Basic,6858.86
2443,Lucas Kim,lucas.kim2443@example.com,UK,2021-03-20,Basic,6161.44
2444,Omar Singh,omar.singh2444@example.com,CA,2026-07-29,Premium,12595.5
2445,Arjun Patel,arjun.patel2445@example.com,BR,2025-04-16,Basic,3965.56
2446,Avery Brown,avery.brown2446@example.com,US,2023-10-08,Standard,9454.11
2447,Avery Müller,avery.müller2447@example.com,AU,2025-07-12,Premium,8644.92
2448,Alex Lopez,alex.lopez2448@example.com,IN,2021-02-26,Basic,17923.71
2449,Avery Nguyen,avery.nguyen2449@example.com,US,2022-04-19,Standard,8276.58
2450,Sam Patel,sam.patel2450@example.com,FR,2024-12-12,Basic,2757.64
2451,Morgan Kim,morgan.kim2451@example.com,AU,2021-01-31,Premium,5166.31
2452,Omar Patel,omar.patel2452@example.com,CA,2025-01-16,Premium,1914.99
2453,Avery Chen,avery.chen2453@example.com,IN,2021-01-18,Standard,15832.44
2454,Avery Smith,avery.smith2454@example.com,JP,2023-02-08,Basic,3382.4
2455,Alex Silva,alex.silva2455@example.com,DE,2024-08-13,Standard,2046.87
2456,Avery Chen,avery.chen2456@example.com,CA,2020-01-01,Standard,13942.76
2457,Arjun Silva,arjun.silva2457@example.com,FR,2021-11-03,Premium,14791.07
2458,Alex Khan,alex.khan2458@example.com,CA,2022-02-27,Premium,16455.16
2459,Avery Lopez,avery.lopez2459@example.com,US,2022-01-04,Premium,16554.19
2460,Morgan Garcia,morgan.garcia2460@example.com,CA,2025-03-02,Premium,13250.14
2461,Avery Chen,avery.chen2461@example.com,UK,2020-05-08,Premium,14528.59
2462,Morgan Brown,morgan.brown2462@example.com,CA,2024-11-03,Premium,13773.95
2463,Riley Silva,riley.silva2463@example.com,BR,2020-02-01,Premium,7521.99
2464,Riley Khan,riley.khan2464@example.com,BR,2021-03-20,Premium,15300.13
2465,Morgan Patel,morgan.patel2465@example.com,UK,2024-08-27,Premium,8720.64
2466,Riley Singh,riley.singh2466@example.com,FR,2026-03-23,Basic,10640.77
2467,Priya Silva,priya.silva2467@example.com,UK,2025-12-22,Basic,11367.51
2468,Sofia Nguyen,sofia.nguyen2468@example.com,UK,2024-12-28,Standard,6348.82
2469,Morgan Lopez,morgan.lopez2469@example.com,US,2022-03-14,Standard,5945.91
2470,Sofia Patel,sofia.patel2470@example.com,SG,2021-04-17,Basic,2579.24
2471,Jordan Kim,jordan.kim2471@example.com,FR,2021-04-08,Basic,9612.47
2472,Casey Smith,casey.smith2472@example.com,FR,2022-01-06,Basic,17522.19
2473,Casey Kim,casey.kim2473@example.com,US,2025-09-13,Basic,10896.23
2474,Sam Kim,sam.kim2474@example.com,FR,2026-03-12,Premium,6815.28
2475,Sam Singh,sam.singh2475@example.com,CA,2023-09-22,Basic,2766.79
2476,Riley Smith,riley.smith2476@example.com,BR,2025-07-02,Premium,2837.26
2477,Avery Lopez,avery.lopez2477@example.com,IN,2025-10-22,Premium,12515.56
2478,Sam Nguyen,sam.nguyen2478@example.com,FR,2020-11-24,Basic,15214.78
2479,Sofia Garcia,sofia.garcia2479@example.com,CA,2023-10-15,Premium,710.47
2480,Alex Smith,alex.smith2480@example.com,US,2020-05-04,Premium,6483.81
2481,Sam Patel,sam.patel2481@example.com,DE,2025-05-23,Premium,8807.63
2482,Arjun Smith,arjun.smith2482@example.com,SG,2020-04-15,Basic,3038.02
2483,Arjun Brown,arjun.brown2483@example.com,BR,2021-04-16,Basic,12929.86
2484,Jamie Singh,jamie.singh2484@example.com,UK,2020-12-14,Basic,16264.68
2485,Lucas Singh,lucas.singh2485@example.com,JP,2025-11-09,Premium,3054.02
2486,Jamie Müller,jamie.müller2486@example.com,SG,2020-06-22,Standard,7619.93
2487,Jordan Müller,jordan.müller2487@example.com,BR,2025-03-29,Premium,930.72
2488,Jordan Smith,jordan.smith2488@example.com,CA,2022-10-03,Standard,6939.78
2489,Priya Patel,priya.patel2489@example.com,AU,2025-10-14,Standard,10624.2
2490,Neha Nguyen,neha.nguyen2490@example.com,SG,2021-05-18,Premium,8288.8
2491,Quinn Müller,quinn.müller2491@example.com,DE,2023-08-10,Standard,13243.41
2492,Arjun Singh,arjun.singh2492@example.com,UK,2026-06-20,Standard,14605.51
2493,Jordan Khan,jordan.khan2493@example.com,JP,2020-08-05,Standard,4197.93
2494,Omar Chen,omar.chen2494@example.com,SG,2026-04-05,Standard,12380.92
2495,Alex Chen,alex.chen2495@example.com,FR,2022-01-26,Premium,1337.06
2496,Quinn Smith,quinn.smith2496@example.com,IN,2024-05-23,Standard,16706.22
2497,Taylor Müller,taylor.müller2497@example.com,FR,2020-01-21,Standard,12530.29
2498,Quinn Khan,quinn.khan2498@example.com,UK,2026-02-20,Standard,9994.02
2499,Avery Müller,avery.müller2499@example.com,DE,2024-03-28,Basic,15288.86
2500,Sam Nguyen,sam.nguyen2500@example.com,CA,2022-09-19,Premium,13476.35
2501,Casey Lopez,casey.lopez2501@example.com,BR,2023-04-23,Basic,3458.88
2502,Jamie Nguyen,jamie.nguyen2502@example.com,CA,2021-10-11,Premium,4892.19
2503,Omar Lopez,omar.lopez2503@example.com,UK,2024-02-17,Basic,14518.31
2504,Omar Kim,omar.kim2504@example.com,IN,2023-06-22,Standard,1689.26
2505,Jordan Nguyen,jordan.nguyen2505@example.com,CA,2024-05-15,Premium,7125.79
2506,Arjun Singh,arjun.singh2506@example.com,US,2022-02-03,Standard,15783.75
2507,Arjun Brown,arjun.brown2507@example.com,FR,2022-02-04,Standard,3873.86
2508,Alex Khan,alex.khan2508@example.com,IN,2025-04-08,Standard,6189.2
2509,Quinn Singh,quinn.singh2509@example.com,FR,2026-06-16,Basic,10129.07
2510,Alex Kim,alex.kim2510@example.com,IN,2024-02-17,Premium,11144.0
2511,Riley Singh,riley.singh2511@example.com,AU,2021-07-03,Standard,12221.4
2512,Jordan Khan,jordan.khan2512@example.com,AU,2020-06-02,Standard,13752.21
2513,Jordan Singh,jordan.singh2513@example.com,DE,2022-04-18,Premium,4218.3
2514,Arjun Kim,arjun.kim2514@example.com,FR,2022-11-21,Basic,6335.72
2515,Taylor Nguyen,taylor.nguyen2515@example.com,DE,2021-08-02,Premium,1846.65
2516,Sofia Müller,sofia.müller2516@example.com,JP,2021-05-21,Basic,1014.19
2517,Morgan Kim,morgan.kim2517@example.com,SG,2021-01-09,Basic,13591.72
2518,Lucas Kim,lucas.kim2518@example.com,UK,2024-07-16,Basic,6494.25
2519,Avery Smith,avery.smith2519@example.com,BR,2020-05-22,Basic,1582.97
2520,Sam Chen,sam.chen2520@example.com,FR,2025-07-27,Standard,19828.87
2521,Taylor Silva,taylor.silva2521@example.com,FR,2024-07-25,Basic,14419.71
2522,Alex Smith,alex.smith2522@example.com,UK,2022-05-04,Premium,19945.4
2523,Alex Chen,alex.chen2523@example.com,IN,2023-10-02,Standard,2284.69
2524,Casey Chen,casey.chen2524@example.com,FR,2020-02-23,Premium,13783.51
2525,Priya Silva,priya.silva2525@example.com,JP,2022-12-16,Basic,5708.8
2526,Taylor Lopez,taylor.lopez2526@example.com,BR,2020-01-13,Basic,13618.41
2527,Neha Brown,neha.brown2527@example.com,SG,2023-11-17,Premium,17723.38
2528,Sam Singh,sam.singh2528@example.com,SG,2020-10-17,Premium,17423.29
2529,Jamie Patel,jamie.patel2529@example.com,FR,2023-04-12,Premium,4665.42
2530,Lucas Brown,lucas.brown2530@example.com,US,2026-07-30,Premium,15142.6
2531,Omar Kim,omar.kim2531@example.com,UK,2021-10-07,Premium,12151.04
2532,Casey Patel,casey.patel2532@example.com,DE,2025-01-22,Standard,6737.07
2533,Omar Patel,omar.patel2533@example.com,IN,2022-11-11,Premium,13923.57
2534,Jamie Garcia,jamie.garcia2534@example.com,FR,2026-01-04,Standard,18816.32
2535,Jordan Brown,jordan.brown2535@example.com,US,2023-10-14,Premium,9872.89
2536,Neha Nguyen,neha.nguyen2536@example.com,BR,2020-07-08,Basic,13889.04
2537,Taylor Lopez,taylor.lopez2537@example.com,UK,2024-10-13,Premium,18779.96
2538,Morgan Smith,morgan.smith2538@example.com,FR,2022-04-12,Standard,7842.27
2539,Sam Smith,sam.smith2539@example.com,BR,2021-09-22,Basic,9139.79
2540,Priya Lopez,priya.lopez2540@example.com,DE,2021-02-13,Premium,15363.51
2541,Quinn Brown,quinn.brown2541@example.com,AU,2020-08-01,Standard,10206.06
2542,Riley Nguyen,riley.nguyen2542@example.com,SG,2021-03-21,Standard,12546.25
2543,Lucas Nguyen,lucas.nguyen2543@example.com,FR,2021-08-07,Basic,4256.63
2544,Quinn Singh,quinn.singh2544@example.com,US,2021-04-19,Premium,6114.92
2545,Alex Müller,alex.müller2545@example.com,JP,2022-03-05,Standard,6003.88
2546,Lucas Khan,lucas.khan2546@example.com,FR,2025-12-05,Premium,8178.77
2547,Morgan Kim,morgan.kim2547@example.com,AU,2021-05-23,Premium,2094.37
2548,Arjun Silva,arjun.silva2548@example.com,US,2020-07-13,Basic,7396.44
2549,Sam Singh,sam.singh2549@example.com,CA,2026-06-09,Premium,18702.48
2550,Sofia Singh,sofia.singh2550@example.com,SG,2021-11-09,Standard,15136.56
2551,Omar Chen,omar.chen2551@example.com,SG,2024-03-19,Basic,5963.41
2552,Sofia Patel,sofia.patel2552@example.com,FR,2023-04-25,Premium,10728.53
2553,Arjun Chen,arjun.chen2553@example.com,BR,2026-05-18,Premium,2981.29
2554,Taylor Singh,taylor.singh2554@example.com,US,2025-08-11,Standard,11411.16
2555,Morgan Garcia,morgan.garcia2555@example.com,DE,2021-03-19,Premium,16791.77
2556,Avery Singh,avery.singh2556@example.com,UK,2024-10-26,Standard,11300.11
2557,Jordan Nguyen,jordan.nguyen2557@example.com,SG,2020-04-04,Basic,9485.9
2558,Neha Khan,neha.khan2558@example.com,IN,2025-02-15,Standard,19448.23
2559,Alex Khan,alex.khan2559@example.com,JP,2021-12-13,Basic,4357.34
2560,Avery Müller,avery.müller2560@example.com,SG,2022-06-21,Standard,13419.42
2561,Arjun Khan,arjun.khan2561@example.com,DE,2025-10-31,Premium,13162.32
2562,Alex Singh,alex.singh2562@example.com,US,2023-11-12,Standard,17751.29
2563,Taylor Garcia,taylor.garcia2563@example.com,SG,2024-11-13,Standard,647.3
2564,Casey Nguyen,casey.nguyen2564@example.com,SG,2024-01-09,Basic,13547.26
2565,Omar Khan,omar.khan2565@example.com,CA,2021-01-17,Basic,7679.56
2566,Neha Brown,neha.brown2566@example.com,BR,2020-10-25,Premium,347.92
2567,Lucas Nguyen,lucas.nguyen2567@example.com,IN,2021-08-19,Premium,16154.29
2568,Priya Chen,priya.chen2568@example.com,AU,2021-05-07,Standard,16873.99
2569,Quinn Nguyen,quinn.nguyen2569@example.com,FR,2021-09-02,Premium,11772.84
2570,Jamie Müller,jamie.müller2570@example.com,CA,2020-06-15,Premium,16658.97
2571,Riley Silva,riley.silva2571@example.com,DE,2020-01-05,Premium,13370.94
2572,Omar Chen,omar.chen2572@example.com,BR,2024-05-13,Premium,19968.95
2573,Taylor Nguyen,taylor.nguyen2573@example.com,FR,2022-04-07,Premium,1670.22
2574,Morgan Chen,morgan.chen2574@example.com,AU,2020-04-14,Premium,18909.6
2575,Neha Müller,neha.müller2575@example.com,US,2023-02-17,Premium,5896.04
2576,Sam Lopez,sam.lopez2576@example.com,AU,2020-08-10,Standard,8185.43
2577,Riley Khan,riley.khan2577@example.com,FR,2022-03-13,Basic,18991.0
2578,Omar Khan,omar.khan2578@example.com,UK,2020-07-25,Basic,7398.8
2579,Quinn Singh,quinn.singh2579@example.com,US,2025-07-21,Standard,8881.76
2580,Jamie Nguyen,jamie.nguyen2580@example.com,UK,2020-08-26,Basic,18861.47
2581,Casey Lopez,casey.lopez2581@example.com,BR,2024-08-13,Basic,2644.07
2582,Casey Brown,casey.brown2582@example.com,US,2026-03-25,Premium,14929.97
2583,Lucas Lopez,lucas.lopez2583@example.com,JP,2024-04-23,Premium,19640.55
2584,Sam Singh,sam.singh2584@example.com,US,2024-06-15,Basic,13508.92
2585,Quinn Patel,quinn.patel2585@example.com,DE,2022-03-23,Premium,9104.64
2586,Sam Garcia,sam.garcia2586@example.com,AU,2024-01-05,Basic,18615.69
2587,Morgan Brown,morgan.brown2587@example.com,BR,2021-03-21,Standard,10916.47
2588,Sam Silva,sam.silva2588@example.com,US,2022-04-19,Premium,13576.75
2589,Sam Chen,sam.chen2589@example.com,UK,2020-01-02,Standard,2296.77
2590,Omar Kim,omar.kim2590@example.com,FR,2023-07-25,Premium,9381.17
2591,Arjun Nguyen,arjun.nguyen2591@example.com,IN,2022-02-18,Premium,8977.41
2592,Jamie Singh,jamie.singh2592@example.com,CA,2020-07-20,Basic,19226.69
2593,Priya Smith,priya.smith2593@example.com,UK,2024-06-08,Standard,10229.86
2594,Taylor Nguyen,taylor.nguyen2594@example.com,CA,2023-03-12,Premium,4768.32
2595,Morgan Khan,morgan.khan2595@example.com,CA,2021-02-20,Standard,9434.44
2596,Taylor Garcia,taylor.garcia2596@example.com,JP,2025-08-08,Basic,10292.15
2597,Riley Patel,riley.patel2597@example.com,US,2021-10-23,Basic,1890.76
2598,Lucas Chen,lucas.chen2598@example.com,FR,2022-01-17,Premium,12583.9
2599,Quinn Müller,quinn.müller2599@example.com,BR,2021-12-03,Basic,10945.2
2600,Lucas Lopez,lucas.lopez2600@example.com,SG,2024-11-28,Premium,15169.68
2601,Avery Müller,avery.müller2601@example.com,DE,2021-04-15,Basic,3585.47
2602,Priya Nguyen,priya.nguyen2602@example.com,US,2023-10-18,Premium,11469.89
2603,Sofia Lopez,sofia.lopez2603@example.com,US,2025-07-11,Basic,11792.8
2604,Omar Nguyen,omar.nguyen2604@example.com,IN,2025-01-31,Standard,14017.23
2605,Neha Silva,neha.silva2605@example.com,DE,2024-07-17,Basic,15608.72
2606,Casey Smith,casey.smith2606@example.com,AU,2020-01-10,Standard,10835.38
2607,Sam Khan,sam.khan2607@example.com,UK,2022-01-09,Premium,12602.04
2608,Priya Khan,priya.khan2608@example.com,UK,2020-12-19,Standard,13591.01
2609,Arjun Smith,arjun.smith2609@example.com,AU,2026-01-17,Standard,18744.32
2610,Quinn Nguyen,quinn.nguyen2610@example.com,SG,2021-09-07,Basic,1503.6
2611,Riley Patel,riley.patel2611@example.com,SG,2021-07-22,Standard,11378.95
2612,Sofia Chen,sofia.chen2612@example.com,US,2026-04-02,Basic,10708.48
2613,Quinn Kim,quinn.kim2613@example.com,BR,2026-01-28,Standard,15677.82
2614,Alex Garcia,alex.garcia2614@example.com,UK,2020-06-03,Standard,15977.78
2615,Avery Khan,avery.khan2615@example.com,FR,2024-11-09,Basic,11984.55
2616,Quinn Müller,quinn.müller2616@example.com,CA,2021-06-16,Standard,17655.7
2617,Priya Lopez,priya.lopez2617@example.com,SG,2025-09-28,Basic,12608.84
2618,Sam Singh,sam.singh2618@example.com,AU,2025-01-24,Basic,10936.56
2619,Sofia Smith,sofia.smith2619@example.com,JP,2021-01-10,Standard,18476.8
2620,Avery Müller,avery.müller2620@example.com,BR,2025-01-07,Standard,9578.15
2621,Riley Smith,riley.smith2621@example.com,SG,2025-01-25,Standard,7639.94
2622,Sam Chen,sam.chen2622@example.com,IN,2025-03-04,Standard,12228.12
2623,Lucas Nguyen,lucas.nguyen2623@example.com,FR,2021-09-06,Basic,11513.13
2624,Omar Müller,omar.müller2624@example.com,JP,2021-09-22,Premium,6436.32
2625,Morgan Silva,morgan.silva2625@example.com,US,2025-12-19,Standard,13647.18
2626,Alex Nguyen,alex.nguyen2626@example.com,UK,2022-08-30,Standard,1084.85
2627,Quinn Smith,quinn.smith2627@example.com,AU,2024-05-17,Standard,14567.39
2628,Priya Khan,priya.khan2628@example.com,JP,2026-05-20,Premium,661.15
2629,Taylor Garcia,taylor.garcia2629@example.com,CA,2026-01-28,Premium,15578.66
2630,Priya Brown,priya.brown2630@example.com,CA,2022-10-25,Premium,18687.91
2631,Neha Silva,neha.silva2631@example.com,SG,2024-06-02,Premium,2850.07
2632,Jamie Garcia,jamie.garcia2632@example.com,DE,2021-06-29,Basic,10677.43
2633,Quinn Nguyen,quinn.nguyen2633@example.com,DE,2022-03-07,Basic,19211.47
2634,Taylor Brown,taylor.brown2634@example.com,BR,2021-11-04,Standard,1638.16
2635,Priya Garcia,priya.garcia2635@example.com,FR,2023-10-15,Basic,19788.15
2636,Lucas Garcia,lucas.garcia2636@example.com,AU,2024-05-12,Premium,19374.13
2637,Riley Nguyen,riley.nguyen2637@example.com,SG,2022-06-26,Basic,4484.3
2638,Arjun Patel,arjun.patel2638@example.com,DE,2025-08-28,Premium,11220.67
2639,Neha Brown,neha.brown2639@example.com,AU,2020-04-15,Basic,9818.16
2640,Quinn Nguyen,quinn.nguyen2640@example.com,FR,2023-08-21,Premium,12217.18
2641,Lucas Khan,lucas.khan2641@example.com,CA,2022-12-07,Premium,201.67
2642,Jamie Khan,jamie.khan2642@example.com,SG,2021-05-06,Basic,17882.65
2643,Sam Patel,sam.patel2643@example.com,JP,2025-06-06,Premium,985.45
2644,Priya Chen,priya.chen2644@example.com,DE,2023-01-07,Premium,1765.9
2645,Arjun Kim,arjun.kim2645@example.com,BR,2023-06-13,Premium,6538.66
2646,Sofia Patel,sofia.patel2646@example.com,AU,2023-09-04,Premium,2189.08
2647,Riley Brown,riley.brown2647@example.com,SG,2022-05-28,Standard,9543.32
2648,Taylor Kim,taylor.kim2648@example.com,BR,2025-01-06,Standard,963.55
2649,Quinn Garcia,quinn.garcia2649@example.com,IN,2023-03-07,Premium,752.08
2650,Arjun Garcia,arjun.garcia2650@example.com,JP,2024-04-17,Basic,10607.78
2651,Taylor Lopez,,SG,2025-11-15,Standard,11251.64
2652,Casey Silva,casey.silva2652@example.com,US,2023-01-17,Standard,2639.03
2653,Arjun Nguyen,arjun.nguyen2653@example.com,UK,2021-07-14,Standard,11170.26
2654,Omar Nguyen,omar.nguyen2654@example.com,US,2023-08-21,Basic,10153.47
2655,Sofia Müller,sofia.müller2655@example.com,JP,2023-02-18,Standard,17258.72
2656,Casey Silva,casey.silva2656@example.com,AU,2025-09-20,Standard,19663.92
2657,Quinn Müller,quinn.müller2657@example.com,AU,2024-09-24,Standard,15942.22
2658,Priya Lopez,priya.lopez2658@example.com,SG,2023-03-25,Premium,10065.52
2659,Jamie Chen,jamie.chen2659@example.com,IN,2020-12-05,Basic,8590.74
2660,Priya Smith,priya.smith2660@example.com,UK,2020-01-26,Premium,905.35
2661,Jamie Brown,jamie.brown2661@example.com,DE,2026-07-29,Basic,17574.23
2662,Sam Kim,sam.kim2662@example.com,UK,2021-04-19,Standard,17376.28
2663,Sam Kim,sam.kim2663@example.com,US,2023-08-20,Standard,9636.56
2664,Morgan Khan,morgan.khan2664@example.com,BR,2026-03-25,Basic,3683.87
2665,Taylor Singh,taylor.singh2665@example.com,CA,2023-03-10,Basic,10519.6
2666,Neha Nguyen,neha.nguyen2666@example.com,SG,2025-07-02,Premium,10016.71
2667,Avery Nguyen,avery.nguyen2667@example.com,JP,2024-12-11,Basic,18991.68
2668,Omar Garcia,omar.garcia2668@example.com,US,2021-06-15,Standard,16926.97
2669,Riley Brown,riley.brown2669@example.com,CA,2022-05-06,Premium,10540.26
2670,Riley Lopez,riley.lopez2670@example.com,FR,2021-03-09,Basic,2717.83
2671,Sam Garcia,sam.garcia2671@example.com,DE,2021-08-09,Basic,191.33
2672,Jamie Chen,jamie.chen2672@example.com,IN,2020-08-29,Standard,14779.01
2673,Sam Müller,sam.müller2673@example.com,DE,2024-08-28,Standard,9816.28
2674,Morgan Lopez,morgan.lopez2674@example.com,FR,2025-03-12,Standard,533.3
2675,Riley Silva,riley.silva2675@example.com,BR,2025-10-25,Basic,1787.48
2676,Sofia Garcia,sofia.garcia2676@example.com,UK,2023-12-04,Standard,9312.02
2677,Quinn Lopez,quinn.lopez2677@example.com,AU,2026-04-21,Basic,5349.32
2678,Casey Nguyen,casey.nguyen2678@example.com,UK,2026-05-28,Premium,6542.41
2679,Sam Müller,sam.müller2679@example.com,JP,2024-04-15,Basic,11098.31
2680,Taylor Nguyen,taylor.nguyen2680@example.com,US,2026-02-28,Premium,14379.87
2681,Taylor Khan,taylor.khan2681@example.com,JP,2021-12-20,Premium,9170.48
2682,Morgan Kim,morgan.kim2682@example.com,JP,2022-06-08,Basic,13125.15
2683,Riley Smith,riley.smith2683@example.com,AU,2022-01-14,Premium,3146.07
2684,Morgan Lopez,morgan.lopez2684@example.com,BR,2021-12-02,Premium,14669.46
2685,Priya Khan,priya.khan2685@example.com,SG,2020-11-04,Basic,6098.81
2686,Casey Kim,casey.kim2686@example.com,UK,2023-08-24,Basic,7305.66
2687,Avery Chen,avery.chen2687@example.com,FR,2022-04-12,Standard,11141.09
2688,Jamie Singh,jamie.singh2688@example.com,BR,2021-05-15,Standard,14509.48
2689,Sofia Lopez,sofia.lopez2689@example.com,JP,2022-06-15,Premium,16174.42
2690,Jamie Kim,jamie.kim2690@example.com,US,2026-05-27,Standard,5257.71
2691,Quinn Chen,quinn.chen2691@example.com,JP,2021-04-22,Premium,17870.77
2692,Sofia Smith,sofia.smith2692@example.com,UK,2026-05-27,Premium,8830.83
2693,Riley Smith,riley.smith2693@example.com,AU,2022-10-06,Basic,18026.4
2694,Sofia Müller,sofia.müller2694@example.com,JP,2021-04-05,Premium,9832.03
2695,Priya Garcia,priya.garcia2695@example.com,SG,2026-04-05,Basic,4898.39
2696,Casey Smith,casey.smith2696@example.com,IN,2021-07-05,Standard,7972.78
2697,Jordan Müller,jordan.müller2697@example.com,DE,2021-12-10,Premium,17673.26
2698,Quinn Müller,quinn.müller2698@example.com,JP,2025-03-22,Basic,10094.04
2699,Sofia Brown,sofia.brown2699@example.com,DE,2024-03-04,Basic,10310.97
2700,Riley Kim,riley.kim2700@example.com,FR,2024-06-03,Premium,15983.91
2701,Jordan Kim,jordan.kim2701@example.com,US,2023-02-13,Standard,4763.93
2702,Neha Khan,neha.khan2702@example.com,IN,2026-06-03,Basic,6448.65
2703,Sofia Patel,sofia.patel2703@example.com,AU,2021-10-29,Premium,17446.53
2704,Sam Smith,sam.smith2704@example.com,UK,2026-06-22,Premium,15595.45
2705,Arjun Khan,arjun.khan2705@example.com,US,2021-01-13,Standard,4016.85
2706,Quinn Khan,quinn.khan2706@example.com,FR,2022-02-28,Premium,12261.0
2707,Morgan Smith,morgan.smith2707@example.com,SG,2024-08-29,Standard,1698.82
2708,Lucas Patel,lucas.patel2708@example.com,SG,2021-04-16,Premium,7986.5
2709,Casey Lopez,casey.lopez2709@example.com,UK,2021-04-18,Premium,3190.22
2710,Sofia Nguyen,sofia.nguyen2710@example.com,JP,2021-07-25,Premium,2347.56
2711,Sam Patel,sam.patel2711@example.com,IN,2024-04-16,Standard,2134.89
2712,Riley Smith,riley.smith2712@example.com,IN,2020-05-10,Standard,2762.94
2713,Priya Khan,priya.khan2713@example.com,FR,2024-11-27,Premium,3999.13
2714,Morgan Smith,morgan.smith2714@example.com,CA,2026-05-31,Premium,8657.4
2715,Priya Kim,priya.kim2715@example.com,FR,2020-02-24,Basic,3617.81
2716,Jamie Müller,jamie.müller2716@example.com,IN,2021-09-04,Standard,3563.94
2717,Sam Singh,sam.singh2717@example.com,US,2026-04-06,Basic,7925.93
2718,Casey Brown,casey.brown2718@example.com,US,2026-06-19,Basic,6566.45
2719,Casey Garcia,casey.garcia2719@example.com,SG,2023-03-20,Standard,2619.71
2720,Morgan Lopez,morgan.lopez2720@example.com,AU,2023-12-04,Basic,7640.89
2721,Sam Lopez,sam.lopez2721@example.com,US,2022-05-29,Basic,13355.66
2722,Arjun Garcia,arjun.garcia2722@example.com,SG,2025-07-26,Premium,15538.44
2723,Avery Silva,avery.silva2723@example.com,IN,2021-08-04,Standard,3855.59
2724,Arjun Müller,arjun.müller2724@example.com,AU,2026-01-19,Standard,7778.01
2725,Casey Kim,casey.kim2725@example.com,US,2022-11-28,Premium,17767.64
2726,Casey Smith,casey.smith2726@example.com,UK,2025-05-27,Premium,8478.07
2727,Arjun Chen,arjun.chen2727@example.com,UK,2025-05-17,Premium,11172.69
2728,Quinn Smith,quinn.smith2728@example.com,UK,2020-09-08,Standard,14390.88
2729,Sam Nguyen,sam.nguyen2729@example.com,BR,2020-04-01,Standard,4602.61
2730,Casey Singh,casey.singh2730@example.com,FR,2021-03-14,Standard,6422.73
2731,Riley Khan,riley.khan2731@example.com,US,2022-06-27,Basic,14221.12
2732,Jamie Smith,jamie.smith2732@example.com,DE,2020-08-28,Premium,386.36
2733,Arjun Nguyen,arjun.nguyen2733@example.com,JP,2026-04-30,Basic,9056.9
2734,Omar Singh,omar.singh2734@example.com,SG,2020-09-22,Standard,8884.1
2735,Arjun Brown,arjun.brown2735@example.com,CA,2024-10-07,Premium,18918.11
2736,Quinn Silva,quinn.silva2736@example.com,IN,2021-07-14,Standard,9261.83
2737,Alex Patel,alex.patel2737@example.com,US,2026-03-23,Premium,15394.68
2738,Taylor Smith,taylor.smith2738@example.com,DE,2020-04-19,Basic,15860.97
2739,Avery Patel,avery.patel2739@example.com,JP,2024-06-20,Standard,15280.71
2740,Sam Silva,sam.silva2740@example.com,UK,2024-10-01,Basic,900.34
2741,Alex Müller,alex.müller2741@example.com,IN,2024-02-09,Standard,2192.67
2742,Alex Lopez,alex.lopez2742@example.com,IN,2023-11-04,Basic,1263.01
2743,Sam Kim,sam.kim2743@example.com,FR,2020-06-22,Standard,9086.61
2744,Avery Smith,avery.smith2744@example.com,JP,2022-07-27,Standard,1640.17
2745,Jordan Singh,jordan.singh2745@example.com,AU,2025-12-13,Standard,9866.06
2746,Morgan Nguyen,morgan.nguyen2746@example.com,UK,2021-04-12,Basic,3971.24
2747,Alex Chen,alex.chen2747@example.com,BR,2022-01-14,Standard,10657.25
2748,Arjun Silva,arjun.silva2748@example.com,BR,2024-10-25,Basic,5112.53
2749,Alex Kim,alex.kim2749@example.com,IN,2026-04-17,Premium,6708.57
2750,Morgan Chen,morgan.chen2750@example.com,BR,2021-10-03,Standard,18443.29
2751,Omar Nguyen,omar.nguyen2751@example.com,BR,2021-09-01,Premium,7097.01
2752,Sam Müller,sam.müller2752@example.com,DE,2021-07-20,Basic,17082.3
2753,Alex Smith,alex.smith2753@example.com,US,2022-12-25,Standard,8325.34
2754,Taylor Singh,taylor.singh2754@example.com,AU,2020-04-12,Premium,15912.31
2755,Jordan Silva,jordan.silva2755@example.com,SG,2025-06-12,Basic,9373.8
2756,Quinn Smith,quinn.smith2756@example.com,US,2022-12-11,Basic,4757.24
2757,Sam Lopez,sam.lopez2757@example.com,SG,2023-01-09,Basic,110.39
2758,Avery Khan,avery.khan2758@example.com,IN,2023-07-21,Premium,893.82
2759,Jordan Chen,jordan.chen2759@example.com,CA,2025-07-28,Standard,15677.35
2760,Lucas Khan,lucas.khan2760@example.com,DE,2020-09-23,Premium,9291.79
2761,Sofia Khan,sofia.khan2761@example.com,IN,2024-08-25,Standard,12079.59
2762,Jamie Patel,jamie.patel2762@example.com,BR,2024-04-13,Premium,3011.38
2763,Lucas Singh,lucas.singh2763@example.com,US,2025-06-09,Standard,11441.81
2764,Avery Kim,avery.kim2764@example.com,UK,2023-08-13,Standard,3701.16
2765,Jamie Chen,jamie.chen2765@example.com,SG,2021-04-11,Basic,8949.06
2766,Alex Patel,alex.patel2766@example.com,CA,2021-11-07,Standard,16970.02
2767,Casey Smith,casey.smith2767@example.com,DE,2025-03-28,Premium,10335.65
2768,Riley Patel,riley.patel2768@example.com,IN,2024-08-09,Premium,16828.5
2769,Alex Khan,alex.khan2769@example.com,CA,2021-01-24,Basic,18877.1
2770,Sam Kim,sam.kim2770@example.com,AU,2026-05-30,Basic,11929.71
2771,Sofia Garcia,sofia.garcia2771@example.com,IN,2020-12-08,Standard,19252.26
2772,Jamie Khan,jamie.khan2772@example.com,FR,2020-05-05,Premium,19411.64
2773,Neha Singh,neha.singh2773@example.com,CA,2025-12-31,Premium,3256.29
2774,Taylor Silva,taylor.silva2774@example.com,AU,2025-11-07,Basic,14762.04
2775,Avery Chen,avery.chen2775@example.com,JP,2025-09-07,Standard,8781.47
2776,Alex Müller,alex.müller2776@example.com,UK,2020-09-09,Premium,5227.04
2777,Jordan Nguyen,jordan.nguyen2777@example.com,JP,2023-08-04,Standard,13348.35
2778,Riley Kim,riley.kim2778@example.com,BR,2026-04-26,Premium,6026.14
2779,Neha Patel,neha.patel2779@example.com,IN,2021-10-08,Basic,17825.25
2780,Quinn Garcia,quinn.garcia2780@example.com,SG,2024-09-30,Basic,18081.04
2781,Casey Silva,casey.silva2781@example.com,BR,2026-06-27,Basic,18607.79
2782,Lucas Khan,lucas.khan2782@example.com,US,2022-12-30,Premium,11797.39
2783,Avery Lopez,avery.lopez2783@example.com,IN,2022-11-25,Premium,15812.83
2784,Omar Patel,omar.patel2784@example.com,AU,2024-10-15,Premium,9912.39
2785,Avery Garcia,avery.garcia2785@example.com,JP,2023-03-09,Basic,17880.57
2786,Avery Brown,avery.brown2786@example.com,BR,2023-12-21,Premium,15591.66
2787,Sofia Chen,sofia.chen2787@example.com,BR,2022-01-14,Standard,12817.97
2788,Omar Lopez,omar.lopez2788@example.com,CA,2024-03-21,Standard,10958.63
2789,Quinn Chen,quinn.chen2789@example.com,BR,2020-04-14,Standard,9088.54
2790,Jamie Garcia,jamie.garcia2790@example.com,IN,2024-12-23,Premium,3101.34
2791,Priya Patel,priya.patel2791@example.com,BR,2021-08-06,Premium,19625.46
2792,Arjun Chen,arjun.chen2792@example.com,DE,2024-07-23,Standard,10875.26
2793,Casey Smith,casey.smith2793@example.com,FR,2026-06-08,Premium,5355.07
2794,Neha Müller,neha.müller2794@example.com,FR,2022-07-22,Basic,869.7
2795,Omar Garcia,omar.garcia2795@example.com,CA,2024-06-06,Standard,3069.21
2796,Sofia Chen,sofia.chen2796@example.com,SG,2020-10-06,Standard,489.99
2797,Sam Patel,sam.patel2797@example.com,CA,2020-10-29,Premium,19974.28
2798,Taylor Chen,taylor.chen2798@example.com,DE,2024-01-05,Basic,15122.05
2799,Riley Kim,riley.kim2799@example.com,BR,2021-03-18,Premium,4306.21
2800,Omar Smith,omar.smith2800@example.com,AU,2022-02-03,Premium,923.63
2801,Quinn Brown,quinn.brown2801@example.com,FR,2025-09-24,Premium,8042.14
2802,Alex Garcia,alex.garcia2802@example.com,AU,2023-02-14,Standard,9937.06
2803,Quinn Patel,quinn.patel2803@example.com,SG,2021-02-02,Standard,6391.78
2804,Jordan Kim,jordan.kim2804@example.com,CA,2023-01-25,Premium,15764.57
2805,Omar Nguyen,omar.nguyen2805@example.com,IN,2025-04-09,Basic,9710.58
2806,Sam Müller,sam.müller2806@example.com,UK,2022-11-25,Basic,10787.89
2807,Jordan Müller,jordan.müller2807@example.com,FR,2020-01-12,Standard,9261.41
2808,Casey Patel,casey.patel2808@example.com,CA,2020-11-22,Standard,5453.86
2809,Taylor Kim,taylor.kim2809@example.com,AU,2022-01-26,Standard,12550.47
2810,Quinn Müller,quinn.müller2810@example.com,BR,2026-01-14,Basic,16105.09
2811,Avery Lopez,avery.lopez2811@example.com,SG,2024-06-09,Basic,12389.97
2812,Sofia Singh,sofia.singh2812@example.com,FR,2024-04-10,Basic,6281.39
2813,Sam Brown,sam.brown2813@example.com,AU,2022-12-05,Standard,16081.41
2814,Jordan Patel,jordan.patel2814@example.com,IN,2021-07-06,Basic,12002.21
2815,Riley Smith,riley.smith2815@example.com,JP,2024-01-19,Premium,13954.97
2816,Neha Lopez,neha.lopez2816@example.com,US,2023-12-09,Premium,1454.15
2817,Sam Nguyen,sam.nguyen2817@example.com,US,2022-07-19,Basic,10779.46
2818,Neha Kim,neha.kim2818@example.com,BR,2023-07-11,Premium,8245.25
2819,Casey Patel,casey.patel2819@example.com,FR,2026-06-30,Standard,6586.69
2820,Jordan Nguyen,jordan.nguyen2820@example.com,JP,2020-02-01,Premium,544.23
2821,Jamie Garcia,jamie.garcia2821@example.com,CA,2025-12-12,Basic,5041.84
2822,Jordan Singh,jordan.singh2822@example.com,BR,2024-03-16,Basic,17310.42
2823,Omar Nguyen,omar.nguyen2823@example.com,JP,2024-08-08,Premium,6571.15
2824,Omar Singh,omar.singh2824@example.com,UK,2020-02-28,Standard,6329.21
2825,Arjun Silva,arjun.silva2825@example.com,JP,2023-10-24,Basic,17854.65
2826,Sofia Singh,sofia.singh2826@example.com,AU,2022-06-23,Premium,15636.13
2827,Alex Nguyen,alex.nguyen2827@example.com,UK,2022-09-20,Standard,5198.87
2828,Neha Nguyen,neha.nguyen2828@example.com,UK,2022-01-24,Standard,6763.32
2829,Jamie Smith,jamie.smith2829@example.com,IN,2024-06-12,Basic,6713.34
2830,Arjun Kim,arjun.kim2830@example.com,US,2020-02-07,Basic,18641.71
2831,Omar Garcia,omar.garcia2831@example.com,UK,2021-04-30,Premium,3085.51
2832,Riley Silva,riley.silva2832@example.com,BR,2025-05-13,Basic,13150.05
2833,Jamie Nguyen,jamie.nguyen2833@example.com,UK,2023-07-18,Basic,1393.28
2834,Alex Patel,alex.patel2834@example.com,IN,2021-12-25,Standard,14197.36
2835,Taylor Patel,taylor.patel2835@example.com,AU,2025-08-23,Standard,10691.51
2836,Neha Smith,neha.smith2836@example.com,US,2026-01-07,Premium,2211.54
2837,Neha Silva,neha.silva2837@example.com,JP,2026-04-07,Premium,3957.88
2838,Sam Garcia,sam.garcia2838@example.com,SG,2024-01-07,Standard,18617.97
2839,Alex Singh,alex.singh2839@example.com,JP,2021-07-06,Basic,8200.55
2840,Quinn Garcia,quinn.garcia2840@example.com,BR,2020-11-07,Premium,14622.41
2841,Riley Smith,riley.smith2841@example.com,DE,2025-12-05,Standard,4614.71
2842,Lucas Brown,lucas.brown2842@example.com,DE,2024-10-27,Standard,13943.86
2843,Neha Müller,neha.müller2843@example.com,US,2025-03-04,Basic,7039.57
2844,Riley Brown,riley.brown2844@example.com,CA,2025-10-06,Premium,6229.77
2845,Taylor Khan,taylor.khan2845@example.com,FR,2022-08-10,Basic,6519.76
2846,Quinn Brown,quinn.brown2846@example.com,CA,2020-07-12,Premium,13532.62
2847,Omar Singh,omar.singh2847@example.com,CA,2024-02-13,Standard,13061.53
2848,Priya Lopez,priya.lopez2848@example.com,UK,2022-03-17,Premium,2272.5
2849,Morgan Garcia,morgan.garcia2849@example.com,JP,2023-03-15,Basic,12314.79
2850,Lucas Khan,lucas.khan2850@example.com,SG,2020-12-13,Standard,8795.85
2851,Neha Kim,neha.kim2851@example.com,DE,2023-04-17,Basic,12848.24
2852,Riley Silva,riley.silva2852@example.com,UK,2020-05-05,Premium,17358.82
2853,Neha Khan,neha.khan2853@example.com,UK,2020-10-25,Standard,7104.92
2854,Alex Khan,alex.khan2854@example.com,FR,2020-09-05,Premium,12154.47
2855,Neha Kim,neha.kim2855@example.com,US,2022-11-10,Standard,14309.43
2856,Morgan Smith,morgan.smith2856@example.com,BR,2022-07-29,Standard,14397.77
2857,Casey Singh,casey.singh2857@example.com,SG,2022-07-28,Standard,16963.02
2858,Jamie Smith,jamie.smith2858@example.com,US,2021-03-01,Basic,1429.02
2859,Neha Silva,neha.silva2859@example.com,JP,2025-08-31,Standard,10308.06
2860,Sam Nguyen,sam.nguyen2860@example.com,AU,2021-12-06,Standard,5119.35
2861,Arjun Singh,arjun.singh2861@example.com,CA,2024-10-17,Premium,16525.74
2862,Morgan Müller,morgan.müller2862@example.com,AU,2020-09-27,Standard,12075.21
2863,Morgan Silva,morgan.silva2863@example.com,FR,2021-03-14,Premium,12853.65
2864,Priya Kim,priya.kim2864@example.com,SG,2021-05-20,Premium,10755.79
2865,Quinn Müller,quinn.müller2865@example.com,BR,2026-05-15,Basic,8540.42
2866,Casey Lopez,casey.lopez2866@example.com,SG,2020-09-06,Standard,19864.49
2867,Priya Silva,priya.silva2867@example.com,SG,2021-06-28,Standard,2137.85
2868,Sofia Khan,sofia.khan2868@example.com,UK,2022-11-05,Standard,4689.4
2869,Sam Lopez,sam.lopez2869@example.com,SG,2026-01-22,Basic,19271.96
2870,Quinn Garcia,quinn.garcia2870@example.com,CA,2021-06-25,Premium,16641.25
2871,Avery Chen,avery.chen2871@example.com,JP,2021-10-28,Basic,4747.54
2872,Taylor Garcia,taylor.garcia2872@example.com,IN,2026-03-01,Standard,650.17
2873,Riley Chen,riley.chen2873@example.com,DE,2021-12-07,Basic,17345.33
2874,Jordan Lopez,jordan.lopez2874@example.com,SG,2026-03-31,Premium,3397.28
2875,Taylor Smith,taylor.smith2875@example.com,IN,2020-03-02,Premium,4638.89
2876,Alex Smith,,IN,2025-11-08,Standard,9253.12
2877,Neha Patel,neha.patel2877@example.com,US,2020-05-02,Basic,16833.44
2878,Lucas Lopez,lucas.lopez2878@example.com,BR,2021-05-13,Premium,10977.43
2879,Jamie Kim,jamie.kim2879@example.com,AU,2024-04-20,Premium,5810.84
2880,Avery Müller,avery.müller2880@example.com,CA,2023-07-31,Basic,4917.17
2881,Sam Chen,sam.chen2881@example.com,FR,2020-07-13,Standard,5563.45
2882,Casey Kim,casey.kim2882@example.com,AU,2023-06-21,Standard,17333.77
2883,Priya Khan,priya.khan2883@example.com,IN,2020-05-22,Premium,4011.19
2884,Alex Silva,alex.silva2884@example.com,BR,2022-01-17,Premium,7432.66
2885,Quinn Brown,quinn.brown2885@example.com,SG,2024-04-02,Standard,16690.12
2886,Priya Smith,priya.smith2886@example.com,US,2024-11-20,Standard,19450.26
2887,Neha Nguyen,neha.nguyen2887@example.com,CA,2021-01-11,Premium,310.19
2888,Neha Brown,neha.brown2888@example.com,CA,2020-12-20,Basic,1851.41
2889,Avery Singh,avery.singh2889@example.com,US,2025-01-04,Basic,6512.42
2890,Neha Chen,neha.chen2890@example.com,SG,2023-01-06,Basic,9415.2
2891,Alex Brown,alex.brown2891@example.com,FR,2022-03-08,Standard,8422.82
2892,Morgan Singh,morgan.singh2892@example.com,FR,2021-07-30,Standard,10709.2
2893,Neha Garcia,neha.garcia2893@example.com,BR,2025-02-23,Premium,10582.69
2894,Omar Müller,omar.müller2894@example.com,FR,2025-10-31,Basic,11336.77
2895,Lucas Müller,lucas.müller2895@example.com,JP,2020-10-24,Standard,661.17
2896,Omar Garcia,omar.garcia2896@example.com,AU,2025-01-31,Premium,11408.53
2897,Neha Smith,neha.smith2897@example.com,SG,2022-08-27,Premium,494.43
2898,Sam Garcia,sam.garcia2898@example.com,BR,2024-01-08,Standard,16992.94
2899,Riley Nguyen,riley.nguyen2899@example.com,US,2023-05-24,Premium,11088.26
2900,Alex Chen,alex.chen2900@example.com,AU,2021-07-24,Premium,15690.1
2901,Arjun Brown,arjun.brown2901@example.com,FR,2023-07-11,Premium,9238.38
2902,Sofia Singh,sofia.singh2902@example.com,IN,2021-07-19,Standard,5971.12
2903,Riley Patel,riley.patel2903@example.com,IN,2026-01-28,Basic,15954.83
2904,Casey Singh,casey.singh2904@example.com,IN,2024-07-07,Premium,8743.06
2905,Riley Garcia,riley.garcia2905@example.com,UK,2025-05-09,Standard,10268.92
2906,Sam Silva,sam.silva2906@example.com,US,2022-12-18,Basic,14641.66
2907,Quinn Garcia,quinn.garcia2907@example.com,IN,2026-03-17,Standard,13636.25
2908,Arjun Silva,arjun.silva2908@example.com,US,2023-07-30,Standard,15601.07
2909,Casey Smith,casey.smith2909@example.com,SG,2021-08-02,Premium,16899.05
2910,Arjun Silva,arjun.silva2910@example.com,US,2026-06-11,Premium,18765.03
2911,Jordan Patel,jordan.patel2911@example.com,BR,2022-06-18,Basic,17974.6
2912,Omar Singh,omar.singh2912@example.com,US,2025-02-24,Premium,4264.88
2913,Casey Singh,casey.singh2913@example.com,JP,2021-12-28,Basic,3300.95
2914,Priya Lopez,priya.lopez2914@example.com,CA,2020-01-21,Premium,1824.74
2915,Riley Garcia,riley.garcia2915@example.com,CA,2025-01-27,Premium,1847.28
2916,Omar Patel,omar.patel2916@example.com,BR,2026-01-30,Standard,174.63
2917,Sam Smith,sam.smith2917@example.com,AU,2026-04-22,Basic,13975.4
2918,Jordan Patel,jordan.patel2918@example.com,IN,2026-06-10,Standard,19495.76
2919,Riley Silva,riley.silva2919@example.com,IN,2020-12-18,Standard,3759.3
2920,Sam Lopez,sam.lopez2920@example.com,US,2024-01-25,Premium,18942.74
2921,Sofia Smith,sofia.smith2921@example.com,SG,2021-07-11,Premium,924.81
2922,Sofia Patel,sofia.patel2922@example.com,BR,2023-07-09,Basic,343.38
2923,Lucas Singh,lucas.singh2923@example.com,IN,2025-08-27,Basic,15714.89
2924,Priya Lopez,priya.lopez2924@example.com,CA,2022-07-18,Basic,2859.94
2925,Sofia Nguyen,sofia.nguyen2925@example.com,SG,2026-03-24,Basic,4306.1
2926,Omar Brown,omar.brown2926@example.com,UK,2022-11-19,Standard,19133.17
2927,Taylor Nguyen,taylor.nguyen2927@example.com,IN,2025-10-09,Premium,19549.21
2928,Morgan Singh,morgan.singh2928@example.com,FR,2020-12-04,Premium,18038.85
2929,Sam Smith,sam.smith2929@example.com,CA,2023-09-23,Premium,3116.89
2930,Neha Kim,neha.kim2930@example.com,UK,2020-10-08,Standard,17853.42
2931,Morgan Lopez,morgan.lopez2931@example.com,AU,2024-11-28,Standard,10504.16
2932,Avery Brown,avery.brown2932@example.com,UK,2024-09-19,Basic,1256.49
2933,Quinn Müller,quinn.müller2933@example.com,BR,2020-06-08,Basic,8613.88
2934,Morgan Chen,morgan.chen2934@example.com,FR,2022-06-16,Basic,19929.29
2935,Jamie Müller,jamie.müller2935@example.com,FR,2022-03-10,Basic,6107.61
2936,Riley Brown,riley.brown2936@example.com,DE,2024-04-16,Basic,19382.49
2937,Jamie Nguyen,jamie.nguyen2937@example.com,UK,2026-01-21,Premium,6650.42
2938,Jordan Silva,jordan.silva2938@example.com,JP,2023-02-07,Basic,1049.91
2939,Arjun Silva,arjun.silva2939@example.com,SG,2023-10-06,Standard,1647.23
2940,Neha Garcia,neha.garcia2940@example.com,DE,2026-05-01,Premium,14597.27
2941,Alex Chen,alex.chen2941@example.com,US,2026-01-24,Standard,18051.15
2942,Priya Patel,priya.patel2942@example.com,US,2025-07-13,Basic,14011.75
2943,Alex Khan,alex.khan2943@example.com,SG,2021-02-20,Premium,2039.61
2944,Sam Patel,sam.patel2944@example.com,JP,2025-09-09,Standard,1940.36
2945,Alex Garcia,alex.garcia2945@example.com,AU,2023-04-23,Basic,18851.47
2946,Neha Smith,neha.smith2946@example.com,UK,2021-11-19,Basic,524.67
2947,Arjun Kim,arjun.kim2947@example.com,AU,2023-01-02,Basic,18812.91
2948,Riley Smith,riley.smith2948@example.com,IN,2021-07-07,Premium,8782.86
2949,Priya Chen,priya.chen2949@example.com,AU,2020-08-31,Premium,3200.28
2950,Omar Lopez,omar.lopez2950@example.com,US,2020-11-19,Standard,2264.33
2951,Morgan Lopez,morgan.lopez2951@example.com,UK,2023-11-22,Basic,13743.39
2952,Quinn Silva,quinn.silva2952@example.com,SG,2023-10-23,Premium,8789.33
2953,Jordan Silva,jordan.silva2953@example.com,IN,2024-12-19,Basic,3865.69
2954,Casey Silva,casey.silva2954@example.com,SG,2026-03-05,Premium,18618.47
2955,Arjun Khan,arjun.khan2955@example.com,US,2022-08-02,Basic,15032.37
2956,Sam Smith,sam.smith2956@example.com,US,2024-05-27,Standard,19149.98
2957,Morgan Singh,morgan.singh2957@example.com,US,2022-04-12,Basic,17950.39
2958,Taylor Smith,taylor.smith2958@example.com,CA,2023-11-27,Premium,18756.87
2959,Morgan Nguyen,,US,2025-09-05,Basic,13989.66
2960,Jamie Patel,jamie.patel2960@example.com,IN,2026-02-01,Standard,12555.88
2961,Taylor Kim,taylor.kim2961@example.com,AU,2021-12-14,Basic,7215.52
2962,Avery Brown,avery.brown2962@example.com,SG,2023-10-26,Premium,961.81
2963,Neha Patel,neha.patel2963@example.com,US,2020-08-30,Standard,19276.89
2964,Alex Khan,alex.khan2964@example.com,US,2024-06-17,Basic,8598.04
2965,Jordan Patel,jordan.patel2965@example.com,FR,2024-05-03,Basic,8812.68
2966,Quinn Smith,quinn.smith2966@example.com,DE,2025-05-15,Basic,5377.76
2967,Casey Lopez,casey.lopez2967@example.com,DE,2022-03-04,Basic,16973.15
2968,Jamie Chen,jamie.chen2968@example.com,AU,2022-07-10,Premium,105.44
2969,Lucas Silva,lucas.silva2969@example.com,BR,2021-10-05,Standard,6595.43
2970,Morgan Garcia,morgan.garcia2970@example.com,AU,2020-02-15,Premium,9889.94
2971,Neha Brown,neha.brown2971@example.com,CA,2021-06-16,Standard,3713.72
2972,Taylor Silva,taylor.silva2972@example.com,FR,2022-11-09,Premium,11663.15
2973,Riley Khan,riley.khan2973@example.com,SG,2021-09-04,Premium,15796.07
2974,Jamie Brown,jamie.brown2974@example.com,IN,2020-10-12,Premium,14757.71
2975,Jordan Chen,jordan.chen2975@example.com,US,2024-09-23,Basic,975.58
2976,Avery Smith,avery.smith2976@example.com,FR,2026-03-26,Standard,10233.21
2977,Avery Smith,avery.smith2977@example.com,UK,2021-04-22,Premium,7711.32
2978,Sofia Kim,sofia.kim2978@example.com,UK,2020-01-27,Standard,17932.88
2979,Priya Silva,priya.silva2979@example.com,AU,2026-04-23,Basic,15809.59
2980,Sofia Brown,sofia.brown2980@example.com,SG,2022-02-01,Premium,3461.29
2981,Omar Singh,omar.singh2981@example.com,UK,2024-06-06,Premium,4657.36
2982,Avery Nguyen,avery.nguyen2982@example.com,UK,2020-02-04,Basic,2872.23
2983,Arjun Brown,arjun.brown2983@example.com,FR,2022-02-03,Premium,5153.9
2984,Sofia Smith,sofia.smith2984@example.com,SG,2021-05-31,Premium,18151.25
2985,Taylor Patel,taylor.patel2985@example.com,AU,2021-10-25,Premium,14288.2
2986,Alex Garcia,alex.garcia2986@example.com,DE,2024-11-02,Basic,19150.83
2987,Taylor Khan,taylor.khan2987@example.com,SG,2021-12-01,Premium,7083.8
2988,Taylor Müller,taylor.müller2988@example.com,SG,2025-06-25,Basic,135.3
2989,Arjun Chen,arjun.chen2989@example.com,IN,2024-11-11,Premium,15467.41
2990,Omar Kim,omar.kim2990@example.com,FR,2024-03-01,Standard,11027.25
2991,Sam Lopez,sam.lopez2991@example.com,SG,2023-07-05,Basic,15005.01
2992,Lucas Garcia,lucas.garcia2992@example.com,IN,2024-04-12,Basic,10359.44
2993,Jordan Brown,jordan.brown2993@example.com,DE,2025-05-14,Basic,15323.48
2994,Morgan Patel,morgan.patel2994@example.com,FR,2024-03-17,Basic,18854.97
2995,Lucas Garcia,lucas.garcia2995@example.com,FR,2023-02-04,Standard,19230.83
2996,Jamie Smith,jamie.smith2996@example.com,IN,2025-10-05,Premium,3404.02
2997,Lucas Garcia,lucas.garcia2997@example.com,US,2020-08-09,Premium,11046.44
2998,Jamie Müller,jamie.müller2998@example.com,UK,2022-07-25,Premium,13266.58
2999,Casey Smith,casey.smith2999@example.com,CA,2020-12-29,Standard,5610.96
3000,Quinn Khan,quinn.khan3000@example.com,DE,2021-06-23,Basic,17212.07
3001,Taylor Patel,taylor.patel3001@example.com,BR,2024-01-14,Basic,12068.75
3002,Morgan Lopez,morgan.lopez3002@example.com,US,2021-06-02,Basic,12564.69
3003,Alex Garcia,alex.garcia3003@example.com,US,2022-05-01,Premium,5576.11
3004,Casey Kim,casey.kim3004@example.com,UK,2021-06-18,Basic,8806.19
3005,Arjun Garcia,arjun.garcia3005@example.com,IN,2022-09-25,Standard,14371.15
3006,Jordan Garcia,jordan.garcia3006@example.com,FR,2021-01-18,Standard,6742.53
3007,Jordan Nguyen,,CA,2024-06-09,Premium,107.57
3008,Jordan Brown,jordan.brown3008@example.com,SG,2022-08-03,Standard,9165.52
3009,Arjun Nguyen,arjun.nguyen3009@example.com,SG,2021-01-28,Basic,10768.52
3010,Casey Patel,casey.patel3010@example.com,US,2021-10-25,Basic,1838.69
3011,Sam Silva,sam.silva3011@example.com,CA,2024-03-28,Basic,865.49
3012,Riley Chen,riley.chen3012@example.com,FR,2022-06-12,Premium,18885.04
3013,Alex Singh,alex.singh3013@example.com,DE,2026-01-25,Standard,1384.27
3014,Neha Nguyen,neha.nguyen3014@example.com,UK,2021-09-09,Basic,1669.14
3015,Morgan Patel,morgan.patel3015@example.com,BR,2025-06-17,Premium,10046.69
3016,Arjun Nguyen,arjun.nguyen3016@example.com,FR,2024-02-18,Standard,16836.62
3017,Neha Silva,neha.silva3017@example.com,US,2024-04-18,Premium,14023.5
3018,Casey Patel,casey.patel3018@example.com,SG,2025-09-28,Standard,7272.91
3019,Jordan Singh,jordan.singh3019@example.com,SG,2023-03-21,Standard,6045.04
3020,Jordan Silva,jordan.silva3020@example.com,BR,2024-05-22,Premium,13712.91
3021,Morgan Lopez,morgan.lopez3021@example.com,DE,2026-05-13,Standard,6908.61
3022,Jamie Khan,jamie.khan3022@example.com,SG,2024-03-23,Premium,9099.63
3023,Casey Garcia,casey.garcia3023@example.com,BR,2021-07-05,Standard,17647.18
3024,Taylor Patel,taylor.patel3024@example.com,CA,2021-08-24,Standard,4368.02
3025,Omar Khan,omar.khan3025@example.com,UK,2023-11-08,Basic,11118.36
3026,Priya Singh,priya.singh3026@example.com,UK,2021-02-19,Basic,10318.01
3027,Jordan Müller,jordan.müller3027@example.com,JP,2021-02-05,Basic,12474.35
3028,Omar Garcia,omar.garcia3028@example.com,DE,2023-06-28,Basic,1738.48
3029,Neha Singh,neha.singh3029@example.com,DE,2022-04-03,Basic,6809.77
3030,Avery Garcia,avery.garcia3030@example.com,CA,2025-03-02,Premium,17784.82
3031,Jordan Brown,jordan.brown3031@example.com,FR,2022-08-24,Premium,4948.18
3032,Morgan Smith,morgan.smith3032@example.com,DE,2020-11-13,Premium,14142.8
3033,Arjun Khan,arjun.khan3033@example.com,FR,2025-08-07,Standard,608.39
3034,Quinn Brown,quinn.brown3034@example.com,JP,2024-05-18,Basic,11296.12
3035,Quinn Silva,quinn.silva3035@example.com,AU,2025-01-31,Standard,11757.19
3036,Quinn Lopez,,AU,2022-03-27,Standard,19342.73
3037,Omar Brown,omar.brown3037@example.com,SG,2025-04-18,Standard,7890.9
3038,Neha Patel,neha.patel3038@example.com,BR,2022-05-04,Standard,2573.14
3039,Riley Brown,riley.brown3039@example.com,CA,2024-02-24,Premium,10732.95
3040,Alex Chen,alex.chen3040@example.com,AU,2023-06-08,Basic,1796.39
3041,Priya Garcia,priya.garcia3041@example.com,BR,2021-08-07,Standard,15741.22
3042,Arjun Chen,arjun.chen3042@example.com,BR,2024-06-14,Standard,16892.58
3043,Riley Patel,riley.patel3043@example.com,DE,2020-02-25,Standard,17408.81
3044,Quinn Garcia,quinn.garcia3044@example.com,DE,2024-02-16,Basic,11790.6
3045,Taylor Singh,taylor.singh3045@example.com,UK,2024-04-25,Premium,18665.85
3046,Jamie Smith,jamie.smith3046@example.com,CA,2026-02-08,Basic,3948.5
3047,Riley Nguyen,riley.nguyen3047@example.com,IN,2023-05-17,Standard,17728.31
3048,Morgan Lopez,morgan.lopez3048@example.com,US,2025-01-28,Basic,8282.35
3049,Sofia Kim,sofia.kim3049@example.com,IN,2020-03-15,Premium,10706.45
3050,Taylor Silva,taylor.silva3050@example.com,FR,2023-12-30,Premium,2884.67
3051,Taylor Patel,taylor.patel3051@example.com,AU,2026-02-26,Standard,1892.94
3052,Quinn Brown,quinn.brown3052@example.com,UK,2022-05-06,Standard,16322.13
3053,Quinn Lopez,quinn.lopez3053@example.com,UK,2024-11-08,Basic,15960.33
3054,Quinn Singh,quinn.singh3054@example.com,JP,2020-07-18,Premium,9969.54
3055,Riley Khan,riley.khan3055@example.com,US,2025-12-06,Standard,15942.82
3056,Casey Kim,casey.kim3056@example.com,JP,2025-03-10,Standard,2684.53
3057,Omar Nguyen,omar.nguyen3057@example.com,AU,2024-07-23,Premium,3939.84
3058,Alex Patel,alex.patel3058@example.com,CA,2020-09-10,Basic,16556.93
3059,Arjun Garcia,arjun.garcia3059@example.com,JP,2026-01-08,Premium,540.5
3060,Arjun Brown,arjun.brown3060@example.com,FR,2020-07-05,Premium,555.08
3061,Casey Silva,casey.silva3061@example.com,UK,2021-06-08,Premium,6218.32
3062,Priya Silva,priya.silva3062@example.com,DE,2021-05-06,Standard,578.07
3063,Jamie Kim,jamie.kim3063@example.com,SG,2021-05-20,Premium,15273.12
3064,Sam Silva,sam.silva3064@example.com,UK,2020-05-23,Premium,2476.38
3065,Neha Chen,neha.chen3065@example.com,AU,2023-12-08,Basic,3125.79
3066,Neha Garcia,neha.garcia3066@example.com,US,2022-02-02,Basic,14538.77
3067,Lucas Kim,lucas.kim3067@example.com,AU,2021-06-07,Basic,7501.9
3068,Arjun Khan,arjun.khan3068@example.com,DE,2022-08-19,Premium,3421.07
3069,Sofia Kim,sofia.kim3069@example.com,SG,2022-02-17,Basic,12087.63
3070,Riley Smith,riley.smith3070@example.com,CA,2024-01-29,Standard,13839.24
3071,Avery Brown,avery.brown3071@example.com,DE,2021-06-13,Premium,8493.38
3072,Sam Müller,sam.müller3072@example.com,AU,2020-05-22,Standard,7972.07
3073,Jordan Müller,jordan.müller3073@example.com,JP,2020-07-05,Basic,3789.38
3074,Lucas Patel,lucas.patel3074@example.com,FR,2021-10-10,Premium,7653.6
3075,Taylor Smith,taylor.smith3075@example.com,JP,2021-05-25,Premium,7958.69
3076,Arjun Khan,arjun.khan3076@example.com,FR,2022-06-29,Basic,13571.53
3077,Riley Lopez,riley.lopez3077@example.com,IN,2025-07-12,Basic,15885.43
3078,Omar Lopez,omar.lopez3078@example.com,CA,2025-12-27,Standard,15598.05
3079,Lucas Kim,lucas.kim3079@example.com,AU,2024-12-17,Standard,2663.93
3080,Morgan Kim,morgan.kim3080@example.com,UK,2021-08-03,Premium,18396.87
3081,Alex Khan,alex.khan3081@example.com,IN,2023-04-11,Standard,19942.91
3082,Arjun Müller,arjun.müller3082@example.com,SG,2021-09-23,Basic,16322.95
3083,Riley Garcia,riley.garcia3083@example.com,AU,2024-07-16,Premium,7571.69
3084,Priya Kim,priya.kim3084@example.com,AU,2020-07-20,Standard,4882.75
3085,Lucas Kim,lucas.kim3085@example.com,IN,2021-04-14,Basic,1155.67
3086,Neha Khan,neha.khan3086@example.com,JP,2023-02-03,Premium,16562.08
3087,Alex Silva,alex.silva3087@example.com,AU,2022-07-27,Basic,18998.07
3088,Taylor Khan,taylor.khan3088@example.com,FR,2023-08-19,Premium,320.36
3089,Sam Kim,sam.kim3089@example.com,BR,2021-12-15,Standard,13238.91
3090,Jamie Khan,jamie.khan3090@example.com,BR,2022-07-27,Basic,16572.03
3091,Lucas Khan,lucas.khan3091@example.com,AU,2024-04-30,Premium,6310.93
3092,Quinn Silva,quinn.silva3092@example.com,US,2024-01-20,Standard,5065.97
3093,Sam Garcia,sam.garcia3093@example.com,IN,2024-02-17,Premium,8590.98
3094,Quinn Patel,quinn.patel3094@example.com,IN,2026-05-08,Basic,6877.31
3095,Omar Singh,,US,2026-05-21,Basic,1871.91
3096,Neha Chen,neha.chen3096@example.com,DE,2023-08-07,Standard,10965.08
3097,Arjun Garcia,arjun.garcia3097@example.com,US,2025-05-08,Premium,16233.51
3098,Alex Singh,alex.singh3098@example.com,UK,2024-11-15,Premium,13349.94
3099,Sam Chen,sam.chen3099@example.com,JP,2021-01-28,Premium,14592.83
3100,Sam Garcia,sam.garcia3100@example.com,CA,2020-10-27,Premium,11452.89
3101,Omar Chen,omar.chen3101@example.com,BR,2025-03-10,Basic,11352.26
3102,Sofia Nguyen,sofia.nguyen3102@example.com,US,2026-05-08,Basic,9517.6
3103,Sam Garcia,sam.garcia3103@example.com,BR,2025-07-02,Standard,4664.92
3104,Riley Garcia,riley.garcia3104@example.com,JP,2024-05-13,Basic,15304.58
3105,Sofia Brown,sofia.brown3105@example.com,SG,2025-12-12,Basic,12451.67
3106,Omar Brown,omar.brown3106@example.com,DE,2022-05-01,Basic,13714.51
3107,Jamie Kim,jamie.kim3107@example.com,IN,2021-01-10,Basic,15410.77
3108,Priya Singh,priya.singh3108@example.com,DE,2020-05-06,Basic,13458.66
3109,Priya Garcia,priya.garcia3109@example.com,DE,2021-05-25,Premium,961.33
3110,Taylor Chen,taylor.chen3110@example.com,IN,2023-12-12,Premium,15503.19
3111,Lucas Nguyen,lucas.nguyen3111@example.com,CA,2023-03-04,Basic,12819.67
3112,Jamie Silva,jamie.silva3112@example.com,US,2020-07-23,Premium,2848.6
3113,Sofia Nguyen,sofia.nguyen3113@example.com,CA,2023-06-20,Basic,13324.36
3114,Omar Silva,omar.silva3114@example.com,BR,2023-05-04,Basic,8984.13
3115,Sofia Singh,sofia.singh3115@example.com,IN,2024-09-15,Premium,7743.86
3116,Arjun Nguyen,arjun.nguyen3116@example.com,US,2022-11-18,Standard,708.87
3117,Omar Kim,omar.kim3117@example.com,AU,2023-07-13,Basic,4450.79
3118,Morgan Smith,morgan.smith3118@example.com,SG,2024-04-30,Standard,11322.67
3119,Riley Silva,riley.silva3119@example.com,JP,2020-11-19,Premium,17660.5
3120,Arjun Garcia,arjun.garcia3120@example.com,SG,2024-04-06,Premium,6455.87
3121,Jordan Lopez,jordan.lopez3121@example.com,AU,2025-03-23,Basic,208.74
3122,Arjun Brown,arjun.brown3122@example.com,IN,2021-10-23,Basic,3263.99
3123,Omar Khan,omar.khan3123@example.com,DE,2024-10-13,Standard,4733.68
3124,Sam Brown,sam.brown3124@example.com,SG,2023-04-02,Basic,12434.26
3125,Priya Chen,priya.chen3125@example.com,BR,2023-11-29,Standard,8308.25
3126,Omar Kim,omar.kim3126@example.com,CA,2023-09-15,Standard,17499.45
3127,Jamie Lopez,jamie.lopez3127@example.com,DE,2023-06-13,Basic,5185.09
3128,Sam Singh,sam.singh3128@example.com,SG,2021-05-11,Standard,11409.24
3129,Avery Chen,avery.chen3129@example.com,DE,2022-11-24,Standard,11587.47
3130,Jamie Kim,jamie.kim3130@example.com,SG,2023-01-09,Standard,5312.7
3131,Riley Garcia,riley.garcia3131@example.com,DE,2020-07-14,Basic,6597.35
3132,Omar Garcia,omar.garcia3132@example.com,SG,2025-05-07,Basic,18706.83
3133,Quinn Patel,quinn.patel3133@example.com,DE,2021-10-07,Premium,19348.4
3134,Sofia Garcia,sofia.garcia3134@example.com,US,2021-12-10,Premium,17215.4
3135,Jordan Silva,jordan.silva3135@example.com,AU,2023-05-19,Basic,6987.57
3136,Jamie Khan,jamie.khan3136@example.com,BR,2024-02-26,Standard,9478.72
3137,Casey Garcia,casey.garcia3137@example.com,US,2022-09-28,Premium,906.07
3138,Quinn Chen,quinn.chen3138@example.com,BR,2023-05-31,Standard,18581.56
3139,Casey Lopez,casey.lopez3139@example.com,SG,2022-07-04,Basic,1139.42
3140,Alex Garcia,alex.garcia3140@example.com,AU,2021-03-12,Premium,15586.76
3141,Morgan Lopez,morgan.lopez3141@example.com,JP,2023-09-27,Standard,17293.17
3142,Neha Kim,neha.kim3142@example.com,AU,2026-07-13,Standard,12578.69
3143,Lucas Smith,lucas.smith3143@example.com,FR,2024-10-28,Premium,18457.82
3144,Morgan Patel,morgan.patel3144@example.com,CA,2024-01-16,Basic,6001.98
3145,Quinn Lopez,quinn.lopez3145@example.com,AU,2024-06-12,Standard,4464.68
3146,Sam Kim,sam.kim3146@example.com,FR,2026-03-05,Standard,1008.76
3147,Morgan Singh,morgan.singh3147@example.com,UK,2022-02-19,Standard,3193.55
3148,Casey Smith,casey.smith3148@example.com,DE,2022-03-09,Standard,9177.51
3149,Riley Singh,riley.singh3149@example.com,BR,2022-05-01,Basic,2200.24
3150,Jamie Kim,jamie.kim3150@example.com,JP,2026-07-01,Standard,10113.47
3151,Neha Müller,neha.müller3151@example.com,US,2020-05-13,Basic,15839.82
3152,Priya Lopez,priya.lopez3152@example.com,UK,2026-05-19,Standard,7659.51
3153,Jordan Garcia,jordan.garcia3153@example.com,IN,2025-06-18,Standard,17790.91
3154,Sam Silva,sam.silva3154@example.com,CA,2022-02-10,Premium,6076.86
3155,Priya Smith,priya.smith3155@example.com,UK,2022-07-24,Basic,15889.09
3156,Arjun Smith,arjun.smith3156@example.com,UK,2021-10-25,Basic,12209.56
3157,Quinn Nguyen,quinn.nguyen3157@example.com,BR,2023-10-17,Premium,8996.69
3158,Priya Lopez,priya.lopez3158@example.com,UK,2022-03-25,Premium,2712.86
3159,Casey Chen,casey.chen3159@example.com,DE,2020-02-08,Premium,374.02
3160,Priya Nguyen,priya.nguyen3160@example.com,SG,2021-03-17,Premium,4128.0
3161,Alex Kim,alex.kim3161@example.com,US,2022-06-17,Premium,5110.1
3162,Sofia Silva,sofia.silva3162@example.com,IN,2021-05-18,Basic,18023.03
3163,Sofia Brown,sofia.brown3163@example.com,US,2024-11-27,Standard,2882.79
3164,Lucas Chen,lucas.chen3164@example.com,SG,2023-11-23,Standard,5020.01
3165,Jordan Garcia,jordan.garcia3165@example.com,CA,2024-02-25,Premium,1168.2
3166,Riley Kim,riley.kim3166@example.com,SG,2026-03-27,Standard,16330.49
3167,Riley Kim,riley.kim3167@example.com,US,2022-06-06,Standard,14348.94
3168,Casey Smith,casey.smith3168@example.com,UK,2026-01-21,Standard,9196.13
3169,Alex Patel,alex.patel3169@example.com,JP,2021-10-29,Premium,13255.25
3170,Casey Singh,casey.singh3170@example.com,US,2024-03-09,Premium,8814.96
3171,Omar Singh,omar.singh3171@example.com,FR,2025-03-09,Basic,15534.95
3172,Taylor Silva,taylor.silva3172@example.com,JP,2023-08-08,Standard,8307.7
3173,Riley Singh,riley.singh3173@example.com,US,2024-05-01,Standard,12814.38
3174,Avery Müller,avery.müller3174@example.com,JP,2021-09-23,Basic,9409.76
3175,Casey Brown,casey.brown3175@example.com,FR,2020-09-19,Premium,3153.26
3176,Jordan Chen,jordan.chen3176@example.com,AU,2024-04-27,Standard,15177.08
3177,Jamie Lopez,jamie.lopez3177@example.com,CA,2025-09-08,Basic,14802.98
3178,Avery Silva,avery.silva3178@example.com,DE,2022-02-07,Standard,11489.4
3179,Sam Garcia,sam.garcia3179@example.com,IN,2021-06-16,Premium,1764.76
3180,Jordan Patel,jordan.patel3180@example.com,FR,2025-02-18,Basic,887.17
3181,Arjun Lopez,arjun.lopez3181@example.com,FR,2024-08-30,Basic,12303.11
3182,Sam Silva,sam.silva3182@example.com,US,2025-06-08,Standard,13887.04
3183,Avery Chen,avery.chen3183@example.com,UK,2023-12-14,Premium,11775.75
3184,Quinn Lopez,quinn.lopez3184@example.com,AU,2021-12-30,Basic,6400.87
3185,Taylor Silva,taylor.silva3185@example.com,IN,2021-12-08,Premium,2884.99
3186,Lucas Nguyen,lucas.nguyen3186@example.com,CA,2022-10-20,Premium,11173.25
3187,Riley Garcia,riley.garcia3187@example.com,US,2024-01-17,Standard,3035.59
3188,Taylor Nguyen,taylor.nguyen3188@example.com,UK,2024-03-23,Basic,6444.03
3189,Quinn Chen,quinn.chen3189@example.com,BR,2022-02-26,Premium,14813.76
3190,Alex Lopez,alex.lopez3190@example.com,FR,2022-03-11,Premium,19524.43
3191,Jamie Singh,jamie.singh3191@example.com,JP,2020-03-16,Standard,10068.96
3192,Lucas Müller,lucas.müller3192@example.com,SG,2026-07-04,Standard,284.28
3193,Sofia Smith,sofia.smith3193@example.com,UK,2020-02-12,Standard,12296.3
3194,Neha Müller,neha.müller3194@example.com,AU,2020-10-19,Basic,15333.47
3195,Priya Kim,priya.kim3195@example.com,JP,2025-07-28,Standard,12497.09
3196,Riley Nguyen,riley.nguyen3196@example.com,BR,2022-05-06,Premium,18955.19
3197,Priya Nguyen,priya.nguyen3197@example.com,DE,2023-01-02,Premium,9074.39
3198,Lucas Silva,lucas.silva3198@example.com,AU,2021-11-29,Premium,18245.37
3199,Casey Smith,casey.smith3199@example.com,BR,2020-11-25,Standard,7018.33
3200,Sam Garcia,sam.garcia3200@example.com,SG,2021-07-02,Premium,13099.69
3201,Riley Garcia,riley.garcia3201@example.com,SG,2023-03-16,Premium,1473.15
3202,Omar Kim,omar.kim3202@example.com,US,2021-09-13,Basic,6389.03
3203,Neha Kim,neha.kim3203@example.com,BR,2022-09-27,Standard,13384.08
3204,Casey Khan,casey.khan3204@example.com,BR,2021-12-06,Basic,14468.26
3205,Riley Smith,riley.smith3205@example.com,BR,2024-03-24,Premium,6737.73
3206,Quinn Chen,quinn.chen3206@example.com,FR,2020-04-20,Basic,13393.02
3207,Priya Patel,priya.patel3207@example.com,DE,2022-04-18,Basic,2184.03
3208,Jordan Smith,jordan.smith3208@example.com,CA,2026-06-08,Basic,17040.77
3209,Avery Lopez,avery.lopez3209@example.com,UK,2020-09-20,Basic,1719.97
3210,Casey Patel,casey.patel3210@example.com,UK,2020-11-08,Standard,14996.21
3211,Taylor Lopez,taylor.lopez3211@example.com,AU,2026-01-13,Premium,17401.12
3212,Omar Müller,omar.müller3212@example.com,JP,2024-07-02,Standard,17877.91
3213,Taylor Chen,taylor.chen3213@example.com,IN,2025-12-14,Standard,5279.77
3214,Jordan Nguyen,jordan.nguyen3214@example.com,CA,2023-06-05,Premium,16751.57
3215,Alex Smith,alex.smith3215@example.com,BR,2021-12-28,Basic,18564.97
3216,Lucas Silva,lucas.silva3216@example.com,FR,2025-05-21,Premium,16646.57
3217,Priya Lopez,priya.lopez3217@example.com,BR,2024-07-03,Standard,18917.35
3218,Neha Lopez,neha.lopez3218@example.com,CA,2021-05-01,Basic,8735.12
3219,Casey Kim,casey.kim3219@example.com,CA,2022-01-08,Premium,12229.77
3220,Omar Garcia,omar.garcia3220@example.com,UK,2020-11-03,Premium,3701.28
3221,Jamie Lopez,jamie.lopez3221@example.com,IN,2020-07-05,Standard,3303.75
3222,Quinn Müller,quinn.müller3222@example.com,DE,2021-04-06,Standard,14668.14
3223,Taylor Patel,taylor.patel3223@example.com,JP,2025-01-02,Premium,16516.38
3224,Omar Chen,omar.chen3224@example.com,SG,2023-02-11,Basic,13828.56
3225,Taylor Khan,taylor.khan3225@example.com,UK,2025-10-05,Basic,4023.29
3226,Alex Smith,alex.smith3226@example.com,DE,2024-11-04,Standard,8225.94
3227,Riley Lopez,riley.lopez3227@example.com,US,2020-09-12,Premium,6989.32
3228,Morgan Lopez,morgan.lopez3228@example.com,UK,2026-01-17,Standard,3908.17
3229,Neha Kim,neha.kim3229@example.com,IN,2020-01-16,Standard,12654.58
3230,Priya Garcia,priya.garcia3230@example.com,CA,2022-09-27,Basic,17987.93
3231,Alex Brown,alex.brown3231@example.com,FR,2021-10-24,Standard,16856.9
3232,Riley Khan,riley.khan3232@example.com,SG,2020-09-12,Premium,9049.48
3233,Omar Garcia,omar.garcia3233@example.com,JP,2024-11-21,Premium,17163.0
3234,Riley Müller,riley.müller3234@example.com,DE,2025-08-16,Basic,17864.49
3235,Morgan Kim,morgan.kim3235@example.com,JP,2024-07-27,Basic,1711.87
3236,Priya Khan,priya.khan3236@example.com,IN,2026-01-30,Standard,3581.81
3237,Sofia Patel,sofia.patel3237@example.com,DE,2024-11-12,Basic,6128.82
3238,Taylor Smith,taylor.smith3238@example.com,IN,2022-02-16,Premium,13293.29
3239,Riley Kim,riley.kim3239@example.com,DE,2021-09-16,Premium,13476.89
3240,Avery Brown,avery.brown3240@example.com,UK,2025-03-03,Basic,12021.73
3241,Sam Müller,sam.müller3241@example.com,JP,2023-08-25,Basic,18761.02
3242,Alex Nguyen,alex.nguyen3242@example.com,JP,2025-07-12,Standard,1944.69
3243,Jordan Nguyen,jordan.nguyen3243@example.com,AU,2026-07-11,Premium,175.17
3244,Taylor Khan,taylor.khan3244@example.com,CA,2022-10-10,Premium,12442.34
3245,Sofia Chen,sofia.chen3245@example.com,JP,2024-08-05,Premium,9239.85
3246,Taylor Brown,taylor.brown3246@example.com,SG,2024-09-12,Basic,17071.91
3247,Avery Müller,avery.müller3247@example.com,CA,2023-12-04,Basic,9974.7
3248,Alex Lopez,alex.lopez3248@example.com,UK,2024-05-19,Standard,7404.36
3249,Neha Müller,neha.müller3249@example.com,BR,2021-11-30,Basic,17404.06
3250,Taylor Garcia,taylor.garcia3250@example.com,AU,2025-01-09,Premium,6195.56
3251,Riley Brown,riley.brown3251@example.com,AU,2022-07-04,Basic,5492.93
3252,Omar Khan,omar.khan3252@example.com,US,2024-12-25,Basic,5992.34
3253,Casey Chen,,SG,2020-04-02,Standard,5398.94
3254,Lucas Garcia,lucas.garcia3254@example.com,SG,2024-08-14,Standard,11825.8
3255,Jamie Patel,jamie.patel3255@example.com,JP,2026-06-09,Basic,7957.33
3256,Alex Müller,alex.müller3256@example.com,US,2026-03-16,Basic,9172.82
3257,Lucas Singh,lucas.singh3257@example.com,FR,2023-12-12,Basic,12375.25
3258,Jamie Nguyen,jamie.nguyen3258@example.com,CA,2020-11-04,Basic,3911.15
3259,Jamie Patel,jamie.patel3259@example.com,BR,2025-03-07,Premium,5815.06
3260,Sofia Müller,sofia.müller3260@example.com,AU,2022-04-24,Standard,14674.87
3261,Taylor Nguyen,taylor.nguyen3261@example.com,CA,2026-07-21,Basic,607.69
3262,Jamie Brown,jamie.brown3262@example.com,US,2021-11-13,Basic,12818.19
3263,Neha Smith,neha.smith3263@example.com,AU,2021-12-01,Premium,16722.1
3264,Jordan Garcia,jordan.garcia3264@example.com,BR,2021-07-25,Standard,829.74
3265,Neha Singh,neha.singh3265@example.com,FR,2020-09-07,Premium,16805.35
3266,Riley Singh,riley.singh3266@example.com,FR,2022-10-31,Standard,10425.66
3267,Avery Smith,avery.smith3267@example.com,FR,2026-01-19,Basic,11133.11
3268,Jordan Brown,jordan.brown3268@example.com,JP,2023-06-03,Basic,16305.33
3269,Avery Chen,avery.chen3269@example.com,SG,2025-04-24,Standard,16676.48
3270,Taylor Müller,taylor.müller3270@example.com,AU,2024-08-30,Premium,340.65
3271,Sofia Brown,sofia.brown3271@example.com,US,2020-07-12,Premium,4296.44
3272,Arjun Lopez,arjun.lopez3272@example.com,BR,2024-07-09,Premium,11863.87
3273,Arjun Khan,arjun.khan3273@example.com,DE,2020-03-11,Standard,7778.68
3274,Taylor Müller,taylor.müller3274@example.com,CA,2026-05-04,Premium,16518.09
3275,Jamie Nguyen,jamie.nguyen3275@example.com,JP,2026-05-21,Premium,10077.94
3276,Lucas Lopez,lucas.lopez3276@example.com,US,2021-04-29,Basic,9468.48
3277,Omar Khan,omar.khan3277@example.com,US,2020-05-07,Premium,12638.92
3278,Morgan Nguyen,morgan.nguyen3278@example.com,AU,2021-05-18,Premium,4656.98
3279,Jamie Singh,jamie.singh3279@example.com,CA,2021-06-22,Basic,11926.35
3280,Jordan Nguyen,jordan.nguyen3280@example.com,JP,2023-01-28,Basic,6891.73
3281,Omar Müller,omar.müller3281@example.com,BR,2024-03-12,Premium,6052.63
3282,Jordan Nguyen,jordan.nguyen3282@example.com,UK,2021-05-31,Premium,6505.97
3283,Arjun Chen,arjun.chen3283@example.com,SG,2024-11-21,Standard,2781.69
3284,Omar Garcia,omar.garcia3284@example.com,UK,2022-01-10,Premium,12199.32
3285,Priya Kim,priya.kim3285@example.com,DE,2023-04-22,Standard,15872.91
3286,Quinn Silva,quinn.silva3286@example.com,CA,2025-05-21,Standard,6106.3
3287,Jamie Khan,jamie.khan3287@example.com,AU,2024-03-05,Basic,4495.6
3288,Omar Brown,omar.brown3288@example.com,UK,2021-01-29,Premium,10710.83
3289,Priya Smith,priya.smith3289@example.com,JP,2020-12-01,Premium,5785.02
3290,Arjun Kim,arjun.kim3290@example.com,IN,2021-11-11,Basic,16586.54
3291,Jordan Smith,jordan.smith3291@example.com,DE,2024-06-03,Premium,13185.32
3292,Sam Patel,sam.patel3292@example.com,JP,2022-08-28,Basic,2906.57
3293,Sofia Silva,sofia.silva3293@example.com,UK,2024-10-09,Standard,10744.63
3294,Avery Chen,avery.chen3294@example.com,AU,2026-03-26,Standard,14261.69
3295,Priya Müller,priya.müller3295@example.com,AU,2021-12-01,Premium,11709.9
3296,Jamie Garcia,jamie.garcia3296@example.com,AU,2021-07-27,Basic,17191.39
3297,Taylor Nguyen,taylor.nguyen3297@example.com,IN,2025-08-19,Standard,9810.61
3298,Sam Silva,sam.silva3298@example.com,IN,2020-08-12,Standard,18328.93
3299,Jordan Brown,jordan.brown3299@example.com,CA,2021-01-14,Standard,8992.33
3300,Jamie Singh,jamie.singh3300@example.com,JP,2022-08-01,Standard,12790.64
3301,Arjun Garcia,arjun.garcia3301@example.com,CA,2024-11-30,Basic,14649.41
3302,Jamie Patel,jamie.patel3302@example.com,JP,2021-05-02,Standard,11632.59
3303,Sofia Kim,sofia.kim3303@example.com,CA,2023-03-31,Basic,4103.33
3304,Priya Kim,priya.kim3304@example.com,JP,2025-09-22,Basic,654.19
3305,Morgan Patel,morgan.patel3305@example.com,FR,2022-06-10,Standard,1708.76
3306,Sam Lopez,sam.lopez3306@example.com,DE,2022-09-08,Basic,10447.25
3307,Riley Nguyen,riley.nguyen3307@example.com,US,2025-10-02,Standard,10145.25
3308,Riley Müller,riley.müller3308@example.com,IN,2023-12-15,Premium,9624.38
3309,Lucas Kim,lucas.kim3309@example.com,US,2023-03-14,Basic,8724.16
3310,Priya Khan,priya.khan3310@example.com,IN,2023-07-07,Premium,2488.43
3311,Jamie Nguyen,jamie.nguyen3311@example.com,AU,2022-05-21,Standard,14592.32
3312,Lucas Müller,lucas.müller3312@example.com,US,2021-02-19,Basic,11312.27
3313,Taylor Brown,taylor.brown3313@example.com,BR,2025-05-13,Premium,5886.12
3314,Neha Silva,neha.silva3314@example.com,IN,2025-05-16,Standard,14859.02
3315,Riley Chen,riley.chen3315@example.com,BR,2020-09-24,Standard,4528.45
3316,Neha Garcia,neha.garcia3316@example.com,SG,2026-06-15,Standard,17778.74
3317,Omar Singh,omar.singh3317@example.com,AU,2020-08-03,Basic,11771.46
3318,Alex Lopez,alex.lopez3318@example.com,US,2021-04-04,Premium,10668.71
3319,Priya Silva,priya.silva3319@example.com,DE,2026-06-23,Premium,10649.27
3320,Avery Khan,avery.khan3320@example.com,AU,2021-11-01,Premium,14100.22
3321,Omar Khan,omar.khan3321@example.com,FR,2023-04-04,Standard,3445.51
3322,Jamie Nguyen,jamie.nguyen3322@example.com,CA,2025-10-08,Basic,5985.94
3323,Sofia Chen,sofia.chen3323@example.com,AU,2024-11-29,Premium,11242.75
3324,Arjun Silva,arjun.silva3324@example.com,AU,2026-05-27,Standard,15096.96
3325,Casey Müller,casey.müller3325@example.com,IN,2020-07-29,Premium,2912.01
3326,Sofia Lopez,sofia.lopez3326@example.com,SG,2025-03-10,Basic,10799.32
3327,Sam Garcia,sam.garcia3327@example.com,CA,2025-12-06,Basic,3791.25
3328,Sofia Patel,sofia.patel3328@example.com,JP,2020-02-28,Standard,15024.72
3329,Jamie Singh,jamie.singh3329@example.com,AU,2021-02-09,Standard,15906.36
3330,Morgan Nguyen,morgan.nguyen3330@example.com,JP,2021-10-16,Basic,19898.53
3331,Taylor Patel,taylor.patel3331@example.com,UK,2022-06-10,Basic,642.21
3332,Priya Nguyen,priya.nguyen3332@example.com,FR,2021-04-12,Premium,11583.54
3333,Lucas Müller,lucas.müller3333@example.com,IN,2023-01-31,Standard,11549.93
3334,Alex Lopez,alex.lopez3334@example.com,SG,2026-06-04,Basic,16926.17
3335,Taylor Silva,taylor.silva3335@example.com,JP,2026-06-21,Premium,7439.61
3336,Casey Müller,casey.müller3336@example.com,BR,2024-09-28,Basic,4194.13
3337,Arjun Patel,arjun.patel3337@example.com,AU,2025-08-28,Basic,15029.62
3338,Sofia Lopez,sofia.lopez3338@example.com,US,2023-07-28,Premium,2574.4
3339,Neha Smith,neha.smith3339@example.com,IN,2021-05-14,Basic,4860.57
3340,Sam Smith,sam.smith3340@example.com,DE,2025-12-21,Premium,17063.98
3341,Lucas Singh,lucas.singh3341@example.com,UK,2023-07-14,Standard,2469.19
3342,Omar Smith,omar.smith3342@example.com,SG,2020-08-29,Basic,10645.82
3343,Taylor Müller,taylor.müller3343@example.com,IN,2020-06-23,Standard,6588.42
3344,Casey Singh,casey.singh3344@example.com,DE,2025-03-03,Premium,8039.2
3345,Priya Lopez,priya.lopez3345@example.com,FR,2025-07-25,Premium,7613.34
3346,Neha Garcia,neha.garcia3346@example.com,JP,2020-11-19,Premium,13819.63
3347,Neha Chen,neha.chen3347@example.com,DE,2022-05-06,Standard,4877.79
3348,Jordan Lopez,jordan.lopez3348@example.com,US,2023-09-29,Basic,6469.05
3349,Omar Patel,omar.patel3349@example.com,AU,2023-04-10,Standard,13329.9
3350,Sam Khan,sam.khan3350@example.com,AU,2024-04-29,Standard,4826.21
3351,Lucas Chen,lucas.chen3351@example.com,UK,2024-01-02,Standard,15807.59
3352,Taylor Patel,taylor.patel3352@example.com,BR,2023-04-03,Premium,7888.1
3353,Jordan Khan,jordan.khan3353@example.com,UK,2025-09-12,Premium,9457.16
3354,Riley Silva,riley.silva3354@example.com,US,2021-10-10,Basic,11910.3
3355,Neha Nguyen,neha.nguyen3355@example.com,US,2023-11-06,Premium,5934.96
3356,Sam Nguyen,sam.nguyen3356@example.com,CA,2022-11-16,Premium,16349.15
3357,Omar Patel,omar.patel3357@example.com,US,2021-03-05,Basic,19983.56
3358,Sofia Brown,sofia.brown3358@example.com,DE,2023-10-03,Basic,17450.24
3359,Jamie Nguyen,jamie.nguyen3359@example.com,CA,2020-06-24,Standard,19268.52
3360,Jordan Kim,jordan.kim3360@example.com,FR,2026-02-17,Premium,2750.61
3361,Morgan Smith,morgan.smith3361@example.com,CA,2021-08-07,Standard,8422.98
3362,Omar Garcia,omar.garcia3362@example.com,FR,2021-02-23,Standard,12693.51
3363,Quinn Silva,quinn.silva3363@example.com,IN,2025-12-06,Basic,4636.84
3364,Priya Kim,priya.kim3364@example.com,US,2026-06-14,Standard,11523.9
3365,Jordan Nguyen,jordan.nguyen3365@example.com,JP,2024-07-05,Standard,13918.69
3366,Alex Chen,alex.chen3366@example.com,UK,2021-12-10,Basic,10754.79
3367,Quinn Chen,quinn.chen3367@example.com,FR,2025-02-03,Standard,17429.82
3368,Arjun Patel,arjun.patel3368@example.com,DE,2023-09-08,Basic,14984.9
3369,Sofia Garcia,sofia.garcia3369@example.com,JP,2021-05-19,Standard,5354.35
3370,Morgan Smith,morgan.smith3370@example.com,BR,2026-03-14,Basic,19703.13
3371,Taylor Nguyen,taylor.nguyen3371@example.com,CA,2020-05-23,Premium,6136.08
3372,Morgan Chen,morgan.chen3372@example.com,FR,2025-11-11,Premium,10169.78
3373,Morgan Müller,morgan.müller3373@example.com,JP,2024-12-20,Basic,14960.89
3374,Avery Lopez,avery.lopez3374@example.com,DE,2022-05-28,Standard,5715.1
3375,Lucas Silva,lucas.silva3375@example.com,US,2022-10-25,Premium,4689.34
3376,Alex Chen,alex.chen3376@example.com,US,2021-04-06,Standard,3900.38
3377,Omar Smith,omar.smith3377@example.com,UK,2026-02-10,Premium,7948.17
3378,Arjun Singh,arjun.singh3378@example.com,UK,2020-06-10,Standard,1403.01
3379,Riley Kim,riley.kim3379@example.com,IN,2020-05-22,Basic,13064.84
3380,Sofia Silva,sofia.silva3380@example.com,UK,2020-01-30,Standard,15171.34
3381,Sam Smith,sam.smith3381@example.com,US,2025-07-19,Basic,11851.72
3382,Quinn Patel,quinn.patel3382@example.com,SG,2022-05-31,Premium,5450.92
3383,Avery Müller,avery.müller3383@example.com,IN,2020-08-31,Basic,9680.29
3384,Jamie Patel,jamie.patel3384@example.com,UK,2021-08-13,Standard,10902.52
3385,Sofia Smith,sofia.smith3385@example.com,SG,2026-04-04,Standard,3062.92
3386,Neha Singh,neha.singh3386@example.com,SG,2024-07-24,Premium,3707.48
3387,Arjun Patel,arjun.patel3387@example.com,JP,2023-05-07,Premium,3751.17
3388,Alex Singh,alex.singh3388@example.com,DE,2021-12-07,Standard,2038.59
3389,Jordan Smith,jordan.smith3389@example.com,DE,2023-06-05,Standard,10540.52
3390,Taylor Lopez,taylor.lopez3390@example.com,BR,2022-05-31,Premium,9524.08
3391,Casey Müller,casey.müller3391@example.com,BR,2025-01-11,Basic,13073.31
3392,Jordan Garcia,jordan.garcia3392@example.com,US,2020-05-10,Basic,6737.66
3393,Avery Nguyen,avery.nguyen3393@example.com,BR,2021-07-09,Premium,11446.26
3394,Morgan Nguyen,morgan.nguyen3394@example.com,FR,2026-07-17,Premium,249.03
3395,Sofia Silva,sofia.silva3395@example.com,SG,2023-07-06,Premium,1245.65
3396,Lucas Kim,lucas.kim3396@example.com,UK,2023-09-28,Basic,19315.65
3397,Alex Silva,alex.silva3397@example.com,DE,2025-03-05,Premium,3830.66
3398,Jordan Khan,jordan.khan3398@example.com,JP,2021-12-04,Premium,1915.81
3399,Morgan Müller,morgan.müller3399@example.com,BR,2026-05-08,Premium,14877.73
3400,Lucas Patel,lucas.patel3400@example.com,BR,2025-07-23,Premium,3753.48
3401,Alex Singh,alex.singh3401@example.com,AU,2023-02-18,Basic,8179.88
3402,Taylor Silva,taylor.silva3402@example.com,IN,2026-05-21,Premium,10965.8
3403,Sam Silva,sam.silva3403@example.com,US,2025-02-05,Standard,6162.55
3404,Omar Smith,omar.smith3404@example.com,UK,2022-07-12,Standard,5898.06
3405,Casey Garcia,casey.garcia3405@example.com,AU,2021-08-13,Premium,12976.52
3406,Alex Garcia,alex.garcia3406@example.com,AU,2022-01-11,Premium,18231.82
3407,Quinn Patel,quinn.patel3407@example.com,UK,2020-03-10,Basic,5468.36
3408,Sofia Silva,sofia.silva3408@example.com,UK,2024-03-19,Basic,500.95
3409,Riley Nguyen,riley.nguyen3409@example.com,AU,2023-07-17,Premium,4531.75
3410,Casey Silva,casey.silva3410@example.com,BR,2020-11-19,Basic,9339.09
3411,Jamie Lopez,jamie.lopez3411@example.com,FR,2020-04-08,Basic,2722.03
3412,Arjun Lopez,arjun.lopez3412@example.com,AU,2026-07-21,Basic,7047.57
3413,Neha Smith,neha.smith3413@example.com,UK,2021-03-09,Premium,11520.7
3414,Taylor Brown,taylor.brown3414@example.com,FR,2026-07-09,Premium,3456.05
3415,Omar Müller,omar.müller3415@example.com,BR,2023-03-15,Basic,12152.67
3416,Omar Singh,omar.singh3416@example.com,JP,2026-03-27,Standard,15833.72
3417,Omar Garcia,omar.garcia3417@example.com,DE,2025-03-13,Standard,19982.59
3418,Alex Müller,alex.müller3418@example.com,FR,2023-01-07,Standard,9150.92
3419,Alex Müller,alex.müller3419@example.com,DE,2024-11-30,Basic,11171.93
3420,Sam Chen,sam.chen3420@example.com,IN,2026-05-31,Premium,9839.38
3421,Casey Patel,casey.patel3421@example.com,BR,2023-05-16,Premium,1054.52
3422,Morgan Nguyen,morgan.nguyen3422@example.com,SG,2021-06-07,Premium,15719.19
3423,Avery Singh,avery.singh3423@example.com,FR,2023-01-06,Basic,8769.07
3424,Sofia Smith,sofia.smith3424@example.com,FR,2021-10-08,Premium,4518.83
3425,Omar Brown,omar.brown3425@example.com,CA,2024-11-03,Premium,3003.28
3426,Alex Garcia,alex.garcia3426@example.com,IN,2021-11-12,Premium,14882.43
3427,Lucas Khan,lucas.khan3427@example.com,UK,2020-02-29,Standard,18058.11
3428,Alex Kim,alex.kim3428@example.com,DE,2020-01-09,Premium,461.39
3429,Neha Kim,neha.kim3429@example.com,CA,2024-07-09,Standard,4823.49
3430,Taylor Chen,taylor.chen3430@example.com,US,2020-01-14,Basic,10445.79
3431,Sam Patel,sam.patel3431@example.com,CA,2021-05-02,Standard,15976.51
3432,Alex Chen,alex.chen3432@example.com,IN,2024-04-23,Basic,15071.72
3433,Casey Kim,casey.kim3433@example.com,UK,2025-07-18,Premium,18679.69
3434,Sofia Lopez,sofia.lopez3434@example.com,SG,2020-07-02,Standard,227.68
3435,Priya Singh,priya.singh3435@example.com,FR,2020-12-02,Basic,8533.89
3436,Quinn Nguyen,quinn.nguyen3436@example.com,DE,2020-06-15,Premium,510.0
3437,Quinn Khan,quinn.khan3437@example.com,DE,2022-10-17,Standard,2418.88
3438,Taylor Lopez,taylor.lopez3438@example.com,DE,2024-12-30,Premium,18594.9
3439,Sam Brown,sam.brown3439@example.com,IN,2026-03-24,Basic,7419.13
3440,Quinn Brown,quinn.brown3440@example.com,FR,2021-08-02,Basic,19258.91
3441,Jamie Garcia,jamie.garcia3441@example.com,US,2022-02-13,Basic,5232.5
3442,Alex Patel,alex.patel3442@example.com,AU,2022-04-13,Standard,15264.65
3443,Quinn Nguyen,quinn.nguyen3443@example.com,BR,2020-05-02,Standard,6466.95
3444,Quinn Singh,quinn.singh3444@example.com,SG,2023-01-24,Standard,8667.25
3445,Casey Lopez,casey.lopez3445@example.com,US,2021-01-26,Premium,11033.2
3446,Quinn Khan,quinn.khan3446@example.com,US,2021-07-24,Basic,15411.32
3447,Sam Lopez,sam.lopez3447@example.com,FR,2021-09-15,Premium,13069.73
3448,Sofia Chen,sofia.chen3448@example.com,CA,2020-01-05,Premium,19221.4
3449,Neha Garcia,neha.garcia3449@example.com,US,2025-12-14,Standard,10040.9
3450,Sam Silva,,CA,2023-08-23,Premium,9378.0
3451,Arjun Khan,arjun.khan3451@example.com,DE,2024-08-12,Standard,3237.4
3452,Avery Brown,avery.brown3452@example.com,JP,2020-03-12,Premium,5928.45
3453,Riley Chen,riley.chen3453@example.com,IN,2026-04-12,Premium,11055.63
3454,Priya Patel,priya.patel3454@example.com,FR,2021-04-20,Basic,8402.52
3455,Sam Khan,sam.khan3455@example.com,UK,2023-09-02,Standard,11310.99
3456,Jamie Khan,jamie.khan3456@example.com,BR,2021-04-13,Premium,1263.6
3457,Riley Kim,riley.kim3457@example.com,US,2022-12-19,Standard,8197.55
3458,Jordan Patel,jordan.patel3458@example.com,UK,2026-04-19,Premium,10471.31
3459,Sofia Patel,sofia.patel3459@example.com,US,2021-01-02,Basic,17585.63
3460,Riley Kim,riley.kim3460@example.com,UK,2026-05-14,Basic,19804.59
3461,Omar Patel,omar.patel3461@example.com,AU,2021-01-01,Premium,635.83
3462,Quinn Müller,quinn.müller3462@example.com,AU,2020-02-17,Standard,14721.8
3463,Omar Brown,omar.brown3463@example.com,DE,2022-11-25,Standard,7667.62
3464,Jordan Singh,jordan.singh3464@example.com,UK,2021-08-14,Standard,8408.29
3465,Avery Khan,avery.khan3465@example.com,CA,2024-04-17,Premium,2186.07
3466,Sam Brown,sam.brown3466@example.com,DE,2020-01-29,Standard,10009.45
3467,Morgan Lopez,morgan.lopez3467@example.com,CA,2025-07-07,Premium,5226.49
3468,Arjun Müller,arjun.müller3468@example.com,BR,2020-12-06,Standard,19983.5
3469,Riley Garcia,riley.garcia3469@example.com,AU,2021-02-19,Basic,13603.81
3470,Sofia Khan,sofia.khan3470@example.com,UK,2024-06-02,Standard,19737.97
3471,Neha Nguyen,neha.nguyen3471@example.com,BR,2023-12-09,Basic,15674.27
3472,Casey Garcia,casey.garcia3472@example.com,CA,2020-11-09,Basic,17592.46
3473,Omar Müller,omar.müller3473@example.com,JP,2025-09-22,Standard,15812.63
3474,Jamie Silva,jamie.silva3474@example.com,JP,2020-11-25,Basic,3234.89
3475,Jordan Khan,jordan.khan3475@example.com,DE,2024-01-21,Premium,778.16
3476,Taylor Müller,taylor.müller3476@example.com,CA,2025-08-12,Basic,9693.28
3477,Jamie Garcia,jamie.garcia3477@example.com,UK,2022-08-21,Standard,17288.68
3478,Morgan Singh,morgan.singh3478@example.com,US,2023-06-12,Basic,8414.56
3479,Neha Müller,neha.müller3479@example.com,UK,2021-03-28,Premium,1783.27
3480,Omar Singh,omar.singh3480@example.com,SG,2023-12-30,Premium,7170.5
3481,Riley Smith,riley.smith3481@example.com,BR,2023-02-06,Standard,12874.22
3482,Sam Patel,sam.patel3482@example.com,IN,2025-07-12,Premium,10956.7
3483,Sam Müller,sam.müller3483@example.com,UK,2025-03-13,Premium,100.3
3484,Omar Kim,omar.kim3484@example.com,CA,2022-07-12,Standard,13559.51
3485,Jamie Müller,jamie.müller3485@example.com,FR,2022-01-02,Basic,1342.22
3486,Quinn Chen,quinn.chen3486@example.com,BR,2026-01-07,Premium,19861.79
3487,Neha Singh,neha.singh3487@example.com,US,2023-11-23,Premium,16340.35
3488,Jordan Garcia,jordan.garcia3488@example.com,IN,2021-10-21,Standard,6254.49
3489,Quinn Patel,quinn.patel3489@example.com,UK,2022-10-09,Premium,2413.35
3490,Neha Smith,neha.smith3490@example.com,CA,2025-12-02,Standard,133.62
3491,Avery Silva,avery.silva3491@example.com,UK,2021-02-15,Basic,14613.12
3492,Neha Smith,neha.smith3492@example.com,US,2022-04-09,Premium,1296.52
3493,Morgan Patel,morgan.patel3493@example.com,SG,2025-01-03,Basic,16570.04
3494,Jordan Patel,jordan.patel3494@example.com,IN,2023-02-04,Premium,18770.25
3495,Morgan Singh,morgan.singh3495@example.com,JP,2021-04-23,Premium,2183.41
3496,Lucas Lopez,lucas.lopez3496@example.com,IN,2025-03-26,Basic,11117.78
3497,Jordan Lopez,jordan.lopez3497@example.com,IN,2024-05-08,Premium,15223.16
3498,Arjun Khan,arjun.khan3498@example.com,SG,2020-07-27,Basic,10171.17
3499,Taylor Chen,taylor.chen3499@example.com,CA,2025-03-26,Basic,6606.7
3500,Arjun Smith,arjun.smith3500@example.com,IN,2020-11-11,Premium,19166.18
3501,Priya Kim,priya.kim3501@example.com,AU,2025-12-11,Premium,14138.07
3502,Alex Silva,alex.silva3502@example.com,UK,2026-04-05,Basic,13536.11
3503,Sofia Müller,sofia.müller3503@example.com,US,2025-04-15,Premium,15598.82
3504,Jordan Lopez,jordan.lopez3504@example.com,DE,2025-03-31,Premium,18912.59
3505,Taylor Nguyen,taylor.nguyen3505@example.com,US,2026-03-13,Basic,10264.11
3506,Lucas Garcia,lucas.garcia3506@example.com,UK,2022-04-10,Basic,11934.65
3507,Neha Singh,neha.singh3507@example.com,JP,2025-07-01,Premium,10732.7
3508,Lucas Brown,lucas.brown3508@example.com,DE,2020-06-14,Standard,17572.22
3509,Taylor Smith,taylor.smith3509@example.com,UK,2023-03-20,Basic,347.74
3510,Arjun Brown,arjun.brown3510@example.com,JP,2025-08-12,Premium,343.87
3511,Quinn Khan,quinn.khan3511@example.com,CA,2022-03-06,Premium,4305.08
3512,Neha Garcia,neha.garcia3512@example.com,UK,2021-05-12,Standard,11722.35
3513,Neha Chen,neha.chen3513@example.com,BR,2026-03-08,Standard,16945.97
3514,Quinn Nguyen,quinn.nguyen3514@example.com,JP,2020-03-22,Standard,16026.9
3515,Arjun Patel,arjun.patel3515@example.com,BR,2021-04-29,Premium,11582.38
3516,Arjun Lopez,arjun.lopez3516@example.com,UK,2021-01-01,Standard,1145.63
3517,Taylor Nguyen,taylor.nguyen3517@example.com,CA,2021-08-17,Standard,1500.36
3518,Lucas Smith,lucas.smith3518@example.com,DE,2022-03-20,Standard,976.09
3519,Quinn Garcia,quinn.garcia3519@example.com,CA,2022-05-17,Basic,14973.75
3520,Taylor Chen,taylor.chen3520@example.com,FR,2022-06-28,Basic,2782.22
3521,Jamie Müller,jamie.müller3521@example.com,IN,2022-06-21,Premium,253.87
3522,Taylor Lopez,taylor.lopez3522@example.com,BR,2020-11-01,Premium,6362.04
3523,Avery Smith,avery.smith3523@example.com,UK,2021-02-17,Standard,18236.26
3524,Neha Silva,neha.silva3524@example.com,AU,2026-03-03,Standard,13980.8
3525,Neha Lopez,neha.lopez3525@example.com,DE,2022-08-04,Basic,17361.33
3526,Priya Kim,priya.kim3526@example.com,CA,2026-03-02,Premium,1914.77
3527,Priya Smith,priya.smith3527@example.com,IN,2023-02-05,Standard,8441.19
3528,Casey Silva,casey.silva3528@example.com,FR,2026-07-25,Standard,17117.68
3529,Taylor Brown,taylor.brown3529@example.com,JP,2022-10-07,Basic,6772.35
3530,Taylor Garcia,taylor.garcia3530@example.com,FR,2020-11-08,Standard,18156.77
3531,Priya Patel,priya.patel3531@example.com,UK,2022-08-17,Basic,7473.71
3532,Lucas Müller,lucas.müller3532@example.com,IN,2023-10-30,Standard,5228.97
3533,Neha Khan,neha.khan3533@example.com,US,2025-03-06,Premium,4580.3
3534,Neha Smith,neha.smith3534@example.com,UK,2023-04-25,Standard,8730.88
3535,Arjun Singh,arjun.singh3535@example.com,BR,2025-03-09,Standard,2869.86
3536,Arjun Patel,arjun.patel3536@example.com,JP,2021-02-20,Premium,9240.82
3537,Jordan Müller,jordan.müller3537@example.com,JP,2021-05-16,Standard,7716.27
3538,Quinn Khan,quinn.khan3538@example.com,JP,2025-12-17,Basic,15065.14
3539,Lucas Khan,lucas.khan3539@example.com,US,2022-06-05,Premium,9759.19
3540,Jamie Kim,jamie.kim3540@example.com,FR,2020-03-06,Premium,17778.91
3541,Jamie Patel,jamie.patel3541@example.com,CA,2025-08-23,Standard,14128.27
3542,Riley Nguyen,riley.nguyen3542@example.com,US,2021-10-25,Basic,3496.53
3543,Quinn Nguyen,quinn.nguyen3543@example.com,FR,2024-07-07,Premium,17875.38
3544,Riley Müller,riley.müller3544@example.com,FR,2023-05-14,Premium,9001.46
3545,Omar Singh,omar.singh3545@example.com,UK,2020-02-12,Standard,13071.42
3546,Neha Khan,neha.khan3546@example.com,DE,2021-08-12,Standard,18914.63
3547,Morgan Brown,morgan.brown3547@example.com,DE,2026-02-24,Standard,9543.97
3548,Casey Brown,casey.brown3548@example.com,SG,2021-05-28,Premium,17867.67
3549,Omar Lopez,omar.lopez3549@example.com,FR,2025-04-30,Basic,1089.76
3550,Alex Singh,alex.singh3550@example.com,FR,2025-11-13,Standard,11846.87
3551,Avery Garcia,avery.garcia3551@example.com,US,2023-10-02,Standard,15559.54
3552,Quinn Smith,quinn.smith3552@example.com,AU,2020-04-14,Basic,10520.28
3553,Casey Silva,casey.silva3553@example.com,DE,2026-06-24,Standard,14856.96
3554,Priya Chen,priya.chen3554@example.com,JP,2024-10-23,Standard,15541.41
3555,Priya Kim,priya.kim3555@example.com,AU,2024-08-12,Standard,1202.57
3556,Lucas Müller,lucas.müller3556@example.com,SG,2025-03-12,Standard,14228.06
3557,Arjun Singh,arjun.singh3557@example.com,UK,2024-11-22,Premium,11754.6
3558,Alex Kim,alex.kim3558@example.com,FR,2022-11-29,Premium,16909.31
3559,Lucas Kim,lucas.kim3559@example.com,BR,2021-06-17,Standard,14586.42
3560,Riley Smith,riley.smith3560@example.com,UK,2021-12-19,Basic,2987.14
3561,Taylor Patel,taylor.patel3561@example.com,IN,2025-03-18,Standard,13042.41
3562,Lucas Nguyen,,SG,2021-05-09,Standard,2176.83
3563,Riley Smith,riley.smith3563@example.com,CA,2021-10-07,Basic,17666.67
3564,Arjun Patel,arjun.patel3564@example.com,CA,2023-01-03,Basic,8112.76
3565,Avery Smith,avery.smith3565@example.com,AU,2021-12-20,Premium,16719.14
3566,Alex Kim,alex.kim3566@example.com,SG,2022-01-03,Premium,640.28
3567,Riley Lopez,riley.lopez3567@example.com,BR,2026-05-18,Basic,327.59
3568,Quinn Garcia,quinn.garcia3568@example.com,BR,2023-01-05,Standard,16585.06
3569,Jordan Nguyen,jordan.nguyen3569@example.com,FR,2020-04-13,Premium,9039.01
3570,Alex Kim,alex.kim3570@example.com,IN,2024-06-26,Premium,8940.68
3571,Jordan Brown,jordan.brown3571@example.com,US,2020-05-14,Standard,11686.89
3572,Morgan Garcia,morgan.garcia3572@example.com,BR,2025-02-22,Premium,5113.41
3573,Quinn Nguyen,quinn.nguyen3573@example.com,SG,2022-07-05,Premium,17267.36
3574,Sofia Garcia,sofia.garcia3574@example.com,SG,2023-02-15,Standard,8692.96
3575,Avery Müller,avery.müller3575@example.com,US,2026-01-20,Premium,19160.16
3576,Jordan Lopez,jordan.lopez3576@example.com,BR,2023-08-24,Standard,1264.27
3577,Arjun Chen,arjun.chen3577@example.com,SG,2026-03-02,Standard,2219.08
3578,Avery Lopez,avery.lopez3578@example.com,SG,2022-07-10,Premium,9267.25
3579,Riley Silva,riley.silva3579@example.com,UK,2026-01-24,Premium,3243.3
3580,Taylor Nguyen,taylor.nguyen3580@example.com,DE,2023-11-26,Basic,1002.77
3581,Omar Smith,omar.smith3581@example.com,UK,2024-10-29,Basic,8424.64
3582,Neha Khan,neha.khan3582@example.com,AU,2021-12-04,Standard,17267.1
3583,Jamie Brown,jamie.brown3583@example.com,DE,2025-06-26,Standard,12487.4
3584,Arjun Smith,arjun.smith3584@example.com,JP,2020-01-03,Basic,17190.29
3585,Omar Singh,omar.singh3585@example.com,US,2024-09-10,Basic,9928.48
3586,Arjun Nguyen,arjun.nguyen3586@example.com,US,2021-11-25,Premium,10935.52
3587,Taylor Chen,taylor.chen3587@example.com,UK,2020-07-09,Premium,3764.11
3588,Sam Brown,sam.brown3588@example.com,CA,2022-09-02,Basic,699.86
3589,Quinn Müller,quinn.müller3589@example.com,SG,2020-05-21,Basic,4542.15
3590,Riley Brown,riley.brown3590@example.com,DE,2022-10-09,Premium,3507.6
3591,Riley Kim,riley.kim3591@example.com,AU,2020-10-02,Premium,3121.59
3592,Arjun Khan,arjun.khan3592@example.com,AU,2023-11-10,Premium,2314.77
3593,Avery Brown,avery.brown3593@example.com,CA,2023-09-07,Basic,13674.86
3594,Jordan Kim,jordan.kim3594@example.com,BR,2026-07-07,Basic,16272.53
3595,Jamie Lopez,jamie.lopez3595@example.com,DE,2022-03-04,Premium,3895.32
3596,Riley Singh,riley.singh3596@example.com,DE,2024-06-02,Premium,11862.31
3597,Casey Smith,casey.smith3597@example.com,FR,2020-04-19,Standard,11308.4
3598,Avery Patel,avery.patel3598@example.com,UK,2023-01-08,Standard,1854.79
3599,Jordan Silva,jordan.silva3599@example.com,AU,2024-05-27,Standard,18158.09
3600,Casey Smith,casey.smith3600@example.com,IN,2021-08-07,Premium,19341.27
3601,Neha Kim,neha.kim3601@example.com,IN,2025-05-24,Standard,6214.35
3602,Arjun Singh,arjun.singh3602@example.com,UK,2020-09-25,Premium,7709.42
3603,Quinn Khan,quinn.khan3603@example.com,IN,2026-05-08,Premium,18038.66
3604,Priya Chen,priya.chen3604@example.com,IN,2026-07-28,Premium,3657.19
3605,Sofia Patel,sofia.patel3605@example.com,DE,2021-02-13,Standard,7478.92
3606,Neha Garcia,neha.garcia3606@example.com,BR,2023-01-27,Standard,6404.11
3607,Neha Singh,neha.singh3607@example.com,BR,2021-02-25,Premium,14039.33
3608,Omar Patel,omar.patel3608@example.com,JP,2022-07-25,Premium,139.96
3609,Riley Khan,riley.khan3609@example.com,FR,2023-01-05,Standard,17497.47
3610,Quinn Smith,quinn.smith3610@example.com,DE,2021-11-11,Basic,2162.6
3611,Arjun Lopez,arjun.lopez3611@example.com,DE,2023-09-21,Standard,248.17
3612,Taylor Singh,taylor.singh3612@example.com,DE,2021-07-25,Premium,11658.64
3613,Taylor Singh,taylor.singh3613@example.com,DE,2020-07-21,Basic,17034.48
3614,Lucas Chen,lucas.chen3614@example.com,JP,2021-07-26,Standard,9349.45
3615,Casey Brown,casey.brown3615@example.com,CA,2021-06-21,Premium,19416.42
3616,Avery Lopez,avery.lopez3616@example.com,CA,2023-08-09,Basic,18638.83
3617,Taylor Chen,taylor.chen3617@example.com,UK,2020-01-31,Standard,15444.63
3618,Lucas Silva,lucas.silva3618@example.com,US,2024-11-02,Standard,12699.24
3619,Morgan Kim,morgan.kim3619@example.com,DE,2021-11-27,Basic,11811.88
3620,Omar Brown,omar.brown3620@example.com,IN,2024-01-06,Basic,18857.98
3621,Riley Brown,riley.brown3621@example.com,JP,2026-02-01,Basic,5832.23
3622,Omar Singh,omar.singh3622@example.com,US,2025-10-29,Standard,12748.97
3623,Arjun Lopez,arjun.lopez3623@example.com,FR,2025-12-12,Premium,16599.37
3624,Riley Brown,riley.brown3624@example.com,BR,2025-05-11,Premium,8120.39
3625,Riley Smith,riley.smith3625@example.com,FR,2022-12-26,Standard,9670.99
3626,Riley Brown,riley.brown3626@example.com,CA,2022-06-06,Basic,17504.17
3627,Arjun Patel,arjun.patel3627@example.com,SG,2024-05-23,Premium,11131.21
3628,Riley Garcia,riley.garcia3628@example.com,AU,2020-02-05,Premium,10689.01
3629,Arjun Lopez,arjun.lopez3629@example.com,BR,2021-11-19,Standard,8972.08
3630,Omar Kim,omar.kim3630@example.com,SG,2022-10-28,Premium,12940.08
3631,Sam Garcia,sam.garcia3631@example.com,UK,2022-10-03,Standard,1789.43
3632,Riley Chen,riley.chen3632@example.com,US,2020-02-25,Basic,14058.2
3633,Omar Nguyen,omar.nguyen3633@example.com,UK,2024-12-21,Premium,2730.86
3634,Neha Smith,,CA,2023-11-04,Premium,19259.32
3635,Arjun Nguyen,arjun.nguyen3635@example.com,DE,2022-01-28,Premium,9570.42
3636,Jamie Khan,jamie.khan3636@example.com,US,2020-03-17,Basic,4670.41
3637,Sam Smith,sam.smith3637@example.com,IN,2026-06-12,Premium,4949.93
3638,Morgan Müller,morgan.müller3638@example.com,SG,2021-12-28,Premium,3248.43
3639,Sofia Patel,sofia.patel3639@example.com,IN,2022-06-29,Standard,17050.95
3640,Jordan Nguyen,jordan.nguyen3640@example.com,US,2025-12-06,Premium,9255.0
3641,Jordan Brown,jordan.brown3641@example.com,BR,2023-02-24,Standard,2262.4
3642,Omar Smith,omar.smith3642@example.com,JP,2024-11-20,Premium,7848.9
3643,Morgan Lopez,morgan.lopez3643@example.com,FR,2023-12-20,Premium,343.77
3644,Priya Kim,priya.kim3644@example.com,JP,2021-12-11,Premium,5463.97
3645,Sam Silva,sam.silva3645@example.com,BR,2021-08-23,Premium,13482.27
3646,Morgan Kim,morgan.kim3646@example.com,BR,2021-04-14,Premium,12876.14
3647,Quinn Singh,quinn.singh3647@example.com,IN,2024-11-17,Standard,2787.48
3648,Morgan Lopez,,IN,2024-05-12,Standard,5556.63
3649,Jamie Patel,jamie.patel3649@example.com,DE,2025-02-26,Premium,9305.24
3650,Neha Müller,neha.müller3650@example.com,AU,2025-05-06,Standard,17891.2
3651,Jordan Nguyen,jordan.nguyen3651@example.com,DE,2022-10-25,Basic,5881.73
3652,Jordan Singh,jordan.singh3652@example.com,BR,2020-10-11,Standard,6589.49
3653,Priya Patel,priya.patel3653@example.com,FR,2026-03-04,Standard,444.47
3654,Sam Silva,sam.silva3654@example.com,SG,2026-05-01,Premium,3490.09
3655,Riley Smith,riley.smith3655@example.com,UK,2023-03-21,Basic,4422.89
3656,Jamie Singh,jamie.singh3656@example.com,CA,2020-11-14,Standard,3405.95
3657,Quinn Brown,quinn.brown3657@example.com,BR,2023-10-05,Premium,10044.61
3658,Neha Chen,neha.chen3658@example.com,CA,2025-01-11,Basic,15229.07
3659,Alex Garcia,alex.garcia3659@example.com,AU,2023-04-16,Basic,7425.98
3660,Avery Nguyen,avery.nguyen3660@example.com,UK,2024-09-08,Basic,11378.01
3661,Quinn Lopez,quinn.lopez3661@example.com,JP,2021-12-09,Premium,10338.57
3662,Quinn Patel,quinn.patel3662@example.com,US,2020-01-14,Basic,6811.13
3663,Priya Khan,priya.khan3663@example.com,AU,2025-05-27,Basic,18874.95
3664,Riley Patel,riley.patel3664@example.com,BR,2023-02-14,Premium,6459.68
3665,Alex Smith,alex.smith3665@example.com,SG,2022-06-21,Standard,10695.93
3666,Quinn Khan,quinn.khan3666@example.com,BR,2020-07-23,Standard,9800.14
3667,Omar Lopez,omar.lopez3667@example.com,IN,2023-04-17,Premium,9139.43
3668,Quinn Singh,quinn.singh3668@example.com,DE,2025-02-15,Premium,7953.78
3669,Neha Patel,neha.patel3669@example.com,FR,2025-01-22,Basic,19262.23
3670,Arjun Nguyen,arjun.nguyen3670@example.com,CA,2024-08-23,Standard,2670.9
3671,Neha Kim,neha.kim3671@example.com,BR,2026-03-16,Premium,7386.47
3672,Jamie Lopez,jamie.lopez3672@example.com,IN,2025-10-28,Standard,16338.7
3673,Jordan Smith,jordan.smith3673@example.com,UK,2025-01-28,Standard,18493.83
3674,Riley Chen,riley.chen3674@example.com,IN,2020-02-15,Basic,6195.91
3675,Jordan Lopez,jordan.lopez3675@example.com,JP,2026-04-21,Standard,457.66
3676,Avery Brown,avery.brown3676@example.com,BR,2024-10-20,Premium,6782.35
3677,Jordan Kim,jordan.kim3677@example.com,DE,2024-12-24,Standard,18301.19
3678,Avery Kim,avery.kim3678@example.com,US,2024-06-11,Standard,12910.01
3679,Morgan Smith,morgan.smith3679@example.com,BR,2025-04-13,Basic,15839.6
3680,Taylor Müller,taylor.müller3680@example.com,UK,2022-01-19,Basic,3709.03
3681,Omar Silva,omar.silva3681@example.com,SG,2023-02-25,Premium,12305.45
3682,Sofia Müller,sofia.müller3682@example.com,FR,2024-10-30,Standard,4399.7
3683,Priya Khan,priya.khan3683@example.com,SG,2020-07-10,Standard,9441.03
3684,Morgan Chen,morgan.chen3684@example.com,BR,2022-04-17,Standard,13610.76
3685,Riley Lopez,riley.lopez3685@example.com,FR,2025-08-25,Standard,19748.86
3686,Alex Lopez,alex.lopez3686@example.com,AU,2023-08-14,Premium,16884.66
3687,Jamie Chen,jamie.chen3687@example.com,UK,2021-07-23,Premium,13904.66
3688,Jordan Singh,jordan.singh3688@example.com,FR,2024-09-26,Basic,15308.6
3689,Neha Khan,neha.khan3689@example.com,JP,2020-05-01,Standard,7845.55
3690,Riley Smith,riley.smith3690@example.com,IN,2024-07-05,Premium,11578.71
3691,Alex Silva,alex.silva3691@example.com,DE,2026-07-04,Basic,3587.36
3692,Sam Khan,sam.khan3692@example.com,SG,2026-01-06,Premium,9836.23
3693,Casey Nguyen,casey.nguyen3693@example.com,AU,2022-04-15,Premium,9299.83
3694,Sofia Lopez,sofia.lopez3694@example.com,US,2025-12-26,Standard,16456.05
3695,Jamie Chen,jamie.chen3695@example.com,CA,2021-12-03,Standard,11766.88
3696,Riley Smith,riley.smith3696@example.com,DE,2026-01-02,Basic,19075.93
3697,Avery Patel,avery.patel3697@example.com,DE,2023-08-31,Standard,13757.4
3698,Alex Patel,alex.patel3698@example.com,CA,2024-01-09,Basic,12229.39
3699,Omar Silva,omar.silva3699@example.com,US,2024-04-07,Basic,3633.66
3700,Priya Müller,priya.müller3700@example.com,JP,2022-02-16,Premium,7388.9
3701,Riley Singh,riley.singh3701@example.com,DE,2026-04-18,Basic,14862.86
3702,Quinn Khan,quinn.khan3702@example.com,DE,2020-08-10,Basic,2976.63
3703,Sam Silva,sam.silva3703@example.com,FR,2021-04-02,Standard,9455.95
3704,Alex Nguyen,alex.nguyen3704@example.com,BR,2023-01-15,Basic,4474.79
3705,Taylor Brown,taylor.brown3705@example.com,FR,2026-07-03,Premium,2103.98
3706,Quinn Chen,quinn.chen3706@example.com,UK,2025-09-24,Premium,6604.92
3707,Morgan Silva,morgan.silva3707@example.com,US,2021-04-13,Standard,1135.26
3708,Casey Nguyen,casey.nguyen3708@example.com,CA,2020-06-23,Standard,17602.72
3709,Morgan Smith,morgan.smith3709@example.com,FR,2026-01-18,Premium,10375.75
3710,Sam Silva,sam.silva3710@example.com,UK,2024-07-05,Premium,10597.41
3711,Omar Müller,omar.müller3711@example.com,UK,2023-04-27,Standard,16856.82
3712,Priya Smith,priya.smith3712@example.com,US,2025-02-17,Premium,10350.99
3713,Priya Chen,priya.chen3713@example.com,UK,2025-03-27,Basic,5548.42
3714,Sam Nguyen,sam.nguyen3714@example.com,FR,2020-01-09,Standard,18744.33
3715,Taylor Lopez,taylor.lopez3715@example.com,SG,2024-04-25,Premium,3471.24
3716,Lucas Nguyen,lucas.nguyen3716@example.com,BR,2021-06-26,Premium,11171.51
3717,Casey Smith,casey.smith3717@example.com,DE,2021-05-06,Standard,1183.53
3718,Riley Nguyen,riley.nguyen3718@example.com,DE,2022-12-19,Standard,5423.0
3719,Priya Chen,priya.chen3719@example.com,BR,2022-01-23,Basic,5098.98
3720,Lucas Smith,lucas.smith3720@example.com,IN,2022-01-01,Premium,14728.9
3721,Jamie Khan,jamie.khan3721@example.com,UK,2023-05-06,Premium,13169.71
3722,Arjun Kim,arjun.kim3722@example.com,BR,2020-03-17,Basic,1845.99
3723,Casey Kim,casey.kim3723@example.com,JP,2024-01-31,Premium,228.65
3724,Quinn Chen,quinn.chen3724@example.com,JP,2024-07-17,Basic,1223.04
3725,Neha Khan,neha.khan3725@example.com,JP,2020-01-04,Premium,18369.9
3726,Jamie Kim,jamie.kim3726@example.com,BR,2023-07-27,Premium,16897.01
3727,Jamie Smith,jamie.smith3727@example.com,AU,2023-12-24,Premium,13983.1
3728,Omar Singh,omar.singh3728@example.com,FR,2020-11-20,Basic,10679.13
3729,Sofia Brown,sofia.brown3729@example.com,CA,2020-03-07,Premium,17480.39
3730,Quinn Müller,quinn.müller3730@example.com,FR,2021-08-24,Premium,7077.95
3731,Sofia Silva,sofia.silva3731@example.com,DE,2025-10-21,Standard,5565.08
3732,Neha Nguyen,neha.nguyen3732@example.com,UK,2022-03-20,Premium,4654.88
3733,Jordan Nguyen,jordan.nguyen3733@example.com,BR,2025-03-13,Basic,15520.48
3734,Omar Singh,omar.singh3734@example.com,SG,2020-10-28,Premium,7488.02
3735,Jamie Chen,jamie.chen3735@example.com,JP,2021-12-14,Premium,14982.47
3736,Quinn Garcia,quinn.garcia3736@example.com,SG,2025-11-18,Standard,3731.15
3737,Omar Chen,omar.chen3737@example.com,SG,2021-06-11,Premium,7707.44
3738,Neha Patel,neha.patel3738@example.com,JP,2026-05-20,Basic,8193.22
3739,Morgan Brown,morgan.brown3739@example.com,BR,2021-09-24,Basic,18300.52
3740,Avery Kim,avery.kim3740@example.com,AU,2026-03-14,Basic,9575.31
3741,Neha Müller,neha.müller3741@example.com,FR,2025-03-15,Basic,9933.87
3742,Riley Brown,riley.brown3742@example.com,BR,2020-02-20,Standard,2472.29
3743,Quinn Müller,quinn.müller3743@example.com,UK,2020-07-19,Basic,18953.17
3744,Quinn Chen,quinn.chen3744@example.com,DE,2021-01-26,Standard,4042.83
3745,Morgan Chen,morgan.chen3745@example.com,IN,2021-09-25,Premium,8078.9
3746,Alex Smith,alex.smith3746@example.com,IN,2023-04-01,Standard,1040.92
3747,Sofia Nguyen,sofia.nguyen3747@example.com,UK,2020-10-02,Standard,14836.77
3748,Avery Smith,avery.smith3748@example.com,CA,2026-04-29,Premium,4393.66
3749,Taylor Smith,taylor.smith3749@example.com,DE,2025-10-16,Basic,9939.34
3750,Casey Khan,casey.khan3750@example.com,FR,2025-04-09,Premium,711.78
3751,Omar Khan,omar.khan3751@example.com,AU,2024-04-20,Standard,3237.39
3752,Casey Singh,casey.singh3752@example.com,US,2023-09-11,Basic,19393.94
3753,Casey Smith,casey.smith3753@example.com,FR,2022-01-18,Premium,6769.83
3754,Avery Smith,avery.smith3754@example.com,SG,2025-06-07,Standard,8590.74
3755,Taylor Chen,taylor.chen3755@example.com,CA,2026-04-07,Basic,8043.54
3756,Jordan Khan,jordan.khan3756@example.com,AU,2024-07-05,Basic,2677.59
3757,Alex Patel,alex.patel3757@example.com,JP,2024-02-01,Premium,12577.55
3758,Alex Silva,alex.silva3758@example.com,SG,2024-07-31,Standard,2055.06
3759,Omar Chen,omar.chen3759@example.com,AU,2025-05-21,Premium,15166.03
3760,Jamie Smith,jamie.smith3760@example.com,CA,2022-10-12,Standard,9840.51
3761,Taylor Lopez,taylor.lopez3761@example.com,UK,2023-07-26,Premium,19289.08
3762,Morgan Silva,morgan.silva3762@example.com,SG,2023-07-17,Standard,1983.82
3763,Jordan Silva,jordan.silva3763@example.com,JP,2025-07-24,Premium,12865.15
3764,Sam Silva,sam.silva3764@example.com,AU,2020-09-11,Premium,8409.92
3765,Riley Smith,riley.smith3765@example.com,UK,2023-09-28,Basic,14897.01
3766,Sam Chen,sam.chen3766@example.com,DE,2025-10-13,Standard,3907.86
3767,Sofia Smith,sofia.smith3767@example.com,DE,2023-05-06,Basic,3717.78
3768,Jamie Singh,jamie.singh3768@example.com,CA,2025-01-11,Standard,11021.51
3769,Alex Singh,alex.singh3769@example.com,JP,2024-11-01,Premium,8906.43
3770,Omar Garcia,omar.garcia3770@example.com,DE,2023-07-15,Premium,18463.95
3771,Alex Lopez,alex.lopez3771@example.com,JP,2024-08-20,Standard,1570.52
3772,Sam Silva,sam.silva3772@example.com,US,2026-04-01,Standard,1842.08
3773,Avery Khan,avery.khan3773@example.com,UK,2026-01-13,Basic,6974.91
3774,Quinn Brown,quinn.brown3774@example.com,BR,2022-02-27,Standard,788.94
3775,Sam Müller,sam.müller3775@example.com,AU,2025-09-15,Premium,6919.05
3776,Sam Lopez,sam.lopez3776@example.com,IN,2023-08-07,Standard,5248.41
3777,Neha Khan,neha.khan3777@example.com,AU,2022-10-16,Basic,13344.79
3778,Neha Smith,neha.smith3778@example.com,JP,2025-04-20,Premium,1059.04
3779,Alex Chen,alex.chen3779@example.com,DE,2020-02-21,Basic,6264.07
3780,Jamie Patel,jamie.patel3780@example.com,FR,2023-02-05,Premium,19889.5
3781,Avery Chen,avery.chen3781@example.com,FR,2021-09-04,Premium,1674.63
3782,Alex Khan,alex.khan3782@example.com,DE,2024-04-16,Standard,15390.46
3783,Jordan Kim,jordan.kim3783@example.com,FR,2024-03-02,Basic,11115.92
3784,Quinn Khan,quinn.khan3784@example.com,US,2024-12-26,Basic,10832.67
3785,Casey Nguyen,casey.nguyen3785@example.com,AU,2021-10-06,Basic,13971.4
3786,Sam Nguyen,sam.nguyen3786@example.com,CA,2024-11-26,Basic,12026.25
3787,Morgan Lopez,morgan.lopez3787@example.com,DE,2023-11-04,Basic,8379.6
3788,Morgan Smith,morgan.smith3788@example.com,DE,2025-04-02,Standard,5309.76
3789,Alex Müller,alex.müller3789@example.com,FR,2020-08-06,Standard,9773.27
3790,Lucas Smith,lucas.smith3790@example.com,SG,2021-11-19,Premium,19582.01
3791,Taylor Chen,taylor.chen3791@example.com,SG,2021-01-14,Basic,16789.96
3792,Jamie Kim,jamie.kim3792@example.com,IN,2021-01-11,Premium,13630.95
3793,Casey Nguyen,casey.nguyen3793@example.com,BR,2021-02-14,Premium,6738.95
3794,Quinn Müller,quinn.müller3794@example.com,AU,2026-04-16,Premium,6891.06
3795,Neha Kim,neha.kim3795@example.com,UK,2021-05-03,Premium,11900.29
3796,Neha Smith,neha.smith3796@example.com,CA,2025-02-05,Basic,13461.1
3797,Riley Garcia,riley.garcia3797@example.com,US,2023-07-08,Premium,12032.36
3798,Lucas Khan,lucas.khan3798@example.com,US,2025-05-03,Standard,19041.86
3799,Arjun Lopez,arjun.lopez3799@example.com,CA,2023-04-28,Standard,14541.87
3800,Jordan Müller,jordan.müller3800@example.com,UK,2022-03-16,Premium,8903.67
3801,Sam Singh,sam.singh3801@example.com,BR,2020-10-27,Basic,11467.28
3802,Avery Chen,avery.chen3802@example.com,CA,2024-09-21,Standard,16087.93
3803,Omar Garcia,omar.garcia3803@example.com,BR,2022-01-06,Premium,6568.0
3804,Neha Smith,neha.smith3804@example.com,AU,2022-08-08,Premium,2800.46
3805,Neha Patel,neha.patel3805@example.com,FR,2023-05-18,Premium,2638.31
3806,Lucas Müller,lucas.müller3806@example.com,JP,2020-01-25,Premium,18141.65
3807,Neha Smith,neha.smith3807@example.com,AU,2020-07-31,Standard,4768.26
3808,Neha Nguyen,neha.nguyen3808@example.com,DE,2024-11-12,Premium,7450.74
3809,Casey Lopez,casey.lopez3809@example.com,FR,2020-12-25,Basic,12684.08
3810,Quinn Smith,quinn.smith3810@example.com,SG,2026-02-10,Basic,2457.63
3811,Morgan Chen,morgan.chen3811@example.com,US,2021-04-29,Premium,1221.11
3812,Avery Khan,avery.khan3812@example.com,US,2021-08-09,Standard,2748.35
3813,Quinn Brown,quinn.brown3813@example.com,UK,2022-03-30,Standard,15151.67
3814,Sofia Lopez,sofia.lopez3814@example.com,SG,2024-02-10,Premium,17156.49
3815,Riley Nguyen,riley.nguyen3815@example.com,US,2020-07-21,Basic,14346.33
3816,Omar Smith,omar.smith3816@example.com,UK,2025-03-13,Standard,18348.77
3817,Lucas Singh,lucas.singh3817@example.com,AU,2022-11-21,Standard,19630.57
3818,Casey Smith,casey.smith3818@example.com,AU,2023-03-16,Basic,11158.9
3819,Jamie Lopez,jamie.lopez3819@example.com,CA,2023-09-11,Premium,10300.2
3820,Taylor Müller,taylor.müller3820@example.com,US,2026-04-17,Premium,14381.41
3821,Neha Brown,neha.brown3821@example.com,AU,2025-12-08,Premium,5703.7
3822,Jamie Brown,jamie.brown3822@example.com,BR,2024-07-21,Premium,17345.77
3823,Arjun Garcia,arjun.garcia3823@example.com,IN,2025-07-13,Basic,9926.08
3824,Priya Lopez,priya.lopez3824@example.com,BR,2024-04-05,Premium,4732.94
3825,Omar Patel,omar.patel3825@example.com,BR,2021-07-25,Standard,10858.13
3826,Alex Silva,alex.silva3826@example.com,US,2023-04-28,Standard,17280.67
3827,Casey Nguyen,casey.nguyen3827@example.com,BR,2020-03-06,Premium,3974.97
3828,Sam Brown,sam.brown3828@example.com,FR,2024-02-04,Premium,1466.57
3829,Morgan Khan,morgan.khan3829@example.com,US,2020-10-04,Standard,4646.47
3830,Sam Nguyen,sam.nguyen3830@example.com,JP,2021-01-19,Standard,8493.77
3831,Arjun Müller,arjun.müller3831@example.com,JP,2026-06-01,Premium,7499.72
3832,Riley Singh,riley.singh3832@example.com,CA,2020-11-03,Premium,4943.63
3833,Priya Singh,priya.singh3833@example.com,JP,2026-05-12,Standard,1179.46
3834,Neha Singh,neha.singh3834@example.com,AU,2022-05-25,Premium,13616.19
3835,Priya Lopez,priya.lopez3835@example.com,JP,2026-07-18,Premium,6420.39
3836,Sofia Patel,sofia.patel3836@example.com,SG,2020-11-23,Basic,18651.5
3837,Neha Nguyen,neha.nguyen3837@example.com,CA,2024-07-15,Basic,4335.42
3838,Priya Nguyen,priya.nguyen3838@example.com,IN,2026-03-18,Premium,3936.43
3839,Priya Lopez,priya.lopez3839@example.com,SG,2025-07-20,Standard,12562.67
3840,Sofia Nguyen,sofia.nguyen3840@example.com,FR,2020-01-29,Standard,13748.96
3841,Jordan Garcia,jordan.garcia3841@example.com,DE,2025-05-12,Standard,16035.71
3842,Sam Müller,sam.müller3842@example.com,CA,2022-09-27,Premium,16123.93
3843,Taylor Chen,taylor.chen3843@example.com,UK,2021-11-02,Premium,12089.23
3844,Omar Silva,omar.silva3844@example.com,DE,2022-06-07,Premium,17013.66
3845,Casey Lopez,casey.lopez3845@example.com,SG,2025-05-16,Premium,15733.37
3846,Casey Kim,casey.kim3846@example.com,SG,2024-07-16,Standard,5218.57
3847,Riley Müller,riley.müller3847@example.com,UK,2023-08-12,Premium,15273.58
3848,Neha Silva,neha.silva3848@example.com,BR,2022-02-04,Standard,3348.49
3849,Lucas Kim,lucas.kim3849@example.com,SG,2021-10-15,Premium,14432.55
3850,Priya Khan,priya.khan3850@example.com,UK,2020-07-10,Premium,4804.05
3851,Riley Smith,riley.smith3851@example.com,SG,2021-01-19,Standard,13790.36
3852,Alex Patel,alex.patel3852@example.com,BR,2022-02-12,Premium,15234.85
3853,Riley Müller,riley.müller3853@example.com,CA,2023-04-16,Premium,4287.74
3854,Jamie Silva,jamie.silva3854@example.com,IN,2025-11-21,Premium,17794.69
3855,Alex Khan,alex.khan3855@example.com,JP,2023-09-19,Standard,17247.25
3856,Priya Singh,priya.singh3856@example.com,AU,2021-06-03,Standard,1198.7
3857,Sofia Brown,sofia.brown3857@example.com,BR,2026-05-17,Basic,12206.57
3858,Sam Kim,sam.kim3858@example.com,FR,2022-06-24,Premium,637.62
3859,Neha Singh,neha.singh3859@example.com,DE,2022-05-24,Basic,3136.77
3860,Omar Khan,omar.khan3860@example.com,UK,2021-06-09,Standard,9015.54
3861,Sofia Kim,sofia.kim3861@example.com,DE,2020-11-04,Standard,17739.72
3862,Jordan Nguyen,jordan.nguyen3862@example.com,BR,2023-05-08,Basic,9588.94
3863,Sofia Smith,sofia.smith3863@example.com,DE,2026-04-06,Standard,1094.58
3864,Neha Smith,neha.smith3864@example.com,AU,2023-07-06,Premium,12496.9
3865,Jamie Garcia,jamie.garcia3865@example.com,CA,2020-12-13,Basic,16490.63
3866,Lucas Lopez,lucas.lopez3866@example.com,CA,2020-08-07,Premium,17961.25
3867,Quinn Smith,quinn.smith3867@example.com,BR,2025-04-22,Standard,10151.47
3868,Omar Silva,omar.silva3868@example.com,BR,2021-07-18,Standard,11405.03
3869,Alex Nguyen,alex.nguyen3869@example.com,UK,2020-02-26,Premium,4939.95
3870,Neha Kim,neha.kim3870@example.com,FR,2024-01-01,Basic,16946.64
3871,Neha Singh,neha.singh3871@example.com,BR,2020-10-17,Standard,11494.85
3872,Quinn Brown,quinn.brown3872@example.com,SG,2025-06-12,Basic,11744.65
3873,Taylor Müller,taylor.müller3873@example.com,DE,2026-08-01,Basic,15412.99
3874,Lucas Lopez,lucas.lopez3874@example.com,SG,2026-01-27,Basic,5592.04
3875,Sam Singh,sam.singh3875@example.com,SG,2025-09-03,Standard,735.91
3876,Priya Brown,priya.brown3876@example.com,US,2023-03-01,Basic,14058.9
3877,Morgan Garcia,morgan.garcia3877@example.com,BR,2024-11-22,Standard,4368.74
3878,Casey Lopez,casey.lopez3878@example.com,DE,2022-11-19,Standard,2073.51
3879,Taylor Garcia,taylor.garcia3879@example.com,FR,2026-07-27,Basic,18694.48
3880,Sam Khan,sam.khan3880@example.com,IN,2023-09-11,Basic,5801.92
3881,Priya Kim,priya.kim3881@example.com,CA,2020-03-07,Premium,14011.07
3882,Riley Khan,riley.khan3882@example.com,JP,2024-11-24,Basic,13995.29
3883,Riley Garcia,riley.garcia3883@example.com,DE,2025-12-15,Basic,18312.63
3884,Lucas Singh,lucas.singh3884@example.com,UK,2021-10-23,Standard,7983.95
3885,Sofia Lopez,sofia.lopez3885@example.com,FR,2025-07-06,Premium,16952.53
3886,Casey Garcia,casey.garcia3886@example.com,DE,2025-01-18,Basic,12877.05
3887,Lucas Smith,lucas.smith3887@example.com,AU,2026-02-17,Standard,1394.48
3888,Jordan Nguyen,jordan.nguyen3888@example.com,IN,2022-03-29,Basic,14480.57
3889,Arjun Nguyen,arjun.nguyen3889@example.com,CA,2025-03-30,Basic,19591.86
3890,Quinn Nguyen,quinn.nguyen3890@example.com,US,2023-08-22,Basic,8596.21
3891,Sofia Chen,sofia.chen3891@example.com,CA,2026-05-12,Standard,3896.32
3892,Avery Smith,avery.smith3892@example.com,SG,2024-12-26,Premium,4066.55
3893,Taylor Smith,taylor.smith3893@example.com,FR,2020-08-31,Basic,17607.14
3894,Omar Patel,omar.patel3894@example.com,BR,2024-06-29,Premium,197.81
3895,Omar Brown,omar.brown3895@example.com,AU,2023-07-29,Basic,9019.89
3896,Omar Singh,omar.singh3896@example.com,AU,2025-08-06,Basic,18539.44
3897,Neha Brown,neha.brown3897@example.com,AU,2024-01-08,Standard,7073.7
3898,Riley Singh,riley.singh3898@example.com,JP,2024-10-31,Standard,164.13
3899,Jordan Nguyen,jordan.nguyen3899@example.com,FR,2025-01-02,Standard,10444.34
3900,Omar Müller,omar.müller3900@example.com,UK,2023-04-07,Basic,1196.92
3901,Sam Nguyen,sam.nguyen3901@example.com,BR,2023-12-16,Standard,6535.67
3902,Casey Garcia,casey.garcia3902@example.com,CA,2023-05-24,Standard,1420.79
3903,Lucas Singh,lucas.singh3903@example.com,US,2021-08-11,Premium,4071.74
3904,Omar Müller,omar.müller3904@example.com,BR,2020-03-10,Basic,15521.85
3905,Priya Silva,priya.silva3905@example.com,US,2020-09-17,Standard,446.6
3906,Avery Nguyen,avery.nguyen3906@example.com,DE,2020-07-05,Basic,6001.07
3907,Quinn Garcia,quinn.garcia3907@example.com,DE,2025-09-30,Basic,8253.68
3908,Riley Smith,riley.smith3908@example.com,AU,2020-07-17,Basic,12248.7
3909,Avery Smith,avery.smith3909@example.com,SG,2023-02-12,Basic,1429.8
3910,Quinn Khan,quinn.khan3910@example.com,SG,2020-02-19,Basic,15414.65
3911,Sam Chen,sam.chen3911@example.com,JP,2025-06-08,Basic,17558.92
3912,Casey Singh,casey.singh3912@example.com,AU,2021-09-18,Basic,5411.09
3913,Morgan Brown,morgan.brown3913@example.com,BR,2023-01-12,Basic,312.99
3914,Priya Smith,priya.smith3914@example.com,JP,2022-04-18,Standard,15082.54
3915,Neha Lopez,neha.lopez3915@example.com,JP,2023-05-10,Basic,19474.97
3916,Alex Chen,alex.chen3916@example.com,AU,2025-08-02,Basic,12801.21
3917,Avery Chen,avery.chen3917@example.com,CA,2020-03-18,Standard,11710.34
3918,Jordan Garcia,jordan.garcia3918@example.com,BR,2020-01-05,Premium,14358.68
3919,Quinn Singh,quinn.singh3919@example.com,UK,2020-06-30,Premium,19390.47
3920,Arjun Müller,arjun.müller3920@example.com,SG,2021-07-27,Standard,10435.66
3921,Alex Silva,alex.silva3921@example.com,DE,2023-07-02,Premium,865.34
3922,Taylor Chen,taylor.chen3922@example.com,JP,2025-02-26,Standard,5749.77
3923,Omar Silva,omar.silva3923@example.com,AU,2024-02-05,Premium,13143.31
3924,Sam Müller,sam.müller3924@example.com,BR,2022-12-30,Basic,10477.48
3925,Riley Kim,riley.kim3925@example.com,US,2025-08-13,Basic,15104.56
3926,Casey Chen,casey.chen3926@example.com,AU,2025-10-30,Standard,13941.81
3927,Quinn Patel,quinn.patel3927@example.com,SG,2024-09-17,Premium,4931.62
3928,Avery Garcia,avery.garcia3928@example.com,BR,2020-05-07,Basic,12874.36
3929,Neha Lopez,neha.lopez3929@example.com,SG,2023-02-20,Premium,9211.97
3930,Lucas Singh,lucas.singh3930@example.com,FR,2022-05-09,Premium,16993.67
3931,Sofia Kim,sofia.kim3931@example.com,US,2024-04-21,Standard,3676.78
3932,Morgan Khan,morgan.khan3932@example.com,IN,2024-03-01,Premium,19635.43
3933,Sam Silva,sam.silva3933@example.com,FR,2025-08-12,Premium,5933.28
3934,Casey Nguyen,casey.nguyen3934@example.com,AU,2023-10-24,Basic,6282.56
3935,Alex Nguyen,alex.nguyen3935@example.com,UK,2022-08-22,Premium,9230.36
3936,Casey Kim,casey.kim3936@example.com,JP,2021-05-02,Standard,12512.24
3937,Alex Garcia,alex.garcia3937@example.com,UK,2022-07-22,Standard,13602.23
3938,Jordan Smith,jordan.smith3938@example.com,BR,2023-07-19,Standard,17464.78
3939,Sofia Smith,sofia.smith3939@example.com,FR,2023-02-23,Standard,19689.39
3940,Priya Lopez,priya.lopez3940@example.com,CA,2020-10-16,Basic,15831.68
3941,Omar Silva,omar.silva3941@example.com,AU,2023-07-09,Premium,11887.3
3942,Sam Müller,sam.müller3942@example.com,FR,2020-06-11,Standard,14991.49
3943,Sofia Müller,sofia.müller3943@example.com,IN,2023-12-15,Basic,1342.8
3944,Lucas Chen,lucas.chen3944@example.com,US,2026-04-03,Basic,6084.87
3945,Neha Garcia,neha.garcia3945@example.com,BR,2026-03-02,Premium,10135.28
3946,Sofia Nguyen,sofia.nguyen3946@example.com,DE,2025-11-20,Premium,17231.83
3947,Alex Khan,alex.khan3947@example.com,JP,2024-06-20,Premium,3061.21
3948,Neha Khan,neha.khan3948@example.com,IN,2022-01-08,Premium,18716.3
3949,Alex Khan,alex.khan3949@example.com,AU,2020-12-27,Basic,17575.95
3950,Taylor Garcia,taylor.garcia3950@example.com,SG,2026-01-20,Basic,12889.33
3951,Taylor Müller,taylor.müller3951@example.com,UK,2020-04-18,Basic,16559.02
3952,Alex Nguyen,alex.nguyen3952@example.com,BR,2020-05-30,Premium,989.15
3953,Casey Kim,casey.kim3953@example.com,JP,2021-08-24,Basic,11119.0
3954,Neha Müller,neha.müller3954@example.com,SG,2022-08-04,Premium,5534.27
3955,Omar Khan,omar.khan3955@example.com,CA,2025-02-03,Premium,4890.08
3956,Priya Smith,priya.smith3956@example.com,BR,2025-07-03,Standard,9231.82
3957,Omar Müller,omar.müller3957@example.com,DE,2022-02-21,Standard,7118.55
3958,Sofia Smith,sofia.smith3958@example.com,JP,2024-12-16,Premium,14807.71
3959,Riley Khan,riley.khan3959@example.com,DE,2021-02-14,Standard,6618.93
3960,Jordan Khan,jordan.khan3960@example.com,AU,2024-12-07,Basic,18106.11
3961,Arjun Garcia,arjun.garcia3961@example.com,IN,2025-11-19,Standard,12376.45
3962,Avery Müller,avery.müller3962@example.com,CA,2023-02-21,Standard,942.01
3963,Arjun Müller,arjun.müller3963@example.com,FR,2022-05-07,Premium,19438.58
3964,Jamie Patel,jamie.patel3964@example.com,CA,2025-06-02,Premium,13045.44
3965,Taylor Garcia,taylor.garcia3965@example.com,DE,2023-08-14,Premium,4009.12
3966,Sofia Patel,sofia.patel3966@example.com,AU,2024-05-30,Basic,12054.72
3967,Jordan Chen,jordan.chen3967@example.com,JP,2025-01-18,Basic,8955.85
3968,Jordan Garcia,jordan.garcia3968@example.com,DE,2023-05-24,Basic,5376.84
3969,Omar Müller,omar.müller3969@example.com,CA,2022-12-14,Standard,19527.72
3970,Jamie Smith,jamie.smith3970@example.com,DE,2024-09-29,Basic,17131.68
3971,Jamie Smith,jamie.smith3971@example.com,IN,2024-11-04,Premium,18755.75
3972,Priya Silva,priya.silva3972@example.com,DE,2025-08-04,Basic,13255.01
3973,Taylor Brown,taylor.brown3973@example.com,SG,2025-08-02,Standard,9087.47
3974,Riley Chen,riley.chen3974@example.com,UK,2024-12-03,Premium,2133.99
3975,Neha Müller,neha.müller3975@example.com,DE,2020-06-03,Premium,11320.45
3976,Sam Brown,sam.brown3976@example.com,FR,2024-02-17,Basic,13254.68
3977,Riley Kim,riley.kim3977@example.com,DE,2021-12-18,Standard,1854.88
3978,Arjun Patel,arjun.patel3978@example.com,FR,2023-11-22,Basic,14790.38
3979,Avery Chen,avery.chen3979@example.com,BR,2024-05-12,Premium,18937.35
3980,Morgan Singh,morgan.singh3980@example.com,CA,2024-04-23,Standard,14194.93
3981,Neha Garcia,neha.garcia3981@example.com,IN,2023-11-15,Basic,12662.18
3982,Arjun Müller,arjun.müller3982@example.com,CA,2020-12-03,Basic,9766.77
3983,Taylor Nguyen,taylor.nguyen3983@example.com,IN,2024-12-15,Premium,6766.57
3984,Riley Garcia,riley.garcia3984@example.com,IN,2025-10-04,Basic,1926.16
3985,Sam Khan,sam.khan3985@example.com,CA,2021-02-09,Premium,15765.33
3986,Jamie Singh,jamie.singh3986@example.com,JP,2024-05-02,Basic,17792.72
3987,Quinn Müller,quinn.müller3987@example.com,DE,2025-06-17,Standard,5791.64
3988,Casey Chen,casey.chen3988@example.com,UK,2026-01-04,Standard,5807.88
3989,Avery Kim,avery.kim3989@example.com,US,2021-09-12,Standard,19236.78
3990,Arjun Lopez,arjun.lopez3990@example.com,US,2026-06-13,Basic,12933.9
3991,Neha Lopez,neha.lopez3991@example.com,UK,2021-04-22,Basic,17819.3
3992,Omar Nguyen,omar.nguyen3992@example.com,JP,2025-02-25,Premium,12015.67
3993,Neha Nguyen,neha.nguyen3993@example.com,BR,2024-11-18,Premium,79.84
3994,Priya Lopez,priya.lopez3994@example.com,BR,2022-09-12,Standard,3519.23
3995,Jordan Garcia,jordan.garcia3995@example.com,UK,2021-07-01,Basic,13994.02
3996,Avery Singh,avery.singh3996@example.com,SG,2026-02-07,Premium,1493.79
3997,Morgan Lopez,morgan.lopez3997@example.com,JP,2024-09-30,Basic,4453.11
3998,Omar Silva,omar.silva3998@example.com,AU,2020-03-07,Premium,9513.34
3999,Sofia Chen,sofia.chen3999@example.com,IN,2023-09-03,Premium,12731.51
4000,Quinn Nguyen,quinn.nguyen4000@example.com,IN,2023-01-28,Standard,586.69
4001,Riley Kim,riley.kim4001@example.com,DE,2023-12-06,Premium,9185.53
4002,Neha Brown,neha.brown4002@example.com,BR,2023-06-12,Premium,17377.65
4003,Neha Smith,neha.smith4003@example.com,IN,2026-03-01,Standard,4964.34
4004,Casey Nguyen,casey.nguyen4004@example.com,DE,2020-09-29,Basic,11711.9
4005,Arjun Lopez,arjun.lopez4005@example.com,BR,2023-10-03,Standard,11673.82
4006,Riley Khan,riley.khan4006@example.com,UK,2025-06-13,Basic,8801.5
4007,Quinn Patel,quinn.patel4007@example.com,CA,2020-07-03,Premium,4365.82
4008,Priya Smith,priya.smith4008@example.com,UK,2023-10-02,Standard,1317.74
4009,Morgan Singh,morgan.singh4009@example.com,CA,2022-11-13,Basic,8016.64
4010,Casey Garcia,casey.garcia4010@example.com,FR,2026-01-04,Premium,11474.63
4011,Jamie Silva,jamie.silva4011@example.com,DE,2022-08-14,Premium,5091.18
4012,Arjun Singh,arjun.singh4012@example.com,BR,2020-12-08,Standard,13748.42
4013,Jamie Chen,jamie.chen4013@example.com,DE,2021-09-01,Standard,1901.26
4014,Quinn Lopez,quinn.lopez4014@example.com,SG,2025-02-18,Basic,10365.32
4015,Priya Kim,priya.kim4015@example.com,IN,2021-07-02,Basic,211.14
4016,Alex Chen,alex.chen4016@example.com,AU,2023-03-15,Premium,8844.2
4017,Omar Nguyen,omar.nguyen4017@example.com,IN,2025-10-05,Premium,1082.76
4018,Arjun Müller,arjun.müller4018@example.com,US,2020-09-01,Premium,14475.58
4019,Lucas Kim,lucas.kim4019@example.com,IN,2023-07-02,Premium,11666.83
4020,Priya Patel,priya.patel4020@example.com,IN,2022-10-21,Premium,8691.03
4021,Omar Garcia,omar.garcia4021@example.com,IN,2020-03-01,Standard,15978.71
4022,Sam Müller,sam.müller4022@example.com,JP,2021-02-02,Premium,12322.03
4023,Neha Khan,neha.khan4023@example.com,FR,2023-08-04,Standard,6058.79
4024,Priya Silva,priya.silva4024@example.com,US,2024-07-23,Basic,10980.92
4025,Alex Garcia,alex.garcia4025@example.com,BR,2026-06-26,Basic,3998.56
4026,Sam Brown,sam.brown4026@example.com,CA,2022-01-04,Basic,14873.77
4027,Alex Nguyen,alex.nguyen4027@example.com,US,2020-08-04,Premium,3944.99
4028,Riley Müller,riley.müller4028@example.com,BR,2023-10-05,Basic,13843.08
4029,Priya Lopez,priya.lopez4029@example.com,US,2023-08-30,Premium,3405.58
4030,Taylor Patel,taylor.patel4030@example.com,CA,2021-09-20,Premium,8104.13
4031,Lucas Smith,lucas.smith4031@example.com,IN,2023-07-14,Premium,5159.09
4032,Casey Smith,casey.smith4032@example.com,IN,2024-07-03,Standard,17862.09
4033,Morgan Lopez,morgan.lopez4033@example.com,FR,2021-07-30,Premium,2756.88
4034,Casey Singh,casey.singh4034@example.com,US,2020-05-09,Standard,4680.54
4035,Casey Garcia,casey.garcia4035@example.com,UK,2020-07-12,Standard,7586.73
4036,Alex Patel,alex.patel4036@example.com,SG,2020-07-08,Premium,2321.74
4037,Morgan Singh,morgan.singh4037@example.com,FR,2023-06-10,Premium,4511.36
4038,Taylor Kim,taylor.kim4038@example.com,DE,2021-12-14,Standard,3671.63
4039,Neha Patel,neha.patel4039@example.com,DE,2021-10-10,Premium,14672.1
4040,Quinn Brown,quinn.brown4040@example.com,BR,2023-03-06,Standard,2568.5
4041,Jamie Garcia,jamie.garcia4041@example.com,FR,2024-06-25,Standard,15461.68
4042,Jamie Chen,jamie.chen4042@example.com,JP,2024-10-19,Premium,3506.59
4043,Omar Nguyen,omar.nguyen4043@example.com,DE,2023-01-01,Premium,14921.19
4044,Arjun Kim,arjun.kim4044@example.com,BR,2025-02-01,Basic,13416.92
4045,Avery Singh,avery.singh4045@example.com,SG,2026-03-03,Basic,12520.48
4046,Riley Chen,riley.chen4046@example.com,JP,2022-08-08,Standard,8125.08
4047,Sam Brown,sam.brown4047@example.com,UK,2024-04-20,Standard,7449.98
4048,Priya Chen,priya.chen4048@example.com,IN,2022-12-31,Standard,15292.41
4049,Neha Garcia,neha.garcia4049@example.com,AU,2022-10-05,Basic,10242.4
4050,Omar Nguyen,omar.nguyen4050@example.com,CA,2021-03-07,Standard,9481.01
4051,Arjun Kim,arjun.kim4051@example.com,DE,2024-07-14,Basic,13974.49
4052,Riley Singh,riley.singh4052@example.com,JP,2023-01-14,Standard,8714.33
4053,Priya Khan,priya.khan4053@example.com,DE,2023-10-16,Premium,11245.8
4054,Omar Garcia,omar.garcia4054@example.com,SG,2026-03-08,Standard,14971.36
4055,Casey Singh,casey.singh4055@example.com,DE,2024-05-09,Standard,18479.39
4056,Casey Singh,casey.singh4056@example.com,IN,2023-10-19,Standard,1681.83
4057,Sofia Khan,sofia.khan4057@example.com,BR,2022-03-15,Basic,12524.66
4058,Avery Brown,avery.brown4058@example.com,CA,2022-05-20,Basic,5768.05
4059,Priya Müller,priya.müller4059@example.com,BR,2022-10-06,Basic,11576.14
4060,Omar Patel,omar.patel4060@example.com,BR,2026-01-14,Premium,5955.9
4061,Lucas Chen,lucas.chen4061@example.com,DE,2026-02-15,Basic,1589.42
4062,Taylor Brown,taylor.brown4062@example.com,DE,2025-08-10,Premium,2075.05
4063,Morgan Lopez,morgan.lopez4063@example.com,JP,2020-12-28,Premium,4934.62
4064,Lucas Kim,lucas.kim4064@example.com,JP,2021-06-19,Standard,1225.67
4065,Riley Smith,riley.smith4065@example.com,IN,2023-01-26,Basic,12290.21
4066,Lucas Müller,lucas.müller4066@example.com,US,2026-03-27,Premium,7762.62
4067,Quinn Chen,quinn.chen4067@example.com,DE,2021-04-27,Premium,19585.28
4068,Jamie Nguyen,jamie.nguyen4068@example.com,DE,2023-05-04,Standard,7967.37
4069,Priya Khan,priya.khan4069@example.com,CA,2021-08-13,Basic,11584.14
4070,Riley Nguyen,riley.nguyen4070@example.com,CA,2023-11-11,Standard,4142.04
4071,Morgan Chen,morgan.chen4071@example.com,IN,2025-02-27,Premium,14973.62
4072,Jamie Smith,jamie.smith4072@example.com,DE,2024-06-07,Basic,5282.18
4073,Sam Khan,sam.khan4073@example.com,IN,2022-01-13,Basic,8301.55
4074,Neha Lopez,neha.lopez4074@example.com,CA,2026-05-12,Standard,1814.2
4075,Omar Silva,omar.silva4075@example.com,US,2024-08-13,Basic,17785.69
4076,Avery Kim,avery.kim4076@example.com,AU,2022-06-22,Basic,2263.2
4077,Taylor Nguyen,taylor.nguyen4077@example.com,IN,2021-11-26,Standard,15716.08
4078,Alex Patel,alex.patel4078@example.com,BR,2022-10-08,Basic,12052.56
4079,Jordan Patel,jordan.patel4079@example.com,DE,2022-07-16,Premium,5479.9
4080,Quinn Kim,quinn.kim4080@example.com,JP,2024-09-13,Standard,13152.99
4081,Morgan Khan,morgan.khan4081@example.com,CA,2025-12-25,Premium,5664.86
4082,Quinn Patel,quinn.patel4082@example.com,US,2020-10-18,Standard,9897.79
4083,Morgan Smith,morgan.smith4083@example.com,IN,2022-10-25,Basic,1868.26
4084,Neha Smith,neha.smith4084@example.com,CA,2026-06-26,Basic,14222.03
4085,Sam Smith,sam.smith4085@example.com,US,2023-06-30,Basic,17984.22
4086,Riley Smith,riley.smith4086@example.com,UK,2025-12-09,Basic,16624.33
4087,Omar Nguyen,omar.nguyen4087@example.com,IN,2024-07-13,Basic,19985.07
4088,Sam Chen,sam.chen4088@example.com,SG,2020-06-11,Premium,5874.96
4089,Taylor Kim,taylor.kim4089@example.com,CA,2025-08-17,Basic,18693.97
4090,Jamie Müller,jamie.müller4090@example.com,CA,2021-09-30,Premium,4230.12
4091,Morgan Patel,morgan.patel4091@example.com,BR,2020-09-08,Basic,9587.2
4092,Taylor Silva,taylor.silva4092@example.com,SG,2021-02-12,Premium,18419.57
4093,Neha Smith,neha.smith4093@example.com,IN,2023-08-19,Standard,2022.7
4094,Sam Silva,sam.silva4094@example.com,IN,2022-04-12,Premium,15664.68
4095,Taylor Chen,taylor.chen4095@example.com,CA,2020-03-07,Premium,6103.93
4096,Sofia Khan,sofia.khan4096@example.com,US,2021-10-23,Basic,11135.13
4097,Sam Singh,sam.singh4097@example.com,IN,2021-05-03,Premium,16815.64
4098,Sofia Khan,sofia.khan4098@example.com,CA,2023-07-22,Premium,18177.35
4099,Sam Chen,sam.chen4099@example.com,DE,2024-11-21,Standard,16990.21
4100,Arjun Silva,arjun.silva4100@example.com,BR,2023-04-21,Standard,3791.07
4101,Sam Kim,sam.kim4101@example.com,FR,2020-11-22,Premium,18363.52
4102,Lucas Singh,lucas.singh4102@example.com,SG,2021-03-31,Basic,19718.17
4103,Taylor Chen,taylor.chen4103@example.com,CA,2021-11-24,Premium,12846.24
4104,Taylor Brown,taylor.brown4104@example.com,CA,2020-07-15,Premium,14214.23
4105,Sam Brown,sam.brown4105@example.com,DE,2023-09-19,Premium,8248.74
4106,Omar Khan,omar.khan4106@example.com,UK,2024-05-10,Premium,8160.07
4107,Quinn Brown,quinn.brown4107@example.com,AU,2021-11-15,Standard,3551.23
4108,Lucas Lopez,lucas.lopez4108@example.com,CA,2020-11-03,Premium,2821.67
4109,Arjun Singh,arjun.singh4109@example.com,JP,2020-09-23,Basic,9357.57
4110,Quinn Müller,quinn.müller4110@example.com,FR,2024-01-10,Standard,7839.01
4111,Jamie Müller,jamie.müller4111@example.com,SG,2022-06-23,Premium,660.98
4112,Taylor Chen,taylor.chen4112@example.com,AU,2024-11-07,Standard,6989.97
4113,Neha Kim,neha.kim4113@example.com,AU,2024-01-31,Basic,5960.06
4114,Casey Garcia,casey.garcia4114@example.com,JP,2020-12-19,Standard,3163.44
4115,Neha Garcia,neha.garcia4115@example.com,AU,2024-07-17,Standard,566.51
4116,Neha Smith,neha.smith4116@example.com,JP,2020-04-02,Basic,904.53
4117,Jamie Khan,jamie.khan4117@example.com,CA,2021-03-31,Premium,151.62
4118,Neha Müller,neha.müller4118@example.com,BR,2022-01-07,Standard,858.48
4119,Sofia Patel,sofia.patel4119@example.com,US,2020-01-15,Basic,19610.29
4120,Omar Nguyen,omar.nguyen4120@example.com,FR,2020-08-29,Basic,5475.27
4121,Taylor Silva,taylor.silva4121@example.com,UK,2026-01-05,Premium,203.77
4122,Omar Garcia,omar.garcia4122@example.com,DE,2025-08-16,Basic,2270.85
4123,Arjun Khan,arjun.khan4123@example.com,UK,2021-07-27,Premium,2899.36
4124,Casey Garcia,casey.garcia4124@example.com,UK,2026-03-27,Premium,5713.97
4125,Quinn Silva,quinn.silva4125@example.com,AU,2021-09-29,Basic,3892.47
4126,Jamie Smith,jamie.smith4126@example.com,US,2023-01-22,Premium,828.32
4127,Quinn Silva,quinn.silva4127@example.com,SG,2021-04-19,Premium,7491.86
4128,Taylor Lopez,taylor.lopez4128@example.com,IN,2022-10-05,Standard,13356.93
4129,Priya Kim,priya.kim4129@example.com,AU,2024-12-19,Premium,3336.4
4130,Casey Smith,casey.smith4130@example.com,BR,2023-03-30,Premium,12809.15
4131,Arjun Silva,arjun.silva4131@example.com,FR,2020-06-16,Basic,15195.46
4132,Avery Smith,avery.smith4132@example.com,UK,2026-01-22,Premium,17037.17
4133,Alex Singh,alex.singh4133@example.com,IN,2023-03-24,Basic,18867.28
4134,Avery Singh,avery.singh4134@example.com,IN,2023-09-25,Premium,15743.53
4135,Taylor Khan,taylor.khan4135@example.com,CA,2023-03-25,Standard,11135.62
4136,Sofia Singh,sofia.singh4136@example.com,UK,2026-03-05,Premium,3546.96
4137,Avery Smith,,BR,2022-06-28,Standard,9979.55
4138,Alex Khan,alex.khan4138@example.com,DE,2025-03-18,Basic,11724.4
4139,Taylor Khan,taylor.khan4139@example.com,UK,2021-02-02,Premium,16486.95
4140,Sofia Singh,sofia.singh4140@example.com,DE,2024-07-06,Basic,11535.39
4141,Priya Brown,priya.brown4141@example.com,FR,2023-08-16,Standard,18303.58
4142,Arjun Chen,arjun.chen4142@example.com,SG,2023-06-07,Basic,15374.71
4143,Quinn Garcia,quinn.garcia4143@example.com,SG,2020-01-03,Standard,12074.72
4144,Omar Chen,omar.chen4144@example.com,US,2023-05-05,Standard,17882.57
4145,Omar Smith,omar.smith4145@example.com,BR,2020-09-30,Basic,1017.0
4146,Priya Nguyen,priya.nguyen4146@example.com,JP,2022-09-12,Premium,9074.32
4147,Quinn Brown,quinn.brown4147@example.com,JP,2020-06-26,Premium,8011.51
4148,Casey Silva,casey.silva4148@example.com,BR,2021-01-16,Premium,8394.18
4149,Sam Singh,sam.singh4149@example.com,SG,2026-03-10,Premium,2843.27
4150,Avery Khan,avery.khan4150@example.com,US,2025-09-28,Standard,3929.3
4151,Neha Chen,neha.chen4151@example.com,SG,2021-10-20,Basic,12276.75
4152,Neha Singh,neha.singh4152@example.com,CA,2023-05-19,Standard,15488.75
4153,Lucas Garcia,lucas.garcia4153@example.com,AU,2020-02-07,Basic,5675.58
4154,Riley Kim,riley.kim4154@example.com,UK,2022-10-23,Premium,4291.21
4155,Alex Smith,alex.smith4155@example.com,CA,2020-11-23,Standard,14203.29
4156,Jamie Patel,jamie.patel4156@example.com,AU,2023-11-01,Premium,18848.82
4157,Neha Chen,neha.chen4157@example.com,IN,2023-09-03,Basic,6793.83
4158,Sofia Singh,sofia.singh4158@example.com,SG,2020-04-27,Standard,3523.64
4159,Lucas Chen,lucas.chen4159@example.com,BR,2020-03-02,Premium,5587.13
4160,Arjun Silva,arjun.silva4160@example.com,US,2022-09-06,Premium,4471.38
4161,Casey Chen,casey.chen4161@example.com,AU,2023-04-07,Standard,3666.6
4162,Avery Patel,avery.patel4162@example.com,AU,2026-01-11,Premium,10530.95
4163,Avery Smith,avery.smith4163@example.com,CA,2020-03-23,Premium,12121.76
4164,Neha Garcia,neha.garcia4164@example.com,SG,2021-01-06,Standard,3200.74
4165,Lucas Singh,lucas.singh4165@example.com,UK,2021-07-22,Premium,577.53
4166,Sam Nguyen,sam.nguyen4166@example.com,JP,2026-01-27,Premium,18108.19
4167,Arjun Khan,arjun.khan4167@example.com,DE,2021-12-22,Standard,7679.87
4168,Morgan Silva,morgan.silva4168@example.com,US,2024-06-10,Premium,19724.74
4169,Arjun Smith,arjun.smith4169@example.com,DE,2021-05-11,Premium,11748.07
4170,Jordan Singh,jordan.singh4170@example.com,FR,2024-01-07,Premium,3739.68
4171,Jordan Nguyen,jordan.nguyen4171@example.com,IN,2026-07-24,Premium,2169.55
4172,Avery Khan,avery.khan4172@example.com,DE,2022-05-16,Standard,12398.95
4173,Lucas Chen,lucas.chen4173@example.com,JP,2020-12-13,Basic,1282.79
4174,Jordan Khan,jordan.khan4174@example.com,US,2022-01-22,Basic,11656.26
4175,Priya Nguyen,priya.nguyen4175@example.com,IN,2024-03-23,Premium,3724.91
4176,Priya Nguyen,priya.nguyen4176@example.com,CA,2025-07-09,Premium,10306.75
4177,Arjun Brown,arjun.brown4177@example.com,SG,2023-06-20,Premium,14555.53
4178,Casey Kim,casey.kim4178@example.com,US,2023-03-16,Standard,14552.78
4179,Morgan Garcia,morgan.garcia4179@example.com,DE,2020-12-05,Standard,13035.25
4180,Sofia Silva,sofia.silva4180@example.com,FR,2020-11-05,Standard,6663.38
4181,Jamie Silva,jamie.silva4181@example.com,CA,2022-09-30,Standard,306.33
4182,Taylor Chen,taylor.chen4182@example.com,CA,2023-12-15,Premium,13569.7
4183,Taylor Patel,taylor.patel4183@example.com,JP,2025-08-05,Standard,19385.47
4184,Omar Brown,omar.brown4184@example.com,US,2023-11-12,Premium,13193.73
4185,Omar Patel,omar.patel4185@example.com,UK,2020-04-18,Basic,3244.41
4186,Sam Lopez,sam.lopez4186@example.com,AU,2025-05-06,Basic,1146.13
4187,Sam Lopez,sam.lopez4187@example.com,SG,2020-09-02,Premium,2684.31
4188,Sam Khan,sam.khan4188@example.com,IN,2024-05-19,Standard,12539.97
4189,Sofia Smith,sofia.smith4189@example.com,BR,2025-05-11,Basic,8580.18
4190,Priya Kim,priya.kim4190@example.com,UK,2021-09-11,Premium,13694.91
4191,Taylor Müller,taylor.müller4191@example.com,AU,2026-07-27,Premium,1478.67
4192,Casey Nguyen,casey.nguyen4192@example.com,FR,2023-03-11,Basic,10276.94
4193,Omar Kim,omar.kim4193@example.com,JP,2020-12-09,Premium,5757.04
4194,Casey Chen,casey.chen4194@example.com,CA,2022-02-27,Premium,848.85
4195,Avery Silva,avery.silva4195@example.com,AU,2022-10-03,Basic,15059.21
4196,Casey Kim,casey.kim4196@example.com,IN,2022-04-28,Premium,5230.08
4197,Arjun Chen,arjun.chen4197@example.com,FR,2024-04-05,Standard,12271.49
4198,Casey Silva,casey.silva4198@example.com,FR,2022-11-22,Premium,9843.23
4199,Morgan Khan,morgan.khan4199@example.com,JP,2024-08-17,Standard,11423.99
4200,Priya Kim,priya.kim4200@example.com,FR,2021-07-25,Premium,1930.24
4201,Quinn Khan,quinn.khan4201@example.com,US,2024-05-07,Standard,3315.17
4202,Omar Nguyen,omar.nguyen4202@example.com,CA,2022-01-23,Standard,8930.07
4203,Avery Brown,avery.brown4203@example.com,IN,2021-08-14,Standard,3702.42
4204,Quinn Brown,quinn.brown4204@example.com,AU,2022-06-22,Premium,9805.73
4205,Arjun Khan,arjun.khan4205@example.com,BR,2023-07-10,Standard,12291.22
4206,Omar Singh,omar.singh4206@example.com,FR,2024-12-12,Basic,5905.43
4207,Omar Garcia,omar.garcia4207@example.com,UK,2023-02-15,Basic,5795.18
4208,Arjun Patel,arjun.patel4208@example.com,US,2023-06-10,Standard,12528.21
4209,Priya Smith,priya.smith4209@example.com,BR,2026-06-27,Premium,19415.36
4210,Omar Brown,omar.brown4210@example.com,BR,2025-12-26,Standard,17182.03
4211,Casey Khan,casey.khan4211@example.com,US,2024-09-23,Premium,15026.34
4212,Omar Lopez,omar.lopez4212@example.com,JP,2022-01-04,Basic,18895.92
4213,Priya Lopez,priya.lopez4213@example.com,US,2024-12-10,Basic,15563.64
4214,Quinn Khan,quinn.khan4214@example.com,CA,2021-07-21,Premium,2663.26
4215,Taylor Singh,taylor.singh4215@example.com,BR,2024-02-29,Premium,3761.63
4216,Morgan Singh,morgan.singh4216@example.com,JP,2025-03-05,Basic,19680.12
4217,Alex Singh,alex.singh4217@example.com,AU,2025-07-11,Basic,11366.39
4218,Casey Brown,casey.brown4218@example.com,IN,2025-10-29,Standard,13977.38
4219,Jordan Silva,jordan.silva4219@example.com,US,2022-04-13,Premium,13012.11
4220,Casey Patel,casey.patel4220@example.com,CA,2025-01-28,Basic,13628.65
4221,Casey Kim,casey.kim4221@example.com,DE,2024-12-26,Basic,14636.17
4222,Casey Lopez,casey.lopez4222@example.com,US,2026-05-13,Basic,14078.05
4223,Priya Patel,priya.patel4223@example.com,BR,2025-06-22,Standard,15330.45
4224,Sofia Smith,sofia.smith4224@example.com,BR,2022-03-18,Standard,12621.3
4225,Casey Müller,casey.müller4225@example.com,BR,2022-04-01,Premium,2300.83
4226,Casey Garcia,casey.garcia4226@example.com,US,2020-07-19,Basic,13533.99
4227,Jamie Müller,jamie.müller4227@example.com,CA,2021-06-02,Standard,16351.28
4228,Morgan Kim,morgan.kim4228@example.com,DE,2024-09-28,Standard,13530.12
4229,Neha Smith,neha.smith4229@example.com,FR,2021-11-12,Basic,10828.13
4230,Neha Silva,neha.silva4230@example.com,IN,2022-04-27,Standard,224.1
4231,Priya Khan,priya.khan4231@example.com,CA,2023-03-17,Standard,17540.33
4232,Casey Smith,casey.smith4232@example.com,FR,2024-02-26,Standard,5634.64
4233,Jordan Patel,jordan.patel4233@example.com,DE,2021-08-19,Standard,12451.55
4234,Sam Chen,sam.chen4234@example.com,DE,2024-03-12,Premium,16506.16
4235,Alex Patel,,IN,2023-09-21,Standard,7860.51
4236,Lucas Brown,lucas.brown4236@example.com,FR,2020-09-02,Basic,17561.61
4237,Morgan Müller,morgan.müller4237@example.com,FR,2026-06-21,Basic,15158.78
4238,Jordan Singh,jordan.singh4238@example.com,CA,2020-10-06,Premium,5672.82
4239,Quinn Kim,quinn.kim4239@example.com,IN,2023-11-28,Standard,7729.99
4240,Priya Patel,priya.patel4240@example.com,DE,2023-09-14,Premium,10472.69
4241,Taylor Singh,taylor.singh4241@example.com,FR,2022-06-08,Standard,6240.37
4242,Priya Brown,priya.brown4242@example.com,FR,2020-07-23,Premium,889.15
4243,Alex Patel,alex.patel4243@example.com,BR,2025-10-15,Standard,7659.59
4244,Sofia Patel,sofia.patel4244@example.com,JP,2025-01-20,Basic,5282.17
4245,Sam Chen,sam.chen4245@example.com,US,2021-09-25,Standard,15816.68
4246,Taylor Nguyen,taylor.nguyen4246@example.com,SG,2025-11-29,Basic,11197.15
4247,Morgan Silva,morgan.silva4247@example.com,IN,2024-11-20,Premium,2178.73
4248,Neha Nguyen,neha.nguyen4248@example.com,FR,2024-09-26,Premium,1749.49
4249,Lucas Nguyen,lucas.nguyen4249@example.com,JP,2023-12-30,Basic,14730.07
4250,Morgan Khan,morgan.khan4250@example.com,DE,2021-10-16,Standard,1360.17
4251,Jordan Lopez,jordan.lopez4251@example.com,AU,2020-04-25,Standard,19394.45
4252,Morgan Brown,morgan.brown4252@example.com,DE,2022-11-12,Standard,12890.3
4253,Sam Chen,sam.chen4253@example.com,AU,2024-09-24,Standard,8822.65
4254,Casey Müller,casey.müller4254@example.com,AU,2022-10-08,Standard,19039.51
4255,Avery Chen,avery.chen4255@example.com,SG,2025-09-16,Premium,5681.66
4256,Neha Nguyen,neha.nguyen4256@example.com,UK,2021-01-21,Standard,18113.16
4257,Lucas Brown,lucas.brown4257@example.com,FR,2020-06-26,Premium,13642.32
4258,Quinn Nguyen,quinn.nguyen4258@example.com,BR,2026-02-22,Standard,12114.81
4259,Morgan Smith,morgan.smith4259@example.com,DE,2020-01-27,Premium,15784.43
4260,Priya Kim,priya.kim4260@example.com,UK,2025-03-07,Premium,9605.85
4261,Neha Nguyen,neha.nguyen4261@example.com,SG,2026-04-13,Basic,4478.47
4262,Priya Patel,priya.patel4262@example.com,AU,2020-09-07,Premium,6432.71
4263,Arjun Singh,arjun.singh4263@example.com,BR,2021-03-12,Premium,138.14
4264,Sofia Kim,sofia.kim4264@example.com,US,2026-01-01,Basic,18480.96
4265,Casey Lopez,casey.lopez4265@example.com,US,2025-02-13,Premium,11133.62
4266,Riley Silva,,JP,2025-04-05,Standard,18401.08
4267,Taylor Patel,taylor.patel4267@example.com,FR,2023-04-13,Premium,6414.84
4268,Lucas Khan,lucas.khan4268@example.com,FR,2024-05-16,Premium,71.88
4269,Jordan Smith,jordan.smith4269@example.com,JP,2020-12-05,Premium,1510.01
4270,Casey Lopez,casey.lopez4270@example.com,CA,2021-07-30,Premium,5939.31
4271,Jamie Silva,jamie.silva4271@example.com,DE,2020-07-31,Standard,14790.24
4272,Lucas Lopez,lucas.lopez4272@example.com,JP,2025-04-07,Premium,15159.96
4273,Omar Patel,omar.patel4273@example.com,SG,2026-07-14,Basic,9521.0
4274,Neha Brown,neha.brown4274@example.com,SG,2024-11-14,Standard,15449.02
4275,Neha Silva,neha.silva4275@example.com,BR,2023-04-27,Premium,12164.75
4276,Neha Müller,neha.müller4276@example.com,DE,2022-03-08,Standard,15590.62
4277,Alex Smith,alex.smith4277@example.com,SG,2024-02-10,Premium,3271.46
4278,Jamie Garcia,jamie.garcia4278@example.com,BR,2024-02-02,Premium,15617.61
4279,Morgan Lopez,morgan.lopez4279@example.com,UK,2021-06-04,Premium,11610.14
4280,Quinn Kim,quinn.kim4280@example.com,SG,2020-02-24,Standard,473.96
4281,Jamie Silva,jamie.silva4281@example.com,DE,2024-09-21,Premium,15257.15
4282,Priya Silva,priya.silva4282@example.com,SG,2021-04-13,Premium,18162.06
4283,Priya Smith,priya.smith4283@example.com,IN,2020-06-28,Premium,7969.46
4284,Casey Nguyen,casey.nguyen4284@example.com,US,2020-05-05,Basic,702.3
4285,Neha Brown,neha.brown4285@example.com,FR,2026-05-31,Basic,4218.25
4286,Quinn Silva,quinn.silva4286@example.com,AU,2025-02-09,Basic,18374.35
4287,Morgan Kim,morgan.kim4287@example.com,AU,2023-03-29,Basic,10032.85
4288,Morgan Brown,morgan.brown4288@example.com,JP,2020-12-31,Basic,3778.48
4289,Jamie Chen,jamie.chen4289@example.com,BR,2025-04-17,Basic,1871.23
4290,Quinn Nguyen,quinn.nguyen4290@example.com,DE,2025-08-31,Standard,19699.78
4291,Neha Singh,neha.singh4291@example.com,DE,2021-09-30,Premium,17538.1
4292,Sam Silva,sam.silva4292@example.com,UK,2024-07-27,Standard,7329.1
4293,Casey Singh,casey.singh4293@example.com,BR,2026-01-15,Standard,5314.2
4294,Riley Lopez,riley.lopez4294@example.com,JP,2021-06-10,Standard,102.14
4295,Jordan Lopez,jordan.lopez4295@example.com,UK,2020-03-26,Basic,7852.9
4296,Jordan Patel,jordan.patel4296@example.com,CA,2024-03-24,Premium,6426.61
4297,Alex Müller,alex.müller4297@example.com,AU,2023-02-20,Premium,16486.84
4298,Lucas Patel,lucas.patel4298@example.com,BR,2022-04-11,Basic,1187.55
4299,Morgan Kim,morgan.kim4299@example.com,AU,2024-09-19,Basic,18196.05
4300,Neha Chen,neha.chen4300@example.com,DE,2020-02-22,Premium,18146.14
4301,Jordan Lopez,jordan.lopez4301@example.com,US,2020-08-02,Basic,16424.07
4302,Avery Patel,avery.patel4302@example.com,FR,2024-12-21,Basic,2323.46
4303,Alex Singh,alex.singh4303@example.com,FR,2020-07-02,Premium,10558.21
4304,Avery Brown,avery.brown4304@example.com,CA,2020-09-21,Standard,10897.91
4305,Riley Chen,riley.chen4305@example.com,US,2022-07-31,Premium,18473.08
4306,Avery Khan,avery.khan4306@example.com,JP,2024-09-04,Standard,1815.98
4307,Omar Nguyen,omar.nguyen4307@example.com,UK,2025-12-26,Basic,543.41
4308,Sam Garcia,sam.garcia4308@example.com,UK,2024-10-23,Basic,1382.26
4309,Jamie Silva,jamie.silva4309@example.com,CA,2025-02-18,Premium,17442.71
4310,Avery Patel,avery.patel4310@example.com,IN,2020-05-28,Standard,13633.57
4311,Morgan Khan,morgan.khan4311@example.com,DE,2020-02-04,Basic,8681.38
4312,Morgan Chen,morgan.chen4312@example.com,JP,2025-08-25,Standard,19575.7
4313,Taylor Müller,taylor.müller4313@example.com,SG,2021-05-26,Basic,6203.07
4314,Omar Chen,omar.chen4314@example.com,DE,2025-04-27,Standard,14682.26
4315,Arjun Khan,arjun.khan4315@example.com,US,2021-03-01,Standard,16255.27
4316,Omar Silva,omar.silva4316@example.com,IN,2025-09-16,Standard,9600.39
4317,Casey Khan,casey.khan4317@example.com,FR,2026-01-31,Premium,8212.88
4318,Avery Nguyen,avery.nguyen4318@example.com,FR,2025-11-24,Basic,13352.03
4319,Alex Patel,alex.patel4319@example.com,BR,2021-10-23,Standard,18490.15
4320,Riley Chen,riley.chen4320@example.com,UK,2022-01-23,Standard,8673.5
4321,Sofia Müller,sofia.müller4321@example.com,FR,2020-02-15,Basic,13999.78
4322,Morgan Silva,morgan.silva4322@example.com,BR,2020-12-16,Standard,19790.73
4323,Priya Garcia,priya.garcia4323@example.com,UK,2026-03-04,Basic,12064.42
4324,Alex Silva,alex.silva4324@example.com,CA,2026-07-06,Basic,4874.66
4325,Priya Chen,priya.chen4325@example.com,FR,2021-03-10,Premium,6503.0
4326,Lucas Silva,lucas.silva4326@example.com,JP,2021-09-15,Standard,6488.19
4327,Lucas Nguyen,lucas.nguyen4327@example.com,CA,2020-04-12,Basic,16780.16
4328,Arjun Lopez,arjun.lopez4328@example.com,FR,2020-04-10,Standard,635.06
4329,Sam Lopez,sam.lopez4329@example.com,CA,2021-05-26,Standard,2231.74
4330,Neha Brown,neha.brown4330@example.com,JP,2026-03-08,Basic,3810.0
4331,Sam Garcia,sam.garcia4331@example.com,SG,2023-12-14,Standard,7050.83
4332,Sam Müller,sam.müller4332@example.com,FR,2024-12-12,Premium,12983.33
4333,Jamie Müller,jamie.müller4333@example.com,BR,2020-06-10,Premium,17467.1
4334,Arjun Smith,arjun.smith4334@example.com,US,2022-01-22,Standard,5431.91
4335,Riley Müller,riley.müller4335@example.com,JP,2026-04-17,Standard,7024.14
4336,Sofia Smith,sofia.smith4336@example.com,DE,2020-03-09,Premium,11813.53
4337,Alex Patel,alex.patel4337@example.com,IN,2021-09-06,Standard,12690.72
4338,Sam Khan,sam.khan4338@example.com,FR,2024-05-22,Basic,770.77
4339,Quinn Garcia,quinn.garcia4339@example.com,SG,2020-04-04,Standard,13248.27
4340,Arjun Garcia,arjun.garcia4340@example.com,UK,2021-10-25,Premium,17027.09
4341,Omar Chen,omar.chen4341@example.com,DE,2021-05-02,Basic,11237.83
4342,Neha Garcia,neha.garcia4342@example.com,US,2020-02-25,Standard,12796.83
4343,Alex Garcia,alex.garcia4343@example.com,CA,2021-12-08,Standard,13041.6
4344,Omar Garcia,omar.garcia4344@example.com,CA,2026-06-09,Standard,7301.43
4345,Lucas Lopez,lucas.lopez4345@example.com,CA,2020-04-11,Basic,16189.0
4346,Lucas Lopez,lucas.lopez4346@example.com,IN,2023-02-08,Standard,7851.01
4347,Arjun Nguyen,arjun.nguyen4347@example.com,JP,2022-11-13,Premium,14421.2
4348,Lucas Kim,lucas.kim4348@example.com,AU,2023-05-29,Standard,18797.9
4349,Avery Singh,avery.singh4349@example.com,AU,2020-09-25,Standard,7647.3
4350,Omar Müller,omar.müller4350@example.com,FR,2024-09-11,Standard,18553.2
4351,Morgan Khan,morgan.khan4351@example.com,CA,2025-09-06,Premium,15741.65
4352,Avery Khan,avery.khan4352@example.com,AU,2026-02-18,Standard,12618.12
4353,Omar Silva,omar.silva4353@example.com,DE,2024-11-13,Standard,16605.91
4354,Priya Kim,priya.kim4354@example.com,UK,2020-04-30,Basic,16237.51
4355,Lucas Brown,lucas.brown4355@example.com,FR,2025-04-13,Premium,18490.02
4356,Jamie Kim,jamie.kim4356@example.com,UK,2024-07-31,Basic,11239.01
4357,Quinn Singh,quinn.singh4357@example.com,DE,2024-10-29,Basic,13825.65
4358,Jordan Brown,jordan.brown4358@example.com,US,2023-06-05,Standard,16004.21
4359,Arjun Lopez,arjun.lopez4359@example.com,US,2021-12-17,Basic,5419.34
4360,Sofia Garcia,sofia.garcia4360@example.com,US,2020-07-28,Standard,3981.62
4361,Riley Chen,riley.chen4361@example.com,DE,2026-05-12,Premium,13954.01
4362,Sofia Kim,sofia.kim4362@example.com,JP,2021-08-04,Basic,6328.91
4363,Arjun Khan,arjun.khan4363@example.com,US,2022-09-16,Basic,18511.25
4364,Sam Nguyen,sam.nguyen4364@example.com,UK,2023-10-04,Basic,19856.5
4365,Taylor Brown,taylor.brown4365@example.com,US,2021-06-27,Basic,13959.18
4366,Alex Singh,alex.singh4366@example.com,AU,2020-04-04,Basic,3740.58
4367,Taylor Singh,taylor.singh4367@example.com,DE,2023-11-07,Premium,17700.13
4368,Casey Silva,casey.silva4368@example.com,SG,2022-12-20,Basic,13748.96
4369,Avery Kim,avery.kim4369@example.com,JP,2023-09-16,Premium,1619.45
4370,Taylor Patel,taylor.patel4370@example.com,UK,2022-09-05,Basic,7084.23
4371,Alex Singh,alex.singh4371@example.com,UK,2024-06-30,Standard,3733.78
4372,Sofia Singh,sofia.singh4372@example.com,UK,2026-03-08,Standard,16817.83
4373,Neha Garcia,neha.garcia4373@example.com,AU,2021-03-30,Basic,1069.7
4374,Arjun Silva,arjun.silva4374@example.com,DE,2025-12-04,Premium,11102.44
4375,Arjun Brown,arjun.brown4375@example.com,CA,2023-11-02,Premium,5227.9
4376,Omar Smith,omar.smith4376@example.com,SG,2020-11-27,Basic,4681.4
4377,Taylor Patel,taylor.patel4377@example.com,JP,2023-05-31,Standard,16584.51
4378,Priya Khan,priya.khan4378@example.com,DE,2025-02-01,Basic,673.45
4379,Omar Garcia,omar.garcia4379@example.com,JP,2022-02-02,Basic,16911.76
4380,Omar Silva,omar.silva4380@example.com,DE,2022-10-10,Standard,5041.09
4381,Taylor Garcia,taylor.garcia4381@example.com,IN,2023-07-24,Standard,7522.31
4382,Omar Lopez,omar.lopez4382@example.com,UK,2024-10-08,Standard,17665.26
4383,Riley Nguyen,riley.nguyen4383@example.com,US,2025-10-05,Standard,10538.1
4384,Sofia Nguyen,sofia.nguyen4384@example.com,UK,2020-02-27,Basic,12447.65
4385,Jordan Nguyen,jordan.nguyen4385@example.com,SG,2022-08-16,Premium,12089.97
4386,Omar Kim,omar.kim4386@example.com,US,2022-08-20,Basic,11974.37
4387,Sam Nguyen,sam.nguyen4387@example.com,JP,2020-08-30,Standard,6744.96
4388,Priya Lopez,priya.lopez4388@example.com,SG,2026-01-20,Premium,18357.82
4389,Casey Khan,,BR,2024-12-10,Premium,13550.14
4390,Taylor Garcia,taylor.garcia4390@example.com,DE,2023-02-22,Premium,16564.3
4391,Jordan Singh,jordan.singh4391@example.com,FR,2023-11-10,Premium,13168.54
4392,Casey Smith,casey.smith4392@example.com,UK,2024-02-21,Basic,16327.41
4393,Neha Singh,neha.singh4393@example.com,AU,2020-07-08,Basic,2937.82
4394,Riley Lopez,riley.lopez4394@example.com,DE,2021-03-14,Premium,5144.27
4395,Lucas Brown,lucas.brown4395@example.com,AU,2024-12-13,Standard,9357.84
4396,Sam Patel,sam.patel4396@example.com,AU,2023-04-14,Basic,534.44
4397,Jamie Khan,jamie.khan4397@example.com,CA,2022-03-05,Premium,10450.68
4398,Morgan Khan,morgan.khan4398@example.com,CA,2022-10-15,Standard,17664.5
4399,Arjun Kim,arjun.kim4399@example.com,IN,2020-06-05,Basic,13080.82
4400,Riley Khan,riley.khan4400@example.com,SG,2025-06-04,Standard,2418.11
4401,Taylor Brown,taylor.brown4401@example.com,US,2024-07-29,Premium,13682.23
4402,Taylor Khan,taylor.khan4402@example.com,JP,2021-06-02,Standard,18069.84
4403,Priya Patel,priya.patel4403@example.com,JP,2022-05-25,Premium,10209.21
4404,Omar Garcia,omar.garcia4404@example.com,SG,2020-12-07,Basic,1118.83
4405,Lucas Kim,lucas.kim4405@example.com,SG,2021-09-29,Premium,2004.11
4406,Avery Nguyen,avery.nguyen4406@example.com,SG,2020-11-05,Standard,8880.94
4407,Sofia Nguyen,sofia.nguyen4407@example.com,JP,2021-04-11,Premium,7211.75
4408,Sofia Silva,sofia.silva4408@example.com,US,2024-12-15,Basic,5875.75
4409,Sam Brown,sam.brown4409@example.com,DE,2020-08-19,Standard,5519.57
4410,Jordan Smith,jordan.smith4410@example.com,UK,2020-01-25,Premium,15533.47
4411,Neha Lopez,neha.lopez4411@example.com,FR,2022-09-26,Basic,9912.63
4412,Jordan Kim,jordan.kim4412@example.com,CA,2023-11-19,Premium,3443.52
4413,Priya Müller,priya.müller4413@example.com,BR,2025-01-27,Standard,992.26
4414,Jordan Singh,jordan.singh4414@example.com,US,2022-04-22,Standard,8191.33
4415,Sofia Khan,sofia.khan4415@example.com,AU,2023-05-03,Basic,1422.71
4416,Casey Kim,casey.kim4416@example.com,BR,2026-01-27,Basic,1970.35
4417,Sam Kim,sam.kim4417@example.com,FR,2021-06-25,Standard,3491.84
4418,Jordan Brown,jordan.brown4418@example.com,IN,2022-09-25,Premium,5652.3
4419,Jordan Patel,jordan.patel4419@example.com,FR,2023-06-25,Premium,3020.5
4420,Taylor Kim,taylor.kim4420@example.com,FR,2026-02-18,Premium,7265.16
4421,Avery Garcia,avery.garcia4421@example.com,US,2026-03-03,Basic,3979.89
4422,Sam Khan,sam.khan4422@example.com,BR,2025-11-12,Premium,14487.11
4423,Omar Kim,omar.kim4423@example.com,BR,2020-02-07,Premium,10772.55
4424,Sam Khan,sam.khan4424@example.com,JP,2022-10-02,Basic,7638.49
4425,Alex Silva,alex.silva4425@example.com,FR,2023-06-08,Basic,9747.53
4426,Lucas Garcia,lucas.garcia4426@example.com,US,2020-06-24,Premium,7104.08
4427,Sam Singh,sam.singh4427@example.com,IN,2020-07-25,Standard,18270.83
4428,Sofia Patel,sofia.patel4428@example.com,BR,2022-09-15,Standard,11234.54
4429,Alex Khan,alex.khan4429@example.com,FR,2023-08-06,Premium,3647.05
4430,Sofia Smith,sofia.smith4430@example.com,FR,2024-02-29,Premium,15306.72
4431,Sam Chen,sam.chen4431@example.com,CA,2023-05-29,Standard,5227.86
4432,Arjun Nguyen,arjun.nguyen4432@example.com,SG,2025-04-19,Premium,12355.86
4433,Arjun Brown,arjun.brown4433@example.com,BR,2021-04-15,Basic,3761.98
4434,Omar Silva,omar.silva4434@example.com,IN,2022-08-25,Standard,8950.64
4435,Taylor Lopez,taylor.lopez4435@example.com,FR,2025-08-11,Standard,15014.17
4436,Omar Kim,omar.kim4436@example.com,SG,2023-12-22,Standard,2175.71
4437,Neha Nguyen,neha.nguyen4437@example.com,JP,2026-02-05,Premium,18802.11
4438,Arjun Brown,arjun.brown4438@example.com,JP,2022-04-29,Standard,2013.99
4439,Lucas Lopez,lucas.lopez4439@example.com,CA,2020-07-09,Premium,14602.3
4440,Morgan Khan,morgan.khan4440@example.com,CA,2024-04-08,Premium,6073.42
4441,Neha Nguyen,neha.nguyen4441@example.com,UK,2025-07-17,Standard,4135.63
4442,Morgan Smith,morgan.smith4442@example.com,CA,2021-03-28,Premium,16120.44
4443,Omar Patel,omar.patel4443@example.com,CA,2021-12-14,Basic,13435.3
4444,Arjun Garcia,arjun.garcia4444@example.com,CA,2025-09-25,Premium,2298.26
4445,Neha Müller,neha.müller4445@example.com,BR,2022-04-28,Standard,5275.54
4446,Alex Singh,alex.singh4446@example.com,BR,2023-07-06,Standard,10796.02
4447,Neha Chen,neha.chen4447@example.com,FR,2025-06-01,Premium,4368.19
4448,Avery Smith,avery.smith4448@example.com,US,2023-02-13,Basic,4436.79
4449,Avery Nguyen,avery.nguyen4449@example.com,DE,2020-11-18,Standard,11554.23
4450,Riley Lopez,riley.lopez4450@example.com,UK,2021-04-10,Basic,12894.79
4451,Lucas Smith,lucas.smith4451@example.com,BR,2023-09-12,Basic,4499.93
4452,Sam Smith,sam.smith4452@example.com,CA,2020-07-23,Standard,14869.39
4453,Casey Chen,casey.chen4453@example.com,IN,2020-12-01,Basic,9060.67
4454,Casey Müller,casey.müller4454@example.com,UK,2023-02-24,Standard,2525.34
4455,Morgan Smith,morgan.smith4455@example.com,IN,2026-01-06,Premium,8954.68
4456,Neha Khan,neha.khan4456@example.com,US,2025-05-21,Standard,13559.05
4457,Quinn Chen,quinn.chen4457@example.com,JP,2023-03-12,Basic,12305.29
4458,Jordan Brown,jordan.brown4458@example.com,UK,2021-07-06,Premium,9832.13
4459,Taylor Singh,taylor.singh4459@example.com,FR,2024-08-03,Standard,19757.5
4460,Arjun Müller,arjun.müller4460@example.com,IN,2026-03-14,Basic,10714.02
4461,Taylor Smith,taylor.smith4461@example.com,BR,2020-11-11,Standard,4264.62
4462,Priya Nguyen,priya.nguyen4462@example.com,DE,2021-01-22,Standard,4042.32
4463,Taylor Garcia,taylor.garcia4463@example.com,SG,2025-03-03,Standard,16664.42
4464,Sofia Garcia,sofia.garcia4464@example.com,BR,2021-02-27,Standard,11953.84
4465,Omar Kim,omar.kim4465@example.com,JP,2026-04-15,Basic,1467.06
4466,Morgan Müller,morgan.müller4466@example.com,SG,2026-07-06,Basic,1118.36
4467,Riley Lopez,riley.lopez4467@example.com,US,2021-04-11,Premium,12877.89
4468,Alex Silva,alex.silva4468@example.com,IN,2024-10-10,Standard,6993.78
4469,Riley Patel,riley.patel4469@example.com,BR,2022-06-27,Basic,3929.68
4470,Taylor Kim,taylor.kim4470@example.com,IN,2025-04-09,Basic,17226.61
4471,Priya Singh,priya.singh4471@example.com,SG,2020-05-30,Premium,6243.92
4472,Jordan Kim,jordan.kim4472@example.com,JP,2021-10-31,Basic,7177.28
4473,Jamie Brown,jamie.brown4473@example.com,FR,2023-09-25,Basic,4536.9
4474,Omar Kim,omar.kim4474@example.com,SG,2026-07-28,Basic,15182.16
4475,Taylor Garcia,taylor.garcia4475@example.com,JP,2023-02-14,Basic,4395.65
4476,Casey Garcia,casey.garcia4476@example.com,AU,2023-11-01,Premium,8787.01
4477,Quinn Patel,quinn.patel4477@example.com,SG,2022-01-24,Standard,11175.15
4478,Sam Khan,sam.khan4478@example.com,CA,2025-07-14,Standard,17965.7
4479,Taylor Lopez,taylor.lopez4479@example.com,UK,2022-02-08,Standard,16231.41
4480,Taylor Lopez,taylor.lopez4480@example.com,FR,2024-06-06,Premium,11450.39
4481,Quinn Brown,quinn.brown4481@example.com,CA,2021-02-04,Premium,14480.39
4482,Quinn Brown,quinn.brown4482@example.com,DE,2021-01-19,Standard,7822.76
4483,Jordan Chen,jordan.chen4483@example.com,DE,2020-02-05,Standard,11976.43
4484,Priya Chen,priya.chen4484@example.com,US,2026-08-01,Standard,13930.48
4485,Jamie Brown,jamie.brown4485@example.com,SG,2026-01-14,Standard,2755.45
4486,Quinn Lopez,quinn.lopez4486@example.com,US,2026-04-22,Basic,12245.02
4487,Riley Lopez,riley.lopez4487@example.com,IN,2025-03-02,Standard,12739.22
4488,Morgan Brown,morgan.brown4488@example.com,IN,2024-09-10,Standard,10189.03
4489,Sam Kim,sam.kim4489@example.com,DE,2025-04-11,Premium,18689.4
4490,Sofia Smith,sofia.smith4490@example.com,JP,2021-07-11,Premium,9602.49
4491,Avery Lopez,avery.lopez4491@example.com,CA,2020-02-15,Basic,18401.64
4492,Jamie Garcia,jamie.garcia4492@example.com,UK,2021-11-30,Basic,17027.13
4493,Quinn Patel,quinn.patel4493@example.com,SG,2025-11-21,Basic,4629.21
4494,Jordan Nguyen,jordan.nguyen4494@example.com,DE,2022-01-27,Basic,4732.04
4495,Priya Singh,priya.singh4495@example.com,US,2021-01-20,Basic,2042.57
4496,Jamie Singh,jamie.singh4496@example.com,CA,2021-11-19,Standard,15227.55
4497,Quinn Garcia,quinn.garcia4497@example.com,US,2021-10-06,Basic,5626.24
4498,Arjun Smith,arjun.smith4498@example.com,SG,2023-06-14,Standard,8256.49
4499,Sam Patel,sam.patel4499@example.com,FR,2024-10-10,Basic,1349.26
4500,Priya Nguyen,priya.nguyen4500@example.com,CA,2020-02-03,Basic,16064.0
4501,Jamie Patel,jamie.patel4501@example.com,CA,2025-07-20,Standard,3888.49
4502,Sam Kim,sam.kim4502@example.com,JP,2020-06-08,Standard,6255.37
4503,Casey Singh,casey.singh4503@example.com,AU,2021-01-17,Basic,12687.08
4504,Jordan Müller,jordan.müller4504@example.com,UK,2024-04-28,Premium,13364.58
4505,Sam Smith,sam.smith4505@example.com,DE,2023-07-27,Standard,6424.52
4506,Quinn Garcia,quinn.garcia4506@example.com,SG,2021-12-19,Premium,12701.76
4507,Riley Kim,riley.kim4507@example.com,JP,2024-04-14,Basic,7663.01
4508,Omar Chen,omar.chen4508@example.com,UK,2021-11-18,Basic,6972.13
4509,Avery Müller,avery.müller4509@example.com,BR,2021-01-17,Basic,5038.46
4510,Sam Khan,sam.khan4510@example.com,FR,2022-02-24,Basic,13552.31
4511,Avery Singh,avery.singh4511@example.com,UK,2023-02-22,Basic,12636.98
4512,Casey Singh,casey.singh4512@example.com,US,2024-03-30,Standard,13483.28
4513,Morgan Singh,morgan.singh4513@example.com,BR,2022-02-22,Premium,16128.77
4514,Avery Kim,avery.kim4514@example.com,CA,2022-05-04,Standard,7449.99
4515,Neha Nguyen,neha.nguyen4515@example.com,SG,2022-11-08,Basic,793.79
4516,Omar Brown,omar.brown4516@example.com,CA,2021-12-20,Standard,5019.33
4517,Riley Nguyen,riley.nguyen4517@example.com,SG,2021-07-01,Basic,6628.9
4518,Alex Silva,alex.silva4518@example.com,CA,2022-04-16,Standard,16432.79
4519,Alex Chen,alex.chen4519@example.com,AU,2021-10-30,Basic,12690.35
4520,Arjun Chen,arjun.chen4520@example.com,CA,2025-05-18,Basic,17319.29
4521,Avery Chen,avery.chen4521@example.com,BR,2024-09-24,Standard,6568.85
4522,Priya Chen,priya.chen4522@example.com,IN,2025-04-10,Standard,6596.34
4523,Quinn Silva,quinn.silva4523@example.com,IN,2026-02-28,Basic,4068.11
4524,Jordan Chen,jordan.chen4524@example.com,SG,2023-10-25,Standard,2770.67
4525,Sofia Kim,sofia.kim4525@example.com,CA,2023-03-12,Basic,14608.03
4526,Neha Khan,neha.khan4526@example.com,BR,2025-10-15,Standard,8622.5
4527,Quinn Silva,quinn.silva4527@example.com,US,2024-07-31,Basic,2174.51
4528,Alex Nguyen,alex.nguyen4528@example.com,SG,2020-07-29,Premium,16933.27
4529,Sofia Patel,sofia.patel4529@example.com,IN,2020-04-17,Premium,15978.5
4530,Quinn Lopez,quinn.lopez4530@example.com,JP,2021-02-24,Standard,7874.17
4531,Arjun Nguyen,arjun.nguyen4531@example.com,BR,2023-08-27,Premium,13069.75
4532,Sam Müller,sam.müller4532@example.com,FR,2024-09-26,Premium,13740.19
4533,Neha Silva,neha.silva4533@example.com,CA,2022-12-04,Basic,17742.03
4534,Riley Kim,riley.kim4534@example.com,CA,2022-04-29,Standard,12233.39
4535,Omar Chen,omar.chen4535@example.com,FR,2023-09-04,Premium,17664.72
4536,Quinn Brown,quinn.brown4536@example.com,US,2023-10-04,Standard,8200.14
4537,Avery Silva,avery.silva4537@example.com,AU,2023-06-27,Premium,2757.5
4538,Quinn Garcia,quinn.garcia4538@example.com,FR,2024-11-15,Premium,9459.0
4539,Riley Brown,riley.brown4539@example.com,JP,2021-05-24,Standard,19181.37
4540,Casey Brown,casey.brown4540@example.com,US,2022-09-12,Basic,6508.34
4541,Lucas Nguyen,lucas.nguyen4541@example.com,UK,2024-03-21,Standard,10307.54
4542,Sam Khan,sam.khan4542@example.com,BR,2022-10-18,Basic,12954.16
4543,Avery Lopez,avery.lopez4543@example.com,BR,2026-04-09,Premium,13439.91
4544,Morgan Brown,morgan.brown4544@example.com,FR,2023-12-07,Premium,427.96
4545,Sam Smith,sam.smith4545@example.com,IN,2021-08-01,Standard,11007.97
4546,Neha Chen,neha.chen4546@example.com,AU,2020-12-10,Basic,12988.02
4547,Alex Singh,alex.singh4547@example.com,FR,2024-02-19,Premium,18135.7
4548,Lucas Silva,lucas.silva4548@example.com,AU,2025-11-17,Standard,15191.78
4549,Jordan Kim,jordan.kim4549@example.com,BR,2023-09-03,Standard,2976.29
4550,Morgan Lopez,morgan.lopez4550@example.com,BR,2022-06-02,Standard,6115.69
4551,Jamie Kim,jamie.kim4551@example.com,SG,2022-11-23,Standard,10197.97
4552,Neha Lopez,neha.lopez4552@example.com,DE,2022-08-10,Premium,10767.48
4553,Casey Kim,casey.kim4553@example.com,DE,2024-02-27,Standard,13608.57
4554,Sam Silva,sam.silva4554@example.com,US,2025-01-11,Premium,16772.06
4555,Sofia Singh,sofia.singh4555@example.com,CA,2024-01-03,Standard,9257.94
4556,Omar Garcia,omar.garcia4556@example.com,BR,2021-07-10,Standard,4937.81
4557,Neha Silva,neha.silva4557@example.com,FR,2023-07-06,Basic,870.75
4558,Lucas Silva,lucas.silva4558@example.com,CA,2025-07-23,Standard,12284.85
4559,Jamie Khan,jamie.khan4559@example.com,DE,2023-03-14,Basic,14271.6
4560,Casey Chen,casey.chen4560@example.com,AU,2022-02-18,Standard,15010.6
4561,Quinn Smith,quinn.smith4561@example.com,DE,2025-05-04,Standard,9341.33
4562,Lucas Singh,lucas.singh4562@example.com,US,2022-12-22,Premium,499.42
4563,Lucas Nguyen,lucas.nguyen4563@example.com,JP,2023-12-23,Premium,6197.1
4564,Sofia Brown,sofia.brown4564@example.com,DE,2023-05-05,Premium,1566.83
4565,Lucas Kim,lucas.kim4565@example.com,DE,2020-08-31,Basic,11787.79
4566,Jordan Khan,jordan.khan4566@example.com,US,2026-05-27,Standard,14782.57
4567,Omar Brown,omar.brown4567@example.com,BR,2024-01-02,Basic,10149.5
4568,Avery Lopez,avery.lopez4568@example.com,CA,2022-12-14,Standard,4921.11
4569,Priya Khan,priya.khan4569@example.com,BR,2024-02-05,Premium,6872.03
4570,Riley Kim,riley.kim4570@example.com,UK,2024-08-12,Standard,19677.87
4571,Alex Smith,alex.smith4571@example.com,CA,2025-03-25,Premium,17116.57
4572,Sam Patel,sam.patel4572@example.com,US,2022-10-02,Standard,11719.04
4573,Arjun Nguyen,arjun.nguyen4573@example.com,IN,2020-11-18,Basic,13804.23
4574,Neha Brown,neha.brown4574@example.com,IN,2020-12-21,Basic,2080.96
4575,Priya Müller,priya.müller4575@example.com,DE,2025-01-08,Standard,8065.77
4576,Sam Singh,sam.singh4576@example.com,CA,2025-04-10,Standard,8529.75
4577,Sam Müller,sam.müller4577@example.com,BR,2025-09-24,Standard,13395.15
4578,Quinn Lopez,quinn.lopez4578@example.com,JP,2026-07-18,Standard,8027.91
4579,Neha Müller,neha.müller4579@example.com,UK,2020-03-05,Basic,7488.64
4580,Casey Brown,casey.brown4580@example.com,BR,2023-11-06,Basic,11744.03
4581,Alex Müller,alex.müller4581@example.com,SG,2020-10-04,Standard,14380.66
4582,Avery Lopez,avery.lopez4582@example.com,DE,2020-01-15,Basic,3650.59
4583,Riley Silva,riley.silva4583@example.com,BR,2023-03-16,Premium,6345.14
4584,Lucas Khan,lucas.khan4584@example.com,DE,2025-12-31,Standard,3535.97
4585,Casey Patel,casey.patel4585@example.com,CA,2020-08-12,Standard,1391.29
4586,Sam Müller,sam.müller4586@example.com,BR,2024-03-20,Premium,6201.12
4587,Jamie Silva,jamie.silva4587@example.com,DE,2022-05-23,Basic,11836.08
4588,Sam Singh,sam.singh4588@example.com,JP,2025-08-11,Standard,3394.81
4589,Sofia Singh,sofia.singh4589@example.com,CA,2021-06-09,Premium,3800.15
4590,Quinn Singh,quinn.singh4590@example.com,IN,2020-03-09,Basic,17481.54
4591,Riley Lopez,riley.lopez4591@example.com,DE,2025-08-28,Standard,12920.54
4592,Arjun Patel,arjun.patel4592@example.com,FR,2024-07-22,Standard,6236.37
4593,Lucas Silva,lucas.silva4593@example.com,CA,2021-01-26,Premium,1848.94
4594,Morgan Brown,morgan.brown4594@example.com,IN,2025-09-01,Basic,3798.57
4595,Casey Brown,casey.brown4595@example.com,FR,2024-03-11,Premium,5387.34
4596,Omar Brown,omar.brown4596@example.com,FR,2020-11-17,Standard,4240.25
4597,Arjun Khan,arjun.khan4597@example.com,UK,2021-05-02,Standard,11030.03
4598,Priya Brown,priya.brown4598@example.com,SG,2020-08-25,Basic,10474.16
4599,Sam Garcia,sam.garcia4599@example.com,FR,2024-03-16,Standard,7252.07
4600,Taylor Nguyen,taylor.nguyen4600@example.com,JP,2023-11-14,Basic,3597.4
4601,Morgan Patel,morgan.patel4601@example.com,SG,2022-06-21,Standard,10673.24
4602,Sam Müller,sam.müller4602@example.com,US,2020-08-15,Premium,19212.32
4603,Sam Singh,sam.singh4603@example.com,BR,2022-02-13,Standard,2586.35
4604,Riley Singh,riley.singh4604@example.com,UK,2021-02-25,Basic,12184.91
4605,Arjun Chen,arjun.chen4605@example.com,JP,2022-09-18,Premium,16816.31
4606,Taylor Garcia,taylor.garcia4606@example.com,IN,2025-10-10,Standard,3137.02
4607,Morgan Singh,morgan.singh4607@example.com,IN,2020-12-22,Standard,14488.4
4608,Sam Kim,sam.kim4608@example.com,DE,2020-12-09,Standard,17658.94
4609,Arjun Brown,arjun.brown4609@example.com,DE,2020-08-09,Premium,6448.52
4610,Jordan Kim,jordan.kim4610@example.com,US,2023-06-12,Standard,254.74
4611,Sofia Müller,sofia.müller4611@example.com,IN,2021-02-12,Premium,12351.95
4612,Omar Brown,omar.brown4612@example.com,SG,2026-02-26,Standard,13289.69
4613,Priya Brown,priya.brown4613@example.com,JP,2024-07-24,Basic,16796.23
4614,Omar Kim,omar.kim4614@example.com,CA,2023-08-26,Standard,2437.6
4615,Riley Chen,riley.chen4615@example.com,SG,2021-02-06,Premium,8161.86
4616,Quinn Brown,quinn.brown4616@example.com,UK,2020-08-13,Standard,6170.38
4617,Sam Chen,sam.chen4617@example.com,IN,2020-04-03,Standard,19435.39
4618,Neha Khan,neha.khan4618@example.com,BR,2021-01-17,Premium,1224.52
4619,Casey Garcia,casey.garcia4619@example.com,CA,2021-07-02,Basic,2513.78
4620,Casey Nguyen,casey.nguyen4620@example.com,FR,2021-05-30,Premium,13755.93
4621,Lucas Brown,lucas.brown4621@example.com,BR,2021-11-29,Basic,15654.17
4622,Neha Garcia,neha.garcia4622@example.com,US,2025-12-07,Premium,12646.97
4623,Lucas Chen,lucas.chen4623@example.com,IN,2020-01-16,Premium,6937.99
4624,Avery Garcia,avery.garcia4624@example.com,AU,2025-07-09,Premium,15213.26
4625,Sofia Smith,sofia.smith4625@example.com,DE,2021-10-08,Premium,658.59
4626,Sofia Singh,sofia.singh4626@example.com,FR,2023-10-23,Basic,9892.25
4627,Casey Singh,casey.singh4627@example.com,DE,2026-03-29,Standard,18788.55
4628,Casey Chen,casey.chen4628@example.com,AU,2020-12-27,Standard,6726.81
4629,Jordan Brown,jordan.brown4629@example.com,FR,2020-04-04,Basic,18598.47
4630,Neha Smith,neha.smith4630@example.com,BR,2020-06-28,Standard,11070.74
4631,Riley Garcia,riley.garcia4631@example.com,CA,2020-02-22,Standard,15674.35
4632,Jamie Silva,jamie.silva4632@example.com,CA,2025-01-21,Standard,13867.17
4633,Priya Smith,priya.smith4633@example.com,SG,2020-04-05,Standard,17418.96
4634,Priya Nguyen,priya.nguyen4634@example.com,BR,2022-11-29,Premium,753.78
4635,Neha Brown,neha.brown4635@example.com,AU,2024-11-02,Premium,4450.12
4636,Lucas Müller,lucas.müller4636@example.com,FR,2025-09-21,Standard,14573.7
4637,Neha Brown,neha.brown4637@example.com,BR,2022-08-31,Premium,4159.77
4638,Jordan Nguyen,jordan.nguyen4638@example.com,UK,2021-07-19,Basic,509.45
4639,Sam Patel,sam.patel4639@example.com,DE,2026-03-27,Standard,231.97
4640,Quinn Silva,quinn.silva4640@example.com,SG,2023-02-08,Basic,15077.06
4641,Sam Chen,sam.chen4641@example.com,SG,2020-03-04,Premium,10203.35
4642,Morgan Brown,morgan.brown4642@example.com,IN,2022-11-16,Basic,11757.93
4643,Priya Lopez,priya.lopez4643@example.com,DE,2026-04-13,Premium,19017.23
4644,Jamie Singh,jamie.singh4644@example.com,IN,2021-05-14,Standard,9219.05
4645,Jordan Brown,jordan.brown4645@example.com,DE,2023-06-14,Standard,2606.51
4646,Avery Chen,avery.chen4646@example.com,AU,2021-01-15,Basic,8206.35
4647,Morgan Khan,morgan.khan4647@example.com,US,2026-04-30,Standard,14587.82
4648,Casey Khan,casey.khan4648@example.com,BR,2025-07-14,Premium,16166.18
4649,Quinn Müller,quinn.müller4649@example.com,FR,2024-07-12,Basic,10597.97
4650,Omar Brown,omar.brown4650@example.com,BR,2021-09-03,Basic,17823.83
4651,Arjun Khan,arjun.khan4651@example.com,FR,2022-01-30,Premium,10534.47
4652,Riley Lopez,riley.lopez4652@example.com,FR,2020-01-07,Premium,10562.5
4653,Casey Kim,casey.kim4653@example.com,AU,2022-05-08,Premium,8763.95
4654,Priya Nguyen,priya.nguyen4654@example.com,FR,2023-05-05,Basic,18845.33
4655,Omar Silva,omar.silva4655@example.com,BR,2025-07-21,Basic,418.52
4656,Neha Singh,neha.singh4656@example.com,AU,2026-03-09,Premium,9618.62
4657,Quinn Lopez,quinn.lopez4657@example.com,CA,2026-06-11,Standard,16627.47
4658,Lucas Brown,lucas.brown4658@example.com,UK,2020-11-21,Premium,7180.41
4659,Morgan Patel,morgan.patel4659@example.com,JP,2023-08-13,Standard,13689.4
4660,Priya Chen,priya.chen4660@example.com,UK,2025-08-22,Basic,12471.92
4661,Quinn Müller,quinn.müller4661@example.com,JP,2023-02-06,Premium,19341.01
4662,Sam Lopez,sam.lopez4662@example.com,CA,2025-11-26,Standard,13693.89
4663,Riley Nguyen,riley.nguyen4663@example.com,JP,2023-08-16,Premium,16788.66
4664,Taylor Chen,taylor.chen4664@example.com,SG,2025-07-12,Standard,5180.58
4665,Avery Singh,avery.singh4665@example.com,SG,2024-07-22,Standard,15753.25
4666,Sam Brown,sam.brown4666@example.com,BR,2023-06-26,Premium,12246.98
4667,Sofia Müller,sofia.müller4667@example.com,SG,2024-10-14,Premium,18710.54
4668,Alex Smith,alex.smith4668@example.com,SG,2022-04-26,Standard,14741.14
4669,Riley Smith,riley.smith4669@example.com,IN,2024-06-10,Premium,16750.62
4670,Sam Lopez,sam.lopez4670@example.com,AU,2026-06-15,Standard,13061.54
4671,Casey Garcia,casey.garcia4671@example.com,CA,2021-08-15,Premium,10510.29
4672,Morgan Singh,morgan.singh4672@example.com,SG,2021-11-16,Standard,7662.33
4673,Jordan Chen,jordan.chen4673@example.com,FR,2022-11-06,Standard,13115.39
4674,Jordan Patel,jordan.patel4674@example.com,FR,2020-05-17,Standard,211.73
4675,Morgan Kim,morgan.kim4675@example.com,CA,2026-03-17,Premium,1486.19
4676,Priya Kim,priya.kim4676@example.com,JP,2022-09-18,Standard,15901.48
4677,Neha Nguyen,neha.nguyen4677@example.com,JP,2021-03-03,Standard,6559.61
4678,Quinn Nguyen,quinn.nguyen4678@example.com,US,2023-11-14,Premium,11736.12
4679,Neha Smith,neha.smith4679@example.com,SG,2024-11-26,Standard,17123.05
4680,Neha Khan,neha.khan4680@example.com,UK,2025-07-23,Premium,1009.15
4681,Priya Lopez,priya.lopez4681@example.com,DE,2024-06-06,Basic,17058.69
4682,Jamie Chen,jamie.chen4682@example.com,SG,2020-09-14,Premium,12006.05
4683,Casey Lopez,casey.lopez4683@example.com,FR,2023-11-30,Standard,8916.73
4684,Casey Müller,casey.müller4684@example.com,AU,2020-06-23,Premium,19623.25
4685,Arjun Brown,arjun.brown4685@example.com,DE,2026-03-31,Premium,17224.86
4686,Lucas Silva,lucas.silva4686@example.com,AU,2023-08-03,Basic,2818.26
4687,Riley Nguyen,riley.nguyen4687@example.com,UK,2024-09-03,Standard,4390.01
4688,Arjun Nguyen,arjun.nguyen4688@example.com,JP,2025-09-28,Standard,5807.0
4689,Neha Smith,neha.smith4689@example.com,JP,2026-04-17,Basic,15546.39
4690,Alex Silva,alex.silva4690@example.com,AU,2020-12-02,Basic,15636.47
4691,Taylor Chen,taylor.chen4691@example.com,FR,2020-09-21,Standard,9691.33
4692,Arjun Patel,arjun.patel4692@example.com,UK,2026-06-03,Basic,13775.45
4693,Jamie Patel,jamie.patel4693@example.com,CA,2021-11-07,Standard,4159.87
4694,Taylor Nguyen,taylor.nguyen4694@example.com,CA,2026-01-26,Premium,10424.27
4695,Avery Müller,avery.müller4695@example.com,AU,2026-05-25,Standard,5478.66
4696,Sofia Nguyen,sofia.nguyen4696@example.com,AU,2024-04-02,Standard,11667.86
4697,Jordan Silva,jordan.silva4697@example.com,US,2024-01-21,Standard,6094.7
4698,Quinn Khan,quinn.khan4698@example.com,DE,2023-06-07,Premium,19680.61
4699,Omar Müller,omar.müller4699@example.com,JP,2025-07-10,Premium,6758.9
4700,Omar Chen,omar.chen4700@example.com,UK,2021-07-30,Basic,103.32
4701,Quinn Chen,quinn.chen4701@example.com,US,2025-06-17,Standard,18934.85
4702,Avery Singh,avery.singh4702@example.com,IN,2023-11-17,Premium,7230.84
4703,Sofia Silva,sofia.silva4703@example.com,IN,2020-07-27,Basic,1002.39
4704,Taylor Brown,taylor.brown4704@example.com,CA,2025-03-08,Standard,17183.22
4705,Jamie Chen,jamie.chen4705@example.com,CA,2022-09-11,Basic,1481.54
4706,Quinn Lopez,quinn.lopez4706@example.com,FR,2025-06-04,Premium,3500.33
4707,Arjun Silva,arjun.silva4707@example.com,FR,2023-10-11,Standard,5128.52
4708,Avery Brown,avery.brown4708@example.com,CA,2025-06-21,Standard,1949.85
4709,Priya Khan,priya.khan4709@example.com,AU,2025-03-30,Premium,12410.51
4710,Priya Garcia,priya.garcia4710@example.com,DE,2021-08-15,Basic,7366.04
4711,Arjun Brown,arjun.brown4711@example.com,FR,2020-03-13,Basic,15010.04
4712,Arjun Silva,arjun.silva4712@example.com,SG,2023-05-19,Standard,7274.4
4713,Taylor Khan,taylor.khan4713@example.com,BR,2024-07-06,Premium,3149.91
4714,Quinn Khan,quinn.khan4714@example.com,IN,2022-03-03,Standard,3394.5
4715,Morgan Lopez,morgan.lopez4715@example.com,CA,2024-12-23,Premium,6046.63
4716,Sofia Patel,sofia.patel4716@example.com,CA,2024-06-28,Basic,19941.97
4717,Sofia Khan,sofia.khan4717@example.com,IN,2022-11-08,Basic,19582.5
4718,Lucas Lopez,lucas.lopez4718@example.com,DE,2023-04-06,Premium,11141.62
4719,Priya Chen,priya.chen4719@example.com,AU,2020-06-19,Basic,14271.71
4720,Lucas Singh,lucas.singh4720@example.com,AU,2024-07-06,Premium,2497.09
4721,Alex Kim,alex.kim4721@example.com,SG,2024-05-09,Premium,434.93
4722,Sofia Brown,sofia.brown4722@example.com,SG,2020-05-07,Basic,16935.36
4723,Taylor Silva,taylor.silva4723@example.com,US,2024-04-18,Standard,11476.93
4724,Quinn Chen,quinn.chen4724@example.com,US,2025-06-25,Basic,8677.9
4725,Riley Müller,riley.müller4725@example.com,AU,2023-07-09,Basic,2002.44
4726,Casey Patel,casey.patel4726@example.com,AU,2026-06-26,Premium,13308.42
4727,Omar Silva,omar.silva4727@example.com,BR,2022-10-20,Standard,19964.38
4728,Omar Silva,omar.silva4728@example.com,DE,2024-02-16,Basic,15921.89
4729,Omar Smith,omar.smith4729@example.com,JP,2020-08-24,Standard,2605.34
4730,Morgan Singh,morgan.singh4730@example.com,IN,2022-05-25,Premium,16026.87
4731,Taylor Kim,taylor.kim4731@example.com,SG,2020-01-30,Premium,5478.49
4732,Jordan Chen,jordan.chen4732@example.com,JP,2023-06-23,Premium,9875.35
4733,Jamie Chen,jamie.chen4733@example.com,DE,2024-11-05,Standard,17028.76
4734,Avery Brown,avery.brown4734@example.com,JP,2026-05-14,Standard,8860.51
4735,Sam Lopez,sam.lopez4735@example.com,CA,2025-10-31,Premium,3960.54
4736,Alex Khan,alex.khan4736@example.com,US,2025-02-11,Basic,14432.29
4737,Arjun Khan,arjun.khan4737@example.com,BR,2024-02-03,Basic,16284.5
4738,Neha Smith,neha.smith4738@example.com,FR,2021-12-14,Standard,3670.42
4739,Omar Kim,omar.kim4739@example.com,JP,2022-12-19,Basic,15579.15
4740,Sam Garcia,sam.garcia4740@example.com,FR,2025-11-12,Standard,8611.83
4741,Taylor Patel,taylor.patel4741@example.com,UK,2021-06-10,Premium,15945.44
4742,Riley Patel,riley.patel4742@example.com,CA,2021-11-12,Standard,17341.41
4743,Neha Patel,neha.patel4743@example.com,IN,2026-07-26,Standard,15804.88
4744,Casey Brown,casey.brown4744@example.com,SG,2023-06-07,Standard,19536.08
4745,Priya Silva,priya.silva4745@example.com,CA,2023-01-22,Standard,18298.54
4746,Morgan Garcia,morgan.garcia4746@example.com,AU,2023-07-22,Standard,5763.88
4747,Sam Patel,sam.patel4747@example.com,FR,2021-02-03,Basic,10669.85
4748,Priya Patel,priya.patel4748@example.com,DE,2024-04-13,Standard,3792.23
4749,Alex Khan,alex.khan4749@example.com,AU,2021-08-14,Premium,4161.25
4750,Taylor Lopez,taylor.lopez4750@example.com,SG,2022-06-05,Standard,16758.15
4751,Omar Müller,omar.müller4751@example.com,CA,2021-02-12,Basic,15582.96
4752,Quinn Silva,quinn.silva4752@example.com,IN,2022-12-01,Standard,13431.68
4753,Riley Smith,riley.smith4753@example.com,IN,2022-12-05,Basic,10468.44
4754,Morgan Kim,morgan.kim4754@example.com,AU,2022-12-29,Premium,17993.03
4755,Taylor Garcia,taylor.garcia4755@example.com,JP,2021-11-23,Basic,4180.82
4756,Neha Smith,neha.smith4756@example.com,DE,2020-01-07,Basic,9659.58
4757,Neha Singh,neha.singh4757@example.com,JP,2025-05-31,Premium,14659.68
4758,Alex Nguyen,alex.nguyen4758@example.com,JP,2024-11-18,Premium,19427.92
4759,Avery Silva,avery.silva4759@example.com,BR,2021-08-14,Basic,12093.82
4760,Alex Silva,,BR,2025-05-31,Basic,16774.84
4761,Omar Garcia,omar.garcia4761@example.com,IN,2025-08-05,Premium,883.84
4762,Neha Müller,neha.müller4762@example.com,US,2023-05-12,Premium,10045.03
4763,Avery Smith,avery.smith4763@example.com,DE,2021-10-24,Standard,16906.77
4764,Priya Nguyen,priya.nguyen4764@example.com,CA,2024-10-24,Standard,6005.29
4765,Sam Nguyen,sam.nguyen4765@example.com,US,2023-08-15,Basic,18128.84
4766,Avery Chen,avery.chen4766@example.com,US,2024-05-03,Standard,15931.89
4767,Jordan Chen,jordan.chen4767@example.com,JP,2020-03-04,Premium,6002.44
4768,Priya Khan,priya.khan4768@example.com,IN,2025-01-19,Basic,1108.95
4769,Sam Lopez,sam.lopez4769@example.com,AU,2026-04-07,Basic,2041.83
4770,Neha Müller,neha.müller4770@example.com,UK,2026-07-01,Standard,9317.71
4771,Alex Silva,alex.silva4771@example.com,CA,2021-12-18,Premium,19216.47
4772,Avery Patel,avery.patel4772@example.com,SG,2022-10-16,Basic,18031.5
4773,Casey Brown,casey.brown4773@example.com,UK,2024-07-02,Premium,2854.88
4774,Taylor Nguyen,taylor.nguyen4774@example.com,SG,2020-04-12,Basic,14171.39
4775,Sofia Brown,sofia.brown4775@example.com,CA,2025-10-07,Premium,2874.21
4776,Avery Kim,avery.kim4776@example.com,AU,2026-02-11,Premium,15132.31
4777,Jamie Kim,jamie.kim4777@example.com,SG,2020-12-04,Premium,8194.66
4778,Sofia Kim,sofia.kim4778@example.com,AU,2020-12-11,Standard,6264.39
4779,Quinn Nguyen,quinn.nguyen4779@example.com,SG,2022-06-10,Basic,14135.07
4780,Taylor Smith,taylor.smith4780@example.com,UK,2020-11-29,Standard,989.34
4781,Sam Garcia,sam.garcia4781@example.com,FR,2022-09-28,Premium,1781.27
4782,Priya Brown,priya.brown4782@example.com,FR,2026-07-15,Basic,9669.71
4783,Alex Kim,alex.kim4783@example.com,AU,2025-02-01,Premium,9881.0
4784,Lucas Patel,lucas.patel4784@example.com,JP,2020-04-19,Premium,701.53
4785,Omar Müller,omar.müller4785@example.com,JP,2020-08-21,Basic,6104.12
4786,Casey Singh,casey.singh4786@example.com,BR,2020-01-20,Standard,1909.79
4787,Neha Singh,neha.singh4787@example.com,FR,2022-08-07,Basic,12642.38
4788,Priya Kim,priya.kim4788@example.com,DE,2025-01-09,Standard,11194.38
4789,Taylor Müller,taylor.müller4789@example.com,JP,2024-07-11,Standard,9322.53
4790,Omar Smith,omar.smith4790@example.com,US,2024-05-07,Standard,4527.59
4791,Priya Khan,priya.khan4791@example.com,SG,2025-02-06,Basic,12718.7
4792,Avery Patel,avery.patel4792@example.com,JP,2022-08-26,Premium,4591.55
4793,Riley Singh,riley.singh4793@example.com,SG,2024-09-17,Basic,16582.91
4794,Sofia Brown,sofia.brown4794@example.com,JP,2022-12-17,Standard,2370.39
4795,Alex Singh,alex.singh4795@example.com,FR,2023-02-24,Basic,17182.77
4796,Jamie Lopez,jamie.lopez4796@example.com,JP,2022-06-08,Premium,10850.96
4797,Arjun Nguyen,arjun.nguyen4797@example.com,US,2023-10-28,Standard,3285.85
4798,Jordan Silva,jordan.silva4798@example.com,SG,2026-07-18,Standard,16361.69
4799,Jamie Silva,jamie.silva4799@example.com,BR,2021-04-25,Premium,2194.68
4800,Lucas Chen,lucas.chen4800@example.com,JP,2024-05-25,Standard,17628.2
4801,Arjun Singh,arjun.singh4801@example.com,AU,2024-09-09,Standard,9253.63
4802,Sofia Garcia,sofia.garcia4802@example.com,UK,2024-05-05,Basic,11553.47
4803,Jamie Müller,jamie.müller4803@example.com,AU,2023-01-04,Basic,543.35
4804,Morgan Chen,morgan.chen4804@example.com,US,2025-09-09,Standard,19134.93
4805,Neha Müller,neha.müller4805@example.com,AU,2024-09-03,Premium,16864.88
4806,Neha Lopez,neha.lopez4806@example.com,SG,2022-01-15,Basic,14370.68
4807,Omar Patel,omar.patel4807@example.com,DE,2025-10-28,Premium,18633.19
4808,Lucas Smith,lucas.smith4808@example.com,SG,2024-12-18,Standard,17812.89
4809,Sofia Chen,sofia.chen4809@example.com,AU,2025-04-02,Premium,15149.53
4810,Morgan Chen,morgan.chen4810@example.com,SG,2024-07-22,Premium,7556.16
4811,Lucas Silva,lucas.silva4811@example.com,SG,2022-01-22,Basic,16167.55
4812,Sofia Patel,sofia.patel4812@example.com,IN,2020-08-13,Standard,15197.82
4813,Arjun Patel,arjun.patel4813@example.com,UK,2026-03-18,Basic,8417.89
4814,Riley Khan,riley.khan4814@example.com,US,2024-07-24,Basic,19338.37
4815,Riley Singh,riley.singh4815@example.com,DE,2021-11-02,Premium,3892.22
4816,Avery Smith,avery.smith4816@example.com,UK,2022-06-02,Basic,11808.26
4817,Avery Singh,avery.singh4817@example.com,CA,2024-04-01,Premium,15760.59
4818,Alex Nguyen,alex.nguyen4818@example.com,SG,2022-11-25,Basic,4569.99
4819,Alex Nguyen,alex.nguyen4819@example.com,SG,2023-11-09,Basic,2653.77
4820,Priya Silva,priya.silva4820@example.com,FR,2024-05-23,Standard,15581.63
4821,Jamie Patel,jamie.patel4821@example.com,UK,2025-09-02,Standard,4886.68
4822,Jordan Smith,jordan.smith4822@example.com,BR,2022-12-21,Standard,10644.7
4823,Priya Singh,priya.singh4823@example.com,FR,2025-05-15,Standard,4945.91
4824,Taylor Chen,taylor.chen4824@example.com,FR,2020-02-10,Standard,3376.04
4825,Arjun Singh,arjun.singh4825@example.com,UK,2025-12-08,Premium,6513.47
4826,Sofia Nguyen,sofia.nguyen4826@example.com,CA,2021-06-24,Standard,6693.78
4827,Alex Silva,alex.silva4827@example.com,FR,2024-10-03,Basic,10624.18
4828,Sofia Müller,sofia.müller4828@example.com,BR,2020-04-22,Basic,3649.5
4829,Avery Lopez,avery.lopez4829@example.com,SG,2021-06-16,Premium,2490.75
4830,Sam Silva,sam.silva4830@example.com,US,2021-01-16,Basic,19378.33
4831,Priya Müller,priya.müller4831@example.com,BR,2024-08-25,Premium,19030.84
4832,Casey Müller,casey.müller4832@example.com,JP,2026-05-06,Basic,15545.89
4833,Riley Müller,riley.müller4833@example.com,JP,2022-04-11,Basic,1571.96
4834,Riley Singh,riley.singh4834@example.com,SG,2024-01-23,Standard,3514.94
4835,Taylor Silva,taylor.silva4835@example.com,SG,2024-05-25,Standard,6043.32
4836,Omar Smith,omar.smith4836@example.com,DE,2022-03-08,Premium,10860.94
4837,Alex Silva,alex.silva4837@example.com,US,2020-03-20,Standard,1617.69
4838,Jordan Garcia,jordan.garcia4838@example.com,FR,2025-06-20,Standard,6802.58
4839,Sam Garcia,sam.garcia4839@example.com,US,2021-08-25,Basic,3226.26
4840,Alex Patel,alex.patel4840@example.com,JP,2024-01-18,Standard,7363.15
4841,Quinn Patel,quinn.patel4841@example.com,BR,2023-02-02,Basic,9990.87
4842,Casey Khan,casey.khan4842@example.com,IN,2020-08-15,Standard,8145.53
4843,Casey Silva,casey.silva4843@example.com,AU,2020-03-14,Premium,7142.46
4844,Neha Khan,neha.khan4844@example.com,SG,2025-01-06,Standard,5551.71
4845,Jordan Kim,jordan.kim4845@example.com,BR,2020-08-14,Standard,10714.35
4846,Priya Singh,priya.singh4846@example.com,FR,2022-02-11,Premium,317.27
4847,Arjun Müller,arjun.müller4847@example.com,JP,2021-08-03,Premium,13791.45
4848,Morgan Nguyen,morgan.nguyen4848@example.com,FR,2020-02-12,Standard,1027.04
4849,Sam Singh,sam.singh4849@example.com,AU,2024-12-29,Basic,3112.91
4850,Casey Nguyen,casey.nguyen4850@example.com,JP,2020-11-05,Standard,14843.46
4851,Priya Müller,priya.müller4851@example.com,IN,2025-02-28,Premium,1958.29
4852,Jordan Lopez,jordan.lopez4852@example.com,IN,2026-05-05,Standard,9952.21
4853,Lucas Khan,lucas.khan4853@example.com,UK,2020-04-23,Basic,2626.08
4854,Sam Chen,sam.chen4854@example.com,UK,2020-07-08,Premium,16975.3
4855,Casey Müller,casey.müller4855@example.com,AU,2021-06-01,Premium,4575.55
4856,Casey Chen,casey.chen4856@example.com,JP,2020-01-16,Standard,11528.21
4857,Morgan Silva,morgan.silva4857@example.com,SG,2023-10-26,Basic,3272.43
4858,Taylor Brown,taylor.brown4858@example.com,FR,2024-03-03,Standard,16220.55
4859,Sam Nguyen,sam.nguyen4859@example.com,DE,2024-12-22,Premium,5684.33
4860,Riley Smith,riley.smith4860@example.com,JP,2023-10-01,Standard,6088.94
4861,Taylor Singh,taylor.singh4861@example.com,UK,2023-05-09,Basic,16223.52
4862,Avery Chen,avery.chen4862@example.com,BR,2021-10-11,Standard,2649.21
4863,Sam Müller,sam.müller4863@example.com,FR,2022-08-31,Basic,1448.29
4864,Jamie Khan,jamie.khan4864@example.com,SG,2025-04-08,Basic,9018.16
4865,Omar Lopez,omar.lopez4865@example.com,JP,2025-05-20,Premium,17643.28
4866,Quinn Singh,quinn.singh4866@example.com,DE,2023-06-06,Premium,12611.81
4867,Priya Singh,priya.singh4867@example.com,SG,2025-03-09,Basic,9933.38
4868,Neha Brown,neha.brown4868@example.com,JP,2021-03-27,Standard,18084.87
4869,Jamie Kim,jamie.kim4869@example.com,FR,2020-06-25,Premium,12287.0
4870,Jordan Kim,jordan.kim4870@example.com,CA,2025-12-27,Basic,424.32
4871,Jamie Garcia,jamie.garcia4871@example.com,CA,2025-04-12,Basic,17289.67
4872,Jordan Khan,jordan.khan4872@example.com,US,2020-07-23,Basic,5777.26
4873,Sam Nguyen,sam.nguyen4873@example.com,AU,2025-06-01,Premium,9583.75
4874,Casey Singh,casey.singh4874@example.com,UK,2024-07-18,Standard,13905.73
4875,Casey Garcia,casey.garcia4875@example.com,AU,2022-12-07,Basic,3118.1
4876,Jordan Kim,jordan.kim4876@example.com,BR,2022-08-03,Premium,11928.88
4877,Sam Lopez,sam.lopez4877@example.com,CA,2020-08-28,Premium,13591.46
4878,Casey Silva,casey.silva4878@example.com,DE,2021-03-21,Basic,2317.3
4879,Sofia Garcia,sofia.garcia4879@example.com,UK,2024-06-10,Standard,18233.28
4880,Quinn Silva,quinn.silva4880@example.com,AU,2024-09-20,Basic,19394.69
4881,Alex Smith,alex.smith4881@example.com,IN,2025-11-06,Standard,2561.18
4882,Avery Kim,avery.kim4882@example.com,AU,2025-11-30,Basic,5494.3
4883,Jamie Garcia,jamie.garcia4883@example.com,UK,2026-06-14,Basic,12765.56
4884,Priya Chen,priya.chen4884@example.com,BR,2024-08-28,Basic,9651.92
4885,Lucas Patel,lucas.patel4885@example.com,AU,2022-10-17,Basic,446.59
4886,Riley Garcia,riley.garcia4886@example.com,BR,2021-10-31,Basic,6058.84
4887,Avery Nguyen,avery.nguyen4887@example.com,AU,2020-02-13,Premium,14408.07
4888,Casey Chen,casey.chen4888@example.com,SG,2020-03-06,Basic,806.82
4889,Jordan Nguyen,jordan.nguyen4889@example.com,CA,2025-01-30,Standard,1397.7
4890,Jamie Singh,,UK,2025-01-23,Basic,9803.37
4891,Priya Brown,priya.brown4891@example.com,CA,2020-08-03,Basic,18425.48
4892,Riley Khan,riley.khan4892@example.com,DE,2021-05-26,Standard,12403.9
4893,Casey Lopez,casey.lopez4893@example.com,US,2024-11-08,Standard,19009.77
4894,Quinn Chen,quinn.chen4894@example.com,DE,2022-03-15,Standard,19121.36
4895,Neha Chen,neha.chen4895@example.com,US,2023-02-09,Standard,17080.75
4896,Riley Lopez,riley.lopez4896@example.com,AU,2021-12-15,Basic,9402.76
4897,Avery Brown,avery.brown4897@example.com,JP,2022-03-22,Premium,16553.35
4898,Taylor Kim,taylor.kim4898@example.com,DE,2020-03-21,Standard,4687.25
4899,Priya Kim,priya.kim4899@example.com,DE,2020-07-25,Premium,19715.92
4900,Omar Singh,omar.singh4900@example.com,IN,2022-01-02,Premium,5897.75
4901,Lucas Singh,lucas.singh4901@example.com,US,2026-05-23,Basic,7517.45
4902,Sofia Garcia,sofia.garcia4902@example.com,US,2022-09-17,Premium,6969.47
4903,Priya Patel,priya.patel4903@example.com,BR,2020-07-16,Premium,5008.34
4904,Casey Brown,casey.brown4904@example.com,IN,2020-04-26,Standard,14188.6
4905,Arjun Brown,arjun.brown4905@example.com,AU,2025-12-28,Standard,1130.07
4906,Quinn Khan,quinn.khan4906@example.com,US,2023-01-24,Premium,3088.64
4907,Jamie Brown,jamie.brown4907@example.com,BR,2023-06-05,Premium,1619.99
4908,Riley Brown,riley.brown4908@example.com,AU,2020-12-24,Premium,6448.8
4909,Jordan Silva,jordan.silva4909@example.com,FR,2020-11-04,Basic,1868.11
4910,Avery Lopez,avery.lopez4910@example.com,AU,2020-03-28,Standard,14324.16
4911,Avery Lopez,avery.lopez4911@example.com,CA,2022-11-06,Premium,12348.58
4912,Lucas Patel,lucas.patel4912@example.com,AU,2025-07-29,Standard,7190.95
4913,Taylor Nguyen,taylor.nguyen4913@example.com,BR,2022-08-02,Premium,19177.91
4914,Casey Singh,casey.singh4914@example.com,BR,2022-10-04,Premium,16805.92
4915,Omar Patel,omar.patel4915@example.com,BR,2021-07-03,Premium,13443.45
4916,Arjun Lopez,arjun.lopez4916@example.com,BR,2022-08-30,Standard,2671.89
4917,Alex Silva,alex.silva4917@example.com,BR,2020-10-26,Standard,878.63
4918,Casey Smith,casey.smith4918@example.com,AU,2026-04-22,Basic,7738.98
4919,Arjun Khan,arjun.khan4919@example.com,BR,2024-12-29,Standard,17551.43
4920,Jamie Kim,jamie.kim4920@example.com,DE,2024-09-26,Premium,18262.43
4921,Jordan Lopez,jordan.lopez4921@example.com,SG,2020-06-04,Premium,930.42
4922,Jamie Nguyen,jamie.nguyen4922@example.com,IN,2020-07-24,Basic,4370.15
4923,Casey Silva,casey.silva4923@example.com,FR,2025-11-18,Basic,11167.5
4924,Morgan Smith,morgan.smith4924@example.com,CA,2024-05-19,Basic,2335.87
4925,Avery Müller,avery.müller4925@example.com,FR,2021-04-11,Standard,19339.36
4926,Lucas Lopez,lucas.lopez4926@example.com,FR,2023-12-14,Premium,10572.47
4927,Arjun Nguyen,arjun.nguyen4927@example.com,SG,2020-07-06,Standard,12572.82
4928,Neha Brown,neha.brown4928@example.com,BR,2026-03-30,Basic,15185.34
4929,Neha Silva,neha.silva4929@example.com,UK,2025-11-16,Premium,290.03
4930,Casey Lopez,casey.lopez4930@example.com,JP,2021-10-03,Premium,14493.85
4931,Taylor Khan,taylor.khan4931@example.com,CA,2025-01-06,Premium,12663.86
4932,Sofia Kim,sofia.kim4932@example.com,AU,2024-09-16,Standard,403.97
4933,Avery Lopez,avery.lopez4933@example.com,US,2025-12-25,Premium,1041.85
4934,Neha Chen,neha.chen4934@example.com,JP,2025-11-01,Basic,11700.57
4935,Arjun Patel,arjun.patel4935@example.com,CA,2023-11-20,Standard,12170.92
4936,Morgan Nguyen,morgan.nguyen4936@example.com,JP,2020-11-21,Standard,7781.19
4937,Quinn Chen,quinn.chen4937@example.com,US,2024-11-15,Standard,10560.76
4938,Omar Silva,omar.silva4938@example.com,AU,2020-10-07,Basic,6785.64
4939,Lucas Patel,lucas.patel4939@example.com,IN,2024-10-06,Standard,7118.75
4940,Jordan Brown,jordan.brown4940@example.com,SG,2024-02-05,Standard,4184.2
4941,Jamie Kim,jamie.kim4941@example.com,IN,2025-08-25,Premium,18326.3
4942,Sofia Kim,sofia.kim4942@example.com,SG,2021-08-23,Premium,14409.2
4943,Casey Brown,casey.brown4943@example.com,FR,2023-11-18,Standard,6658.97
4944,Morgan Kim,morgan.kim4944@example.com,JP,2025-05-07,Standard,15902.31
4945,Alex Khan,alex.khan4945@example.com,DE,2021-02-11,Standard,9927.82
4946,Lucas Patel,lucas.patel4946@example.com,SG,2021-10-20,Standard,2199.24
4947,Jamie Müller,jamie.müller4947@example.com,JP,2021-09-21,Premium,17049.67
4948,Casey Singh,casey.singh4948@example.com,US,2021-07-21,Standard,19108.33
4949,Jamie Brown,jamie.brown4949@example.com,AU,2020-04-07,Basic,1203.18
4950,Priya Singh,priya.singh4950@example.com,SG,2020-05-08,Basic,19870.88
4951,Jordan Khan,jordan.khan4951@example.com,SG,2026-07-28,Basic,16866.47
4952,Lucas Nguyen,lucas.nguyen4952@example.com,JP,2022-08-28,Basic,10224.54
4953,Casey Singh,casey.singh4953@example.com,BR,2021-02-02,Standard,4330.37
4954,Morgan Singh,morgan.singh4954@example.com,DE,2025-11-25,Premium,15460.32
4955,Jordan Smith,jordan.smith4955@example.com,US,2026-07-04,Premium,5856.44
4956,Priya Garcia,priya.garcia4956@example.com,SG,2023-06-12,Basic,18739.93
4957,Alex Silva,alex.silva4957@example.com,CA,2021-03-11,Standard,19832.21
4958,Omar Brown,omar.brown4958@example.com,CA,2024-08-19,Standard,3094.45
4959,Lucas Lopez,lucas.lopez4959@example.com,DE,2024-01-11,Premium,10461.29
4960,Neha Garcia,neha.garcia4960@example.com,UK,2023-10-11,Premium,9074.22
4961,Priya Khan,priya.khan4961@example.com,BR,2020-08-16,Premium,3360.38
4962,Avery Smith,avery.smith4962@example.com,UK,2022-07-08,Standard,827.11
4963,Neha Lopez,neha.lopez4963@example.com,JP,2025-01-23,Premium,3729.82
4964,Sam Khan,sam.khan4964@example.com,AU,2025-10-25,Basic,14744.75
4965,Quinn Patel,quinn.patel4965@example.com,FR,2021-11-10,Basic,17657.11
4966,Alex Brown,alex.brown4966@example.com,IN,2024-08-17,Standard,8655.56
4967,Taylor Garcia,taylor.garcia4967@example.com,DE,2026-06-30,Premium,9781.54
4968,Jamie Singh,jamie.singh4968@example.com,JP,2020-05-17,Basic,11159.63
4969,Morgan Nguyen,morgan.nguyen4969@example.com,IN,2023-08-29,Premium,9499.03
4970,Priya Müller,priya.müller4970@example.com,CA,2023-05-25,Standard,3148.09
4971,Casey Garcia,casey.garcia4971@example.com,CA,2026-03-24,Premium,5058.69
4972,Neha Kim,neha.kim4972@example.com,IN,2022-09-27,Standard,4732.37
4973,Sam Singh,sam.singh4973@example.com,AU,2020-06-19,Premium,18863.29
4974,Taylor Müller,taylor.müller4974@example.com,US,2021-09-16,Standard,13596.85
4975,Taylor Singh,taylor.singh4975@example.com,IN,2022-10-15,Basic,11496.38
4976,Alex Nguyen,alex.nguyen4976@example.com,IN,2020-04-10,Standard,9111.29
4977,Sam Müller,sam.müller4977@example.com,SG,2021-05-23,Premium,16300.93
4978,Casey Lopez,casey.lopez4978@example.com,AU,2024-03-29,Basic,13547.0
4979,Casey Singh,casey.singh4979@example.com,JP,2024-08-03,Basic,11066.62
4980,Morgan Singh,morgan.singh4980@example.com,IN,2020-07-04,Premium,5273.58
4981,Quinn Patel,quinn.patel4981@example.com,DE,2020-10-12,Basic,2117.71
4982,Taylor Singh,taylor.singh4982@example.com,US,2023-11-01,Premium,13963.28
4983,Avery Garcia,avery.garcia4983@example.com,AU,2021-04-19,Standard,17483.79
4984,Alex Singh,alex.singh4984@example.com,CA,2025-01-18,Premium,10071.44
4985,Omar Smith,omar.smith4985@example.com,SG,2023-01-30,Premium,16143.11
4986,Neha Silva,neha.silva4986@example.com,IN,2023-04-27,Basic,16359.69
4987,Sofia Müller,sofia.müller4987@example.com,DE,2020-10-10,Premium,3998.75
4988,Quinn Brown,quinn.brown4988@example.com,BR,2023-01-18,Standard,9502.34
4989,Casey Silva,casey.silva4989@example.com,AU,2025-04-18,Basic,5412.42
4990,Jordan Silva,jordan.silva4990@example.com,CA,2020-04-21,Premium,4335.15
4991,Sofia Singh,sofia.singh4991@example.com,CA,2026-07-06,Basic,18426.09
4992,Sofia Smith,sofia.smith4992@example.com,SG,2022-07-29,Premium,12188.75
4993,Avery Nguyen,avery.nguyen4993@example.com,SG,2023-03-29,Premium,3757.15
4994,Neha Singh,neha.singh4994@example.com,IN,2020-01-18,Standard,387.58
4995,Riley Nguyen,riley.nguyen4995@example.com,JP,2023-12-07,Premium,18809.05
4996,Jordan Brown,jordan.brown4996@example.com,JP,2024-06-12,Premium,1797.4
4997,Jordan Patel,jordan.patel4997@example.com,US,2025-12-26,Basic,8150.63
4998,Priya Singh,priya.singh4998@example.com,BR,2021-01-22,Premium,6476.28
4999,Neha Smith,neha.smith4999@example.com,BR,2023-03-28,Premium,1275.59
5000,Sofia Singh,sofia.singh5000@example.com,FR,2024-06-26,Standard,12008.97
5001,Neha Khan,neha.khan5001@example.com,SG,2025-10-26,Basic,5468.9
5002,Quinn Müller,quinn.müller5002@example.com,IN,2025-03-29,Premium,17968.75
5003,Avery Nguyen,avery.nguyen5003@example.com,IN,2020-04-13,Premium,18431.0
5004,Sofia Silva,sofia.silva5004@example.com,US,2020-10-21,Standard,9751.42
5005,Avery Khan,avery.khan5005@example.com,JP,2023-07-06,Basic,18153.69
5006,Morgan Kim,morgan.kim5006@example.com,US,2024-12-24,Basic,2110.11
5007,Sam Silva,sam.silva5007@example.com,IN,2026-06-08,Basic,15189.85
5008,Jordan Smith,jordan.smith5008@example.com,CA,2020-04-06,Premium,18442.18
5009,Quinn Singh,quinn.singh5009@example.com,CA,2020-12-18,Standard,6717.04
5010,Omar Silva,omar.silva5010@example.com,CA,2022-07-20,Premium,4704.21
5011,Jamie Khan,jamie.khan5011@example.com,SG,2024-07-25,Basic,18516.07
5012,Arjun Garcia,arjun.garcia5012@example.com,DE,2026-05-13,Premium,9626.9
5013,Alex Kim,alex.kim5013@example.com,DE,2024-01-15,Premium,18142.09
5014,Jordan Singh,jordan.singh5014@example.com,SG,2026-07-26,Basic,3643.24
5015,Neha Brown,neha.brown5015@example.com,DE,2024-04-29,Basic,2277.78
5016,Lucas Khan,lucas.khan5016@example.com,JP,2022-08-22,Premium,19889.27
5017,Morgan Chen,morgan.chen5017@example.com,CA,2024-10-17,Basic,18265.12
5018,Quinn Müller,quinn.müller5018@example.com,JP,2021-09-15,Premium,15865.96
5019,Arjun Müller,arjun.müller5019@example.com,BR,2023-09-11,Basic,4909.85
5020,Casey Silva,casey.silva5020@example.com,BR,2026-03-16,Standard,13292.44
5021,Quinn Lopez,quinn.lopez5021@example.com,IN,2022-09-15,Standard,11551.31
5022,Taylor Silva,taylor.silva5022@example.com,SG,2024-05-18,Standard,18747.65
5023,Omar Smith,omar.smith5023@example.com,AU,2024-01-30,Basic,12839.62
5024,Lucas Kim,lucas.kim5024@example.com,AU,2025-03-09,Basic,2549.64
5025,Taylor Nguyen,taylor.nguyen5025@example.com,UK,2023-10-20,Premium,7894.37
5026,Morgan Brown,morgan.brown5026@example.com,CA,2024-05-29,Standard,8042.85
5027,Sofia Smith,sofia.smith5027@example.com,IN,2023-04-27,Basic,19544.75
5028,Priya Brown,priya.brown5028@example.com,JP,2020-01-21,Premium,12006.03
5029,Avery Singh,avery.singh5029@example.com,UK,2025-05-01,Basic,16806.56
5030,Taylor Lopez,taylor.lopez5030@example.com,FR,2024-06-06,Standard,19077.6
5031,Casey Brown,casey.brown5031@example.com,AU,2021-05-31,Basic,16683.33
5032,Jordan Brown,jordan.brown5032@example.com,US,2021-12-12,Standard,19699.0
5033,Alex Smith,alex.smith5033@example.com,IN,2021-03-31,Basic,15425.82
5034,Jordan Patel,jordan.patel5034@example.com,AU,2024-10-03,Premium,8334.8
5035,Sofia Kim,sofia.kim5035@example.com,FR,2022-11-22,Standard,19360.46
5036,Sam Garcia,sam.garcia5036@example.com,IN,2022-08-04,Premium,985.23
5037,Casey Khan,casey.khan5037@example.com,DE,2025-12-14,Standard,13336.89
5038,Neha Chen,neha.chen5038@example.com,SG,2020-07-28,Basic,13747.64
5039,Neha Silva,neha.silva5039@example.com,UK,2022-03-16,Basic,18646.75
5040,Sam Smith,sam.smith5040@example.com,CA,2022-12-10,Basic,2541.14
5041,Sofia Khan,sofia.khan5041@example.com,DE,2024-08-17,Standard,19390.07
5042,Omar Patel,omar.patel5042@example.com,SG,2021-07-21,Premium,19757.13
5043,Casey Garcia,casey.garcia5043@example.com,US,2024-08-09,Premium,15025.53
5044,Neha Singh,neha.singh5044@example.com,IN,2025-05-22,Standard,1309.45
5045,Avery Smith,avery.smith5045@example.com,UK,2022-02-15,Standard,5272.88
5046,Taylor Lopez,taylor.lopez5046@example.com,BR,2022-09-04,Standard,10159.52
5047,Priya Khan,priya.khan5047@example.com,SG,2020-09-27,Standard,16959.95
5048,Omar Singh,omar.singh5048@example.com,US,2022-09-25,Premium,4545.3
5049,Sam Lopez,sam.lopez5049@example.com,SG,2022-07-23,Basic,3634.71
5050,Priya Garcia,priya.garcia5050@example.com,FR,2021-09-03,Basic,16110.57
5051,Sofia Patel,sofia.patel5051@example.com,UK,2024-04-07,Basic,4845.97
5052,Quinn Chen,quinn.chen5052@example.com,SG,2026-05-14,Standard,16920.91
5053,Riley Garcia,riley.garcia5053@example.com,AU,2022-01-27,Basic,8318.76
5054,Quinn Singh,quinn.singh5054@example.com,CA,2025-10-31,Standard,15214.41
5055,Avery Lopez,avery.lopez5055@example.com,BR,2026-01-29,Standard,10170.55
5056,Taylor Patel,taylor.patel5056@example.com,CA,2022-06-30,Premium,974.33
5057,Quinn Smith,quinn.smith5057@example.com,SG,2025-10-29,Premium,6443.47
5058,Lucas Silva,lucas.silva5058@example.com,IN,2023-09-29,Standard,14064.49
5059,Jordan Khan,jordan.khan5059@example.com,BR,2021-11-14,Standard,10636.4
5060,Jordan Garcia,jordan.garcia5060@example.com,AU,2026-06-21,Premium,13777.5
5061,Alex Lopez,alex.lopez5061@example.com,CA,2024-05-17,Premium,9385.84
5062,Taylor Nguyen,taylor.nguyen5062@example.com,UK,2024-06-13,Standard,14510.68
5063,Morgan Garcia,morgan.garcia5063@example.com,DE,2023-08-20,Basic,5974.29
5064,Alex Garcia,alex.garcia5064@example.com,SG,2023-08-01,Standard,13174.98
5065,Lucas Silva,lucas.silva5065@example.com,DE,2025-02-08,Basic,3951.53
5066,Arjun Silva,arjun.silva5066@example.com,SG,2023-07-17,Standard,1395.59
5067,Casey Singh,casey.singh5067@example.com,JP,2023-01-08,Basic,1752.5
5068,Sam Silva,sam.silva5068@example.com,DE,2024-05-22,Standard,286.4
5069,Omar Garcia,omar.garcia5069@example.com,AU,2024-05-28,Basic,9287.18
5070,Omar Patel,omar.patel5070@example.com,IN,2021-10-18,Standard,18964.09
5071,Jamie Lopez,jamie.lopez5071@example.com,UK,2022-04-20,Premium,661.05
5072,Alex Müller,alex.müller5072@example.com,US,2024-01-20,Standard,19127.0
5073,Jordan Lopez,jordan.lopez5073@example.com,FR,2021-08-21,Basic,19281.95
5074,Quinn Khan,quinn.khan5074@example.com,FR,2021-07-24,Basic,9353.44
5075,Riley Patel,riley.patel5075@example.com,US,2025-04-16,Basic,14336.53
5076,Morgan Patel,morgan.patel5076@example.com,UK,2024-12-12,Premium,14339.57
5077,Arjun Singh,arjun.singh5077@example.com,FR,2023-11-30,Premium,3718.65
5078,Lucas Garcia,lucas.garcia5078@example.com,US,2020-09-19,Basic,9011.32
5079,Alex Müller,alex.müller5079@example.com,CA,2021-07-18,Basic,9425.71
5080,Sam Nguyen,sam.nguyen5080@example.com,UK,2025-06-30,Basic,13978.83
5081,Morgan Khan,morgan.khan5081@example.com,BR,2023-08-29,Premium,3182.35
5082,Priya Brown,priya.brown5082@example.com,AU,2021-01-09,Basic,14202.02
5083,Alex Brown,alex.brown5083@example.com,IN,2020-05-12,Basic,2340.73
5084,Jamie Lopez,jamie.lopez5084@example.com,FR,2022-11-14,Basic,2621.51
5085,Omar Garcia,omar.garcia5085@example.com,DE,2020-07-14,Premium,4235.59
5086,Alex Silva,alex.silva5086@example.com,UK,2021-06-12,Premium,6478.66
5087,Casey Lopez,casey.lopez5087@example.com,FR,2022-08-03,Premium,14122.52
5088,Morgan Khan,morgan.khan5088@example.com,CA,2021-08-06,Basic,5529.43
5089,Sofia Brown,sofia.brown5089@example.com,DE,2026-06-10,Premium,19613.19
5090,Casey Müller,casey.müller5090@example.com,US,2021-04-03,Standard,14203.81
5091,Avery Patel,avery.patel5091@example.com,BR,2024-10-12,Basic,7740.86
5092,Lucas Lopez,lucas.lopez5092@example.com,CA,2020-02-07,Premium,4166.51
5093,Alex Singh,alex.singh5093@example.com,AU,2023-02-14,Standard,1332.34
5094,Alex Nguyen,alex.nguyen5094@example.com,IN,2024-11-20,Standard,5314.87
5095,Sofia Smith,sofia.smith5095@example.com,US,2026-02-16,Standard,5838.49
5096,Priya Müller,priya.müller5096@example.com,US,2021-02-12,Standard,14590.92
5097,Taylor Silva,taylor.silva5097@example.com,BR,2023-05-11,Premium,11623.13
5098,Omar Lopez,omar.lopez5098@example.com,UK,2025-10-13,Premium,11747.65
5099,Jamie Patel,jamie.patel5099@example.com,IN,2024-01-09,Premium,6391.13
5100,Alex Khan,alex.khan5100@example.com,SG,2024-07-28,Basic,11484.26
5101,Omar Patel,omar.patel5101@example.com,DE,2021-05-15,Standard,16737.32
5102,Priya Brown,priya.brown5102@example.com,UK,2022-09-28,Basic,3294.76
5103,Jordan Brown,jordan.brown5103@example.com,FR,2026-02-23,Premium,19682.92
5104,Sofia Khan,sofia.khan5104@example.com,CA,2022-08-20,Standard,18428.62
5105,Jordan Lopez,jordan.lopez5105@example.com,CA,2025-07-28,Standard,3528.42
5106,Priya Lopez,priya.lopez5106@example.com,DE,2024-01-31,Premium,15443.19
5107,Sam Patel,sam.patel5107@example.com,AU,2021-10-13,Standard,6420.86
5108,Omar Garcia,omar.garcia5108@example.com,JP,2024-12-29,Basic,10888.79
5109,Riley Nguyen,riley.nguyen5109@example.com,US,2022-06-24,Premium,19664.32
5110,Quinn Müller,quinn.müller5110@example.com,SG,2020-03-17,Premium,446.45
5111,Arjun Müller,arjun.müller5111@example.com,FR,2020-01-29,Basic,15196.68
5112,Lucas Patel,lucas.patel5112@example.com,FR,2024-11-03,Premium,15995.49
5113,Jamie Garcia,jamie.garcia5113@example.com,UK,2022-06-20,Standard,19147.7
5114,Priya Lopez,priya.lopez5114@example.com,CA,2024-02-01,Basic,17591.67
5115,Jordan Brown,jordan.brown5115@example.com,AU,2026-04-27,Standard,8886.95
5116,Sofia Silva,sofia.silva5116@example.com,SG,2020-12-27,Premium,13628.36
5117,Sofia Chen,sofia.chen5117@example.com,FR,2022-07-04,Premium,14187.39
5118,Priya Silva,priya.silva5118@example.com,BR,2021-08-07,Standard,17487.28
5119,Priya Khan,priya.khan5119@example.com,IN,2020-12-25,Standard,61.22
5120,Arjun Müller,arjun.müller5120@example.com,SG,2025-03-18,Premium,15969.94
5121,Taylor Brown,taylor.brown5121@example.com,UK,2022-01-13,Premium,15542.92
5122,Morgan Nguyen,morgan.nguyen5122@example.com,FR,2024-03-19,Premium,204.86
5123,Morgan Singh,morgan.singh5123@example.com,JP,2024-11-07,Basic,14979.25
5124,Casey Khan,casey.khan5124@example.com,FR,2026-06-24,Basic,11754.9
5125,Avery Smith,avery.smith5125@example.com,JP,2023-02-24,Standard,18054.95
5126,Taylor Lopez,taylor.lopez5126@example.com,DE,2026-06-01,Basic,15114.27
5127,Lucas Chen,lucas.chen5127@example.com,SG,2021-06-02,Standard,2147.39
5128,Priya Lopez,priya.lopez5128@example.com,BR,2020-07-18,Premium,4264.31
5129,Lucas Lopez,lucas.lopez5129@example.com,FR,2025-10-27,Basic,7087.68
5130,Casey Müller,casey.müller5130@example.com,AU,2026-04-16,Basic,10266.43
5131,Taylor Müller,taylor.müller5131@example.com,CA,2022-08-19,Basic,9374.86
5132,Avery Smith,avery.smith5132@example.com,SG,2020-02-05,Basic,131.25
5133,Avery Silva,avery.silva5133@example.com,SG,2023-03-11,Basic,11668.73
5134,Jamie Singh,jamie.singh5134@example.com,AU,2025-03-09,Basic,18018.07
5135,Quinn Singh,quinn.singh5135@example.com,CA,2021-03-27,Premium,9065.39
5136,Riley Lopez,riley.lopez5136@example.com,BR,2021-07-08,Standard,12822.98
5137,Priya Singh,priya.singh5137@example.com,DE,2023-05-04,Standard,16615.37
5138,Taylor Lopez,taylor.lopez5138@example.com,BR,2020-05-06,Basic,5219.36
5139,Priya Chen,priya.chen5139@example.com,FR,2022-05-07,Basic,10338.71
5140,Jordan Silva,jordan.silva5140@example.com,SG,2026-06-02,Standard,7309.29
5141,Priya Silva,priya.silva5141@example.com,FR,2022-07-02,Basic,9962.74
5142,Omar Khan,omar.khan5142@example.com,FR,2020-10-22,Standard,9565.18
5143,Jamie Kim,jamie.kim5143@example.com,CA,2020-06-08,Standard,16828.12
5144,Morgan Smith,morgan.smith5144@example.com,JP,2021-02-04,Basic,16811.94
5145,Sofia Nguyen,sofia.nguyen5145@example.com,IN,2022-03-02,Standard,13168.9
5146,Alex Silva,alex.silva5146@example.com,FR,2025-12-29,Premium,7788.69
5147,Riley Garcia,riley.garcia5147@example.com,DE,2022-03-19,Basic,14246.41
5148,Priya Singh,priya.singh5148@example.com,US,2022-08-25,Premium,8205.56
5149,Priya Garcia,priya.garcia5149@example.com,FR,2023-09-26,Basic,15328.26
5150,Riley Kim,riley.kim5150@example.com,IN,2021-07-20,Basic,16033.2
5151,Priya Kim,priya.kim5151@example.com,UK,2025-02-21,Premium,6305.56
5152,Priya Patel,priya.patel5152@example.com,CA,2025-01-19,Premium,5286.51
5153,Jordan Kim,jordan.kim5153@example.com,UK,2021-06-08,Premium,5393.37
5154,Lucas Patel,lucas.patel5154@example.com,CA,2024-10-02,Basic,6628.3
5155,Jordan Chen,jordan.chen5155@example.com,DE,2024-01-02,Standard,7394.48
5156,Sofia Smith,sofia.smith5156@example.com,UK,2020-05-30,Premium,8250.91
5157,Lucas Singh,lucas.singh5157@example.com,IN,2022-03-07,Standard,19488.78
5158,Quinn Brown,quinn.brown5158@example.com,SG,2023-01-27,Standard,15993.95
5159,Taylor Garcia,taylor.garcia5159@example.com,IN,2026-03-06,Basic,5023.17
5160,Sam Khan,sam.khan5160@example.com,UK,2025-05-10,Basic,14661.76
5161,Alex Nguyen,alex.nguyen5161@example.com,AU,2020-05-01,Standard,14712.11
5162,Taylor Garcia,taylor.garcia5162@example.com,UK,2021-09-04,Basic,12999.69
5163,Alex Brown,alex.brown5163@example.com,BR,2023-04-27,Standard,8413.96
5164,Arjun Kim,arjun.kim5164@example.com,US,2022-11-17,Standard,7425.85
5165,Priya Chen,priya.chen5165@example.com,AU,2020-07-28,Premium,19392.03
5166,Morgan Lopez,morgan.lopez5166@example.com,AU,2024-10-21,Premium,10019.46
5167,Lucas Müller,lucas.müller5167@example.com,SG,2023-06-30,Premium,4680.13
5168,Casey Silva,casey.silva5168@example.com,BR,2022-02-24,Basic,14477.34
5169,Jordan Singh,jordan.singh5169@example.com,BR,2020-05-24,Premium,10414.99
5170,Avery Nguyen,avery.nguyen5170@example.com,SG,2024-03-24,Basic,13230.75
5171,Casey Nguyen,casey.nguyen5171@example.com,SG,2020-03-12,Premium,18941.57
5172,Riley Garcia,riley.garcia5172@example.com,US,2026-04-30,Standard,7521.77
5173,Priya Khan,priya.khan5173@example.com,US,2024-06-28,Premium,9185.34
5174,Jordan Nguyen,jordan.nguyen5174@example.com,JP,2020-04-07,Basic,1389.34
5175,Priya Khan,priya.khan5175@example.com,IN,2021-12-08,Premium,1163.55
5176,Morgan Singh,morgan.singh5176@example.com,CA,2020-05-15,Standard,8756.65
5177,Lucas Garcia,lucas.garcia5177@example.com,IN,2024-04-15,Premium,14575.91
5178,Morgan Khan,morgan.khan5178@example.com,DE,2022-08-05,Basic,14707.1
5179,Sam Lopez,sam.lopez5179@example.com,SG,2021-10-07,Basic,18401.3
5180,Casey Patel,casey.patel5180@example.com,US,2023-10-13,Premium,546.57
5181,Sam Garcia,sam.garcia5181@example.com,UK,2024-09-07,Premium,17324.55
5182,Casey Garcia,casey.garcia5182@example.com,FR,2022-08-13,Basic,9292.86
5183,Quinn Garcia,quinn.garcia5183@example.com,JP,2020-08-09,Standard,5757.13
5184,Priya Silva,priya.silva5184@example.com,FR,2026-01-02,Standard,15796.26
5185,Casey Smith,casey.smith5185@example.com,BR,2022-03-03,Premium,3217.65
5186,Alex Patel,alex.patel5186@example.com,UK,2024-09-22,Basic,11090.46
5187,Jamie Singh,jamie.singh5187@example.com,BR,2024-09-12,Standard,10090.23
5188,Priya Garcia,priya.garcia5188@example.com,CA,2025-07-04,Standard,312.16
5189,Omar Lopez,omar.lopez5189@example.com,US,2024-10-13,Standard,8827.22
5190,Quinn Brown,quinn.brown5190@example.com,UK,2024-01-21,Standard,4389.5
5191,Sofia Lopez,sofia.lopez5191@example.com,CA,2025-04-06,Standard,10971.73
5192,Quinn Smith,quinn.smith5192@example.com,JP,2020-01-15,Basic,13996.54
5193,Quinn Nguyen,quinn.nguyen5193@example.com,AU,2025-05-14,Standard,9190.06
5194,Jordan Nguyen,jordan.nguyen5194@example.com,IN,2021-08-05,Basic,10303.28
5195,Sofia Garcia,sofia.garcia5195@example.com,FR,2023-06-08,Premium,8007.77
5196,Jordan Chen,jordan.chen5196@example.com,UK,2025-09-30,Premium,17876.94
5197,Sam Lopez,sam.lopez5197@example.com,BR,2022-11-19,Premium,8779.06
5198,Alex Brown,alex.brown5198@example.com,DE,2025-07-11,Premium,12927.2
5199,Omar Smith,omar.smith5199@example.com,AU,2024-05-04,Basic,14358.84
5200,Alex Kim,alex.kim5200@example.com,IN,2024-07-02,Standard,6147.01
5201,Lucas Chen,lucas.chen5201@example.com,AU,2020-09-19,Premium,9350.93
5202,Morgan Patel,morgan.patel5202@example.com,UK,2022-12-11,Premium,11155.06
5203,Arjun Kim,arjun.kim5203@example.com,AU,2023-01-11,Premium,16777.18
5204,Alex Patel,alex.patel5204@example.com,SG,2020-12-16,Basic,11149.52
5205,Quinn Müller,quinn.müller5205@example.com,US,2025-11-09,Standard,105.12
5206,Taylor Silva,taylor.silva5206@example.com,US,2025-10-08,Basic,13718.84
5207,Lucas Patel,lucas.patel5207@example.com,AU,2021-11-29,Premium,9616.79
5208,Taylor Lopez,taylor.lopez5208@example.com,US,2025-04-14,Standard,1211.39
5209,Avery Kim,avery.kim5209@example.com,BR,2026-02-22,Basic,7491.15
5210,Sofia Chen,sofia.chen5210@example.com,BR,2025-01-29,Basic,3075.74
5211,Jamie Nguyen,jamie.nguyen5211@example.com,IN,2020-08-07,Standard,19490.19
5212,Sam Smith,sam.smith5212@example.com,SG,2020-01-03,Premium,13541.9
5213,Jordan Patel,jordan.patel5213@example.com,JP,2026-03-24,Basic,7274.31
5214,Riley Smith,riley.smith5214@example.com,AU,2020-07-15,Premium,6992.91
5215,Jamie Chen,jamie.chen5215@example.com,JP,2021-10-31,Basic,15263.89
5216,Avery Lopez,avery.lopez5216@example.com,SG,2021-12-20,Premium,1684.07
5217,Riley Chen,riley.chen5217@example.com,JP,2024-02-01,Basic,15821.59
5218,Lucas Singh,lucas.singh5218@example.com,JP,2023-09-29,Basic,4639.86
5219,Omar Brown,omar.brown5219@example.com,SG,2025-01-22,Basic,6219.18
5220,Riley Brown,riley.brown5220@example.com,UK,2024-04-20,Basic,13580.12
5221,Quinn Khan,quinn.khan5221@example.com,UK,2020-08-18,Standard,1713.44
5222,Jamie Patel,jamie.patel5222@example.com,AU,2022-05-15,Standard,5869.83
5223,Arjun Patel,arjun.patel5223@example.com,DE,2022-09-03,Standard,18751.77
5224,Avery Silva,avery.silva5224@example.com,BR,2024-06-07,Basic,11489.9
5225,Sofia Nguyen,sofia.nguyen5225@example.com,FR,2021-04-16,Basic,13537.39
5226,Neha Smith,neha.smith5226@example.com,FR,2023-08-04,Standard,9953.27
5227,Sam Silva,sam.silva5227@example.com,CA,2020-07-09,Standard,10443.25
5228,Neha Müller,neha.müller5228@example.com,FR,2020-11-18,Standard,5493.76
5229,Jordan Müller,jordan.müller5229@example.com,US,2022-05-16,Standard,10091.15
5230,Riley Singh,riley.singh5230@example.com,US,2023-12-27,Standard,5147.06
5231,Priya Smith,priya.smith5231@example.com,SG,2026-06-23,Basic,8762.76
5232,Riley Singh,riley.singh5232@example.com,AU,2022-09-24,Standard,2949.87
5233,Sofia Lopez,sofia.lopez5233@example.com,SG,2021-03-23,Premium,18032.18
5234,Sam Lopez,sam.lopez5234@example.com,US,2025-10-23,Standard,16023.58
5235,Sam Müller,sam.müller5235@example.com,CA,2024-08-07,Basic,8514.6
5236,Priya Chen,priya.chen5236@example.com,DE,2021-11-10,Premium,4893.12
5237,Omar Patel,omar.patel5237@example.com,FR,2022-05-08,Premium,16383.75
5238,Sofia Lopez,sofia.lopez5238@example.com,DE,2023-01-31,Basic,18743.03
5239,Alex Smith,alex.smith5239@example.com,UK,2021-08-28,Basic,17175.6
5240,Quinn Garcia,quinn.garcia5240@example.com,AU,2025-07-21,Basic,18651.93
5241,Alex Brown,alex.brown5241@example.com,AU,2023-04-29,Basic,16533.38
5242,Lucas Müller,lucas.müller5242@example.com,IN,2021-07-31,Premium,17084.61
5243,Jamie Silva,jamie.silva5243@example.com,CA,2026-01-20,Standard,8964.79
5244,Neha Smith,neha.smith5244@example.com,CA,2021-12-15,Basic,4995.74
5245,Sofia Patel,sofia.patel5245@example.com,JP,2026-02-21,Standard,13659.75
5246,Riley Patel,riley.patel5246@example.com,CA,2024-10-26,Premium,9187.32
5247,Lucas Brown,lucas.brown5247@example.com,FR,2020-07-13,Standard,6915.54
5248,Casey Chen,casey.chen5248@example.com,UK,2024-10-01,Standard,17292.24
5249,Omar Chen,omar.chen5249@example.com,FR,2025-10-24,Basic,12392.25
5250,Sofia Silva,sofia.silva5250@example.com,AU,2023-04-15,Standard,6621.32
5251,Quinn Silva,quinn.silva5251@example.com,CA,2020-10-10,Premium,5588.82
5252,Taylor Chen,taylor.chen5252@example.com,UK,2026-07-08,Basic,19675.24
5253,Omar Smith,omar.smith5253@example.com,AU,2024-11-16,Premium,13922.82
5254,Priya Khan,priya.khan5254@example.com,IN,2026-07-09,Premium,5060.8
5255,Avery Müller,avery.müller5255@example.com,SG,2020-04-21,Premium,3106.16
5256,Quinn Müller,quinn.müller5256@example.com,CA,2023-04-21,Standard,12100.65
5257,Omar Lopez,omar.lopez5257@example.com,AU,2024-07-25,Premium,18426.38
5258,Sam Brown,sam.brown5258@example.com,BR,2026-03-20,Standard,2765.26
5259,Casey Lopez,casey.lopez5259@example.com,DE,2020-09-11,Standard,613.05
5260,Omar Brown,omar.brown5260@example.com,SG,2022-10-30,Basic,653.61
5261,Priya Kim,priya.kim5261@example.com,IN,2024-03-31,Premium,2669.83
5262,Casey Silva,casey.silva5262@example.com,CA,2022-09-15,Premium,1104.51
5263,Sofia Khan,sofia.khan5263@example.com,UK,2025-07-08,Premium,10761.07
5264,Riley Singh,riley.singh5264@example.com,CA,2025-02-13,Standard,8396.48
5265,Sam Patel,sam.patel5265@example.com,UK,2020-11-09,Premium,10894.95
5266,Alex Silva,alex.silva5266@example.com,FR,2022-01-31,Basic,18086.37
5267,Jordan Nguyen,jordan.nguyen5267@example.com,BR,2020-11-13,Standard,13954.24
5268,Jamie Brown,jamie.brown5268@example.com,SG,2025-09-22,Standard,10296.31
5269,Neha Kim,neha.kim5269@example.com,AU,2024-11-08,Standard,14187.58
5270,Jamie Patel,jamie.patel5270@example.com,FR,2020-04-27,Premium,12588.15
5271,Riley Brown,riley.brown5271@example.com,UK,2020-11-07,Premium,18301.66
5272,Neha Nguyen,neha.nguyen5272@example.com,SG,2020-06-18,Standard,16691.91
5273,Quinn Nguyen,quinn.nguyen5273@example.com,SG,2025-11-24,Standard,3553.28
5274,Riley Lopez,riley.lopez5274@example.com,FR,2023-03-19,Standard,17674.4
5275,Priya Garcia,priya.garcia5275@example.com,US,2022-09-20,Premium,13413.48
5276,Riley Chen,riley.chen5276@example.com,FR,2026-03-25,Standard,1868.86
5277,Riley Kim,riley.kim5277@example.com,UK,2020-03-09,Premium,17355.84
5278,Neha Müller,neha.müller5278@example.com,BR,2023-04-15,Premium,15763.58
5279,Lucas Müller,lucas.müller5279@example.com,BR,2021-07-11,Standard,18897.58
5280,Priya Garcia,priya.garcia5280@example.com,JP,2021-08-12,Basic,9282.23
5281,Neha Smith,neha.smith5281@example.com,DE,2021-09-04,Premium,10141.09
5282,Lucas Silva,lucas.silva5282@example.com,FR,2022-07-16,Standard,8780.75
5283,Sam Lopez,sam.lopez5283@example.com,US,2024-07-23,Premium,13333.47
5284,Avery Kim,avery.kim5284@example.com,CA,2023-11-22,Basic,14099.45
5285,Lucas Kim,lucas.kim5285@example.com,AU,2024-10-07,Premium,3897.91
5286,Casey Silva,casey.silva5286@example.com,JP,2020-05-29,Premium,5131.06
5287,Morgan Brown,morgan.brown5287@example.com,FR,2023-12-31,Basic,11701.02
5288,Morgan Smith,morgan.smith5288@example.com,UK,2025-03-08,Premium,14922.01
5289,Casey Garcia,casey.garcia5289@example.com,FR,2023-11-11,Standard,18459.48
5290,Alex Singh,alex.singh5290@example.com,UK,2022-11-08,Premium,15277.88
5291,Casey Brown,casey.brown5291@example.com,AU,2023-10-15,Standard,18169.42
5292,Avery Chen,avery.chen5292@example.com,JP,2025-02-19,Basic,821.62
5293,Taylor Patel,taylor.patel5293@example.com,BR,2025-05-06,Basic,10771.87
5294,Sam Brown,sam.brown5294@example.com,SG,2024-09-21,Basic,15697.63
5295,Jamie Nguyen,jamie.nguyen5295@example.com,JP,2022-08-11,Basic,7849.93
5296,Priya Nguyen,priya.nguyen5296@example.com,SG,2020-02-11,Standard,19280.0
5297,Quinn Müller,quinn.müller5297@example.com,CA,2024-11-01,Standard,14934.91
5298,Morgan Garcia,morgan.garcia5298@example.com,UK,2020-10-15,Basic,3302.54
5299,Priya Brown,priya.brown5299@example.com,FR,2025-03-20,Basic,8782.18
5300,Alex Khan,alex.khan5300@example.com,BR,2021-10-24,Premium,13563.93
5301,Quinn Brown,quinn.brown5301@example.com,SG,2023-02-16,Premium,8463.83
5302,Jordan Silva,jordan.silva5302@example.com,BR,2020-04-08,Basic,11125.41
5303,Priya Kim,priya.kim5303@example.com,US,2020-12-14,Premium,18883.89
5304,Jordan Kim,jordan.kim5304@example.com,DE,2026-06-16,Basic,627.27
5305,Taylor Kim,taylor.kim5305@example.com,FR,2025-08-05,Premium,17349.55
5306,Neha Garcia,neha.garcia5306@example.com,FR,2022-07-05,Premium,7149.28
5307,Jordan Brown,jordan.brown5307@example.com,FR,2020-11-06,Premium,10839.72
5308,Alex Patel,alex.patel5308@example.com,AU,2022-06-13,Premium,9167.83
5309,Morgan Brown,morgan.brown5309@example.com,BR,2025-02-20,Premium,2629.54
5310,Sofia Silva,sofia.silva5310@example.com,UK,2025-09-26,Standard,1464.01
5311,Priya Nguyen,priya.nguyen5311@example.com,AU,2024-11-02,Basic,12438.85
5312,Sofia Lopez,sofia.lopez5312@example.com,SG,2023-04-26,Standard,19216.25
5313,Priya Chen,priya.chen5313@example.com,AU,2026-05-23,Standard,19526.44
5314,Alex Brown,alex.brown5314@example.com,AU,2022-09-10,Basic,12602.41
5315,Casey Chen,casey.chen5315@example.com,IN,2024-12-19,Premium,6042.23
5316,Arjun Singh,arjun.singh5316@example.com,IN,2026-04-09,Premium,12504.1
5317,Riley Lopez,riley.lopez5317@example.com,AU,2021-06-20,Basic,17072.15
5318,Arjun Garcia,arjun.garcia5318@example.com,US,2025-01-30,Basic,15484.12
5319,Riley Patel,riley.patel5319@example.com,BR,2023-07-07,Premium,17479.64
5320,Riley Patel,riley.patel5320@example.com,CA,2024-03-12,Standard,5943.15
5321,Jamie Brown,jamie.brown5321@example.com,UK,2020-09-02,Premium,855.19
5322,Casey Silva,casey.silva5322@example.com,BR,2022-12-09,Standard,4089.5
5323,Casey Singh,casey.singh5323@example.com,US,2022-02-11,Basic,7279.4
5324,Avery Garcia,avery.garcia5324@example.com,IN,2021-11-21,Basic,19840.73
5325,Jamie Smith,jamie.smith5325@example.com,UK,2026-07-14,Premium,19973.43
5326,Omar Kim,omar.kim5326@example.com,CA,2020-03-31,Basic,5047.76
5327,Riley Lopez,riley.lopez5327@example.com,IN,2026-03-09,Premium,7265.86
5328,Riley Brown,riley.brown5328@example.com,JP,2026-05-30,Standard,11680.74
5329,Jordan Lopez,jordan.lopez5329@example.com,US,2023-03-02,Standard,12175.25
5330,Quinn Patel,quinn.patel5330@example.com,UK,2022-08-27,Premium,6532.1
5331,Omar Smith,omar.smith5331@example.com,IN,2026-03-17,Basic,1784.86
5332,Taylor Kim,taylor.kim5332@example.com,CA,2022-08-13,Standard,16030.84
5333,Arjun Silva,arjun.silva5333@example.com,IN,2022-04-07,Premium,12036.49
5334,Omar Lopez,omar.lopez5334@example.com,UK,2025-03-06,Standard,10959.95
5335,Sam Garcia,sam.garcia5335@example.com,JP,2022-09-06,Standard,16396.76
5336,Taylor Patel,taylor.patel5336@example.com,UK,2020-04-16,Premium,12403.95
5337,Morgan Müller,morgan.müller5337@example.com,IN,2022-07-05,Premium,1890.73
5338,Jamie Müller,jamie.müller5338@example.com,US,2021-10-28,Basic,10536.57
5339,Jordan Müller,jordan.müller5339@example.com,FR,2025-12-03,Basic,1451.2
5340,Neha Khan,neha.khan5340@example.com,BR,2023-05-22,Standard,3197.78
5341,Taylor Chen,taylor.chen5341@example.com,IN,2026-06-16,Basic,770.2
5342,Casey Patel,casey.patel5342@example.com,DE,2022-02-26,Standard,7881.47
5343,Morgan Patel,morgan.patel5343@example.com,JP,2021-09-12,Premium,15219.49
5344,Neha Silva,neha.silva5344@example.com,US,2023-05-15,Basic,17605.92
5345,Sam Silva,sam.silva5345@example.com,IN,2020-02-16,Basic,4392.22
5346,Sam Chen,sam.chen5346@example.com,IN,2025-09-04,Standard,5846.72
5347,Priya Smith,priya.smith5347@example.com,IN,2022-09-06,Basic,4158.59
5348,Riley Smith,riley.smith5348@example.com,DE,2023-01-20,Standard,11869.05
5349,Omar Smith,omar.smith5349@example.com,JP,2020-11-09,Standard,17892.6
5350,Lucas Nguyen,lucas.nguyen5350@example.com,AU,2020-08-25,Basic,9943.83
5351,Arjun Lopez,arjun.lopez5351@example.com,UK,2024-01-06,Basic,17200.28
5352,Sofia Garcia,sofia.garcia5352@example.com,DE,2020-11-04,Standard,15130.26
5353,Morgan Patel,morgan.patel5353@example.com,BR,2020-04-16,Premium,13259.63
5354,Sam Patel,sam.patel5354@example.com,US,2023-07-16,Basic,15113.11
5355,Alex Kim,alex.kim5355@example.com,SG,2024-04-01,Premium,1255.52
5356,Neha Silva,neha.silva5356@example.com,US,2020-02-25,Standard,11896.47
5357,Quinn Nguyen,quinn.nguyen5357@example.com,SG,2024-06-13,Standard,13744.06
5358,Avery Lopez,avery.lopez5358@example.com,UK,2022-10-12,Premium,13815.93
5359,Jordan Smith,jordan.smith5359@example.com,JP,2021-03-18,Basic,13639.69
5360,Alex Smith,alex.smith5360@example.com,SG,2025-07-22,Premium,5523.25
5361,Jordan Müller,jordan.müller5361@example.com,BR,2022-03-21,Premium,3692.98
5362,Jamie Kim,jamie.kim5362@example.com,US,2024-07-21,Standard,17796.57
5363,Lucas Singh,lucas.singh5363@example.com,CA,2026-01-27,Basic,10546.35
5364,Morgan Chen,morgan.chen5364@example.com,UK,2022-09-23,Standard,6734.32
5365,Alex Chen,alex.chen5365@example.com,JP,2022-02-02,Premium,10515.75
5366,Priya Müller,priya.müller5366@example.com,UK,2024-03-11,Basic,18913.73
5367,Quinn Brown,quinn.brown5367@example.com,AU,2021-04-06,Premium,12423.11
5368,Taylor Chen,taylor.chen5368@example.com,BR,2020-04-08,Premium,18390.79
5369,Riley Kim,riley.kim5369@example.com,BR,2025-07-23,Basic,11237.83
5370,Morgan Müller,morgan.müller5370@example.com,JP,2022-03-11,Standard,17566.79
5371,Morgan Garcia,morgan.garcia5371@example.com,DE,2025-12-18,Premium,699.2
5372,Avery Nguyen,avery.nguyen5372@example.com,CA,2024-12-03,Standard,10401.69
5373,Omar Nguyen,omar.nguyen5373@example.com,CA,2025-10-19,Standard,14774.18
5374,Quinn Patel,quinn.patel5374@example.com,BR,2022-08-03,Standard,15346.14
5375,Casey Smith,casey.smith5375@example.com,BR,2022-07-22,Premium,9174.5
5376,Arjun Garcia,arjun.garcia5376@example.com,SG,2024-12-16,Standard,8022.74
5377,Taylor Singh,taylor.singh5377@example.com,AU,2025-10-03,Standard,147.17
5378,Taylor Patel,taylor.patel5378@example.com,CA,2022-11-02,Premium,7428.94
5379,Riley Müller,,IN,2023-06-30,Basic,4322.81
5380,Neha Patel,neha.patel5380@example.com,IN,2024-08-23,Basic,7655.12
5381,Taylor Singh,taylor.singh5381@example.com,BR,2020-05-07,Premium,17555.14
5382,Sam Patel,sam.patel5382@example.com,FR,2021-11-12,Standard,14982.89
5383,Alex Brown,alex.brown5383@example.com,AU,2023-10-23,Basic,12630.32
5384,Neha Brown,neha.brown5384@example.com,CA,2021-12-19,Basic,7994.82
5385,Avery Nguyen,avery.nguyen5385@example.com,FR,2022-11-12,Premium,10021.65
5386,Sam Singh,sam.singh5386@example.com,US,2022-03-23,Standard,17551.84
5387,Quinn Khan,quinn.khan5387@example.com,AU,2023-02-24,Standard,16959.61
5388,Arjun Khan,arjun.khan5388@example.com,BR,2024-10-02,Premium,226.89
5389,Alex Patel,alex.patel5389@example.com,IN,2024-08-21,Basic,19589.39
5390,Casey Silva,casey.silva5390@example.com,UK,2022-06-22,Basic,7559.32
5391,Lucas Singh,lucas.singh5391@example.com,UK,2021-02-09,Basic,17151.95
5392,Sofia Lopez,sofia.lopez5392@example.com,DE,2024-05-18,Basic,4673.49
5393,Arjun Khan,arjun.khan5393@example.com,US,2026-07-07,Standard,16762.76
5394,Sofia Smith,sofia.smith5394@example.com,SG,2022-03-04,Standard,636.06
5395,Sam Nguyen,sam.nguyen5395@example.com,AU,2020-05-15,Basic,2314.36
5396,Morgan Nguyen,morgan.nguyen5396@example.com,CA,2020-03-19,Premium,5538.14
5397,Quinn Müller,quinn.müller5397@example.com,CA,2022-02-12,Basic,19226.1
5398,Sofia Smith,sofia.smith5398@example.com,US,2024-09-16,Premium,16218.89
5399,Priya Lopez,priya.lopez5399@example.com,SG,2023-10-05,Basic,2526.07
5400,Riley Chen,riley.chen5400@example.com,AU,2022-11-10,Standard,12280.48
5401,Neha Nguyen,neha.nguyen5401@example.com,SG,2023-09-10,Standard,2806.85
5402,Sam Lopez,sam.lopez5402@example.com,JP,2023-12-19,Standard,2652.09
5403,Priya Garcia,priya.garcia5403@example.com,FR,2020-02-01,Premium,2289.31
5404,Sam Khan,sam.khan5404@example.com,JP,2022-04-18,Standard,6155.36
5405,Jamie Lopez,jamie.lopez5405@example.com,AU,2026-07-24,Premium,4722.99
5406,Taylor Nguyen,taylor.nguyen5406@example.com,DE,2026-03-06,Premium,16475.08
5407,Omar Singh,omar.singh5407@example.com,FR,2025-06-15,Basic,1867.37
5408,Jordan Smith,jordan.smith5408@example.com,IN,2024-12-27,Premium,9329.21
5409,Taylor Garcia,taylor.garcia5409@example.com,SG,2023-03-08,Basic,13139.46
5410,Sofia Nguyen,sofia.nguyen5410@example.com,IN,2022-09-07,Premium,17135.88
5411,Jamie Müller,jamie.müller5411@example.com,CA,2021-01-03,Basic,18423.98
5412,Jamie Garcia,jamie.garcia5412@example.com,DE,2023-07-07,Basic,7044.56
5413,Casey Müller,casey.müller5413@example.com,DE,2022-05-23,Standard,3421.19
5414,Lucas Lopez,lucas.lopez5414@example.com,AU,2024-07-18,Basic,9864.26
5415,Taylor Khan,,DE,2020-07-16,Premium,8320.39
5416,Priya Nguyen,priya.nguyen5416@example.com,CA,2025-02-12,Basic,9473.44
5417,Sam Brown,sam.brown5417@example.com,FR,2026-04-14,Premium,17676.45
5418,Sam Müller,sam.müller5418@example.com,JP,2020-06-02,Basic,17807.62
5419,Quinn Patel,quinn.patel5419@example.com,US,2025-06-20,Basic,11558.31
5420,Taylor Nguyen,taylor.nguyen5420@example.com,IN,2020-11-07,Standard,18663.84
5421,Quinn Singh,quinn.singh5421@example.com,BR,2020-11-30,Premium,19987.2
5422,Avery Smith,avery.smith5422@example.com,SG,2025-02-16,Standard,16014.88
5423,Riley Lopez,riley.lopez5423@example.com,CA,2025-06-27,Premium,19194.41
5424,Priya Lopez,priya.lopez5424@example.com,UK,2022-09-14,Standard,19999.78
5425,Lucas Singh,lucas.singh5425@example.com,FR,2025-07-22,Standard,144.4
5426,Lucas Müller,lucas.müller5426@example.com,FR,2021-05-10,Basic,2983.28
5427,Avery Garcia,avery.garcia5427@example.com,AU,2021-01-23,Premium,1776.6
5428,Alex Müller,alex.müller5428@example.com,UK,2021-11-10,Standard,9687.26
5429,Jordan Chen,jordan.chen5429@example.com,BR,2024-07-20,Standard,14573.86
5430,Casey Müller,casey.müller5430@example.com,BR,2024-01-16,Basic,16879.57
5431,Morgan Chen,morgan.chen5431@example.com,AU,2025-02-24,Premium,8226.85
5432,Neha Khan,neha.khan5432@example.com,FR,2021-07-01,Premium,15382.29
5433,Alex Smith,alex.smith5433@example.com,DE,2025-04-18,Premium,16647.73
5434,Alex Silva,alex.silva5434@example.com,US,2022-10-04,Standard,10427.73
5435,Jordan Müller,jordan.müller5435@example.com,FR,2024-09-03,Basic,14115.72
5436,Omar Chen,omar.chen5436@example.com,DE,2021-11-03,Premium,9999.27
5437,Jordan Chen,jordan.chen5437@example.com,FR,2022-08-18,Standard,10116.91
5438,Casey Khan,casey.khan5438@example.com,BR,2025-07-07,Basic,6124.15
5439,Sofia Nguyen,sofia.nguyen5439@example.com,UK,2024-08-05,Standard,1232.34
5440,Lucas Singh,lucas.singh5440@example.com,CA,2023-10-25,Standard,6367.41
5441,Casey Nguyen,casey.nguyen5441@example.com,JP,2024-06-06,Standard,13555.79
5442,Sam Chen,sam.chen5442@example.com,FR,2021-10-18,Basic,2104.11
5443,Quinn Silva,quinn.silva5443@example.com,JP,2026-06-23,Standard,119.67
5444,Jordan Kim,jordan.kim5444@example.com,CA,2023-09-29,Premium,15108.18
5445,Jordan Garcia,jordan.garcia5445@example.com,BR,2022-01-05,Standard,12248.55
5446,Avery Smith,avery.smith5446@example.com,DE,2021-05-27,Basic,7809.35
5447,Quinn Brown,,UK,2024-02-29,Standard,4492.48
5448,Alex Chen,alex.chen5448@example.com,US,2025-03-05,Standard,15522.41
5449,Jordan Lopez,jordan.lopez5449@example.com,BR,2022-07-19,Standard,1776.5
5450,Priya Garcia,priya.garcia5450@example.com,UK,2023-01-18,Standard,8024.26
5451,Lucas Brown,lucas.brown5451@example.com,IN,2021-05-27,Standard,14176.4
5452,Morgan Silva,morgan.silva5452@example.com,SG,2020-04-11,Premium,14416.43
5453,Arjun Kim,arjun.kim5453@example.com,BR,2024-07-29,Basic,18617.54
5454,Morgan Garcia,morgan.garcia5454@example.com,JP,2024-11-14,Premium,4381.13
5455,Quinn Garcia,quinn.garcia5455@example.com,UK,2025-12-22,Standard,13958.18
5456,Riley Müller,riley.müller5456@example.com,DE,2025-03-21,Premium,17909.43
5457,Avery Silva,avery.silva5457@example.com,UK,2022-02-01,Standard,15030.76
5458,Morgan Patel,morgan.patel5458@example.com,US,2022-08-12,Premium,14363.34
5459,Jordan Smith,jordan.smith5459@example.com,FR,2026-07-20,Standard,2894.37
5460,Morgan Singh,morgan.singh5460@example.com,US,2022-04-17,Basic,8943.13
5461,Quinn Kim,quinn.kim5461@example.com,DE,2022-08-13,Premium,13671.86
5462,Morgan Müller,morgan.müller5462@example.com,CA,2024-02-12,Standard,12710.62
5463,Sam Garcia,sam.garcia5463@example.com,AU,2025-06-17,Basic,12537.44
5464,Alex Singh,alex.singh5464@example.com,JP,2022-06-16,Standard,2065.5
5465,Arjun Khan,arjun.khan5465@example.com,IN,2025-05-09,Standard,11448.77
5466,Neha Müller,neha.müller5466@example.com,US,2024-04-30,Standard,7422.11
5467,Arjun Singh,arjun.singh5467@example.com,CA,2021-08-13,Premium,7384.6
5468,Avery Silva,avery.silva5468@example.com,SG,2021-10-06,Standard,5822.84
5469,Priya Kim,priya.kim5469@example.com,UK,2025-01-18,Premium,12971.47
5470,Omar Müller,omar.müller5470@example.com,FR,2024-01-25,Basic,4123.36
5471,Casey Müller,casey.müller5471@example.com,FR,2022-05-24,Basic,16065.64
5472,Jordan Kim,jordan.kim5472@example.com,SG,2025-02-14,Basic,18208.06
5473,Sofia Khan,sofia.khan5473@example.com,FR,2022-06-10,Basic,4263.98
5474,Arjun Smith,arjun.smith5474@example.com,DE,2021-11-06,Premium,11897.56
5475,Arjun Chen,arjun.chen5475@example.com,BR,2023-11-15,Standard,15598.58
5476,Alex Garcia,alex.garcia5476@example.com,AU,2020-02-17,Standard,8746.44
5477,Neha Khan,neha.khan5477@example.com,US,2024-07-09,Basic,9181.97
5478,Jamie Silva,jamie.silva5478@example.com,BR,2025-04-13,Premium,17423.11
5479,Omar Kim,omar.kim5479@example.com,UK,2026-04-10,Basic,7199.58
5480,Sam Lopez,sam.lopez5480@example.com,US,2022-08-04,Basic,6732.23
5481,Jamie Garcia,jamie.garcia5481@example.com,JP,2024-04-10,Premium,3096.44
5482,Priya Brown,priya.brown5482@example.com,SG,2024-06-28,Premium,18155.51
5483,Sofia Singh,sofia.singh5483@example.com,DE,2026-06-04,Basic,19716.47
5484,Avery Chen,avery.chen5484@example.com,SG,2022-11-19,Basic,6769.5
5485,Jamie Smith,jamie.smith5485@example.com,DE,2026-03-28,Basic,6989.93
5486,Jamie Nguyen,jamie.nguyen5486@example.com,AU,2024-11-18,Basic,13075.72
5487,Morgan Patel,morgan.patel5487@example.com,JP,2020-08-26,Basic,9837.48
5488,Jordan Smith,jordan.smith5488@example.com,UK,2021-01-07,Premium,13260.62
5489,Sofia Kim,sofia.kim5489@example.com,BR,2024-03-20,Premium,13673.78
5490,Riley Brown,riley.brown5490@example.com,BR,2025-03-04,Premium,14410.34
5491,Riley Garcia,riley.garcia5491@example.com,DE,2023-03-13,Basic,9067.75
5492,Morgan Chen,morgan.chen5492@example.com,IN,2024-10-11,Basic,7859.17
5493,Taylor Chen,taylor.chen5493@example.com,IN,2020-05-16,Basic,257.01
5494,Omar Nguyen,omar.nguyen5494@example.com,US,2024-12-16,Premium,19524.44
5495,Casey Nguyen,casey.nguyen5495@example.com,CA,2023-05-31,Standard,15482.31
5496,Morgan Khan,morgan.khan5496@example.com,JP,2025-10-06,Standard,12300.05
5497,Quinn Patel,quinn.patel5497@example.com,JP,2024-10-30,Premium,15748.5
5498,Alex Chen,alex.chen5498@example.com,DE,2025-07-23,Premium,18373.22
5499,Jamie Lopez,jamie.lopez5499@example.com,AU,2026-04-09,Premium,338.86
5500,Arjun Silva,arjun.silva5500@example.com,DE,2023-01-18,Standard,8734.81
5501,Jamie Singh,jamie.singh5501@example.com,JP,2022-05-24,Basic,19210.01
5502,Avery Müller,avery.müller5502@example.com,JP,2026-02-27,Premium,14896.8
5503,Priya Garcia,priya.garcia5503@example.com,FR,2026-06-03,Premium,13200.66
5504,Neha Nguyen,neha.nguyen5504@example.com,AU,2020-12-25,Basic,3868.08
5505,Jamie Lopez,jamie.lopez5505@example.com,JP,2024-12-17,Premium,11888.63
5506,Avery Silva,avery.silva5506@example.com,CA,2022-10-02,Standard,7127.47
5507,Neha Müller,neha.müller5507@example.com,AU,2022-05-27,Basic,859.51
5508,Riley Lopez,riley.lopez5508@example.com,AU,2020-08-24,Premium,4832.89
5509,Neha Singh,neha.singh5509@example.com,BR,2021-11-08,Standard,18610.26
5510,Jamie Kim,jamie.kim5510@example.com,AU,2022-10-25,Basic,8143.72
5511,Priya Garcia,priya.garcia5511@example.com,IN,2022-02-03,Premium,13736.28
5512,Neha Smith,neha.smith5512@example.com,DE,2025-08-28,Standard,1316.78
5513,Jordan Kim,jordan.kim5513@example.com,AU,2023-06-25,Standard,12456.86
5514,Neha Nguyen,neha.nguyen5514@example.com,US,2023-05-12,Basic,16057.5
5515,Morgan Silva,morgan.silva5515@example.com,BR,2022-11-29,Standard,5560.28
5516,Omar Lopez,omar.lopez5516@example.com,SG,2021-05-16,Basic,14846.47
5517,Sam Nguyen,sam.nguyen5517@example.com,IN,2022-02-01,Premium,2360.06
5518,Priya Smith,priya.smith5518@example.com,DE,2026-06-11,Basic,8130.96
5519,Priya Brown,priya.brown5519@example.com,FR,2024-08-01,Basic,10079.03
5520,Sam Khan,sam.khan5520@example.com,SG,2020-06-30,Premium,15767.19
5521,Jamie Patel,jamie.patel5521@example.com,AU,2025-11-04,Basic,4471.14
5522,Morgan Brown,morgan.brown5522@example.com,UK,2026-02-05,Standard,14307.24
5523,Neha Smith,neha.smith5523@example.com,IN,2022-07-04,Basic,6310.22
5524,Alex Smith,alex.smith5524@example.com,UK,2026-07-28,Standard,15718.82
5525,Lucas Kim,lucas.kim5525@example.com,FR,2020-02-17,Premium,19830.79
5526,Alex Patel,alex.patel5526@example.com,UK,2023-04-20,Standard,17130.2
5527,Taylor Müller,taylor.müller5527@example.com,IN,2024-03-15,Basic,1143.24
5528,Sam Chen,sam.chen5528@example.com,CA,2026-05-16,Basic,2362.92
5529,Neha Khan,neha.khan5529@example.com,AU,2020-05-28,Standard,6754.06
5530,Taylor Khan,taylor.khan5530@example.com,SG,2022-06-30,Basic,8265.1
5531,Sofia Patel,sofia.patel5531@example.com,FR,2024-11-08,Basic,9874.48
5532,Lucas Smith,lucas.smith5532@example.com,FR,2020-02-16,Basic,6258.22
5533,Casey Chen,casey.chen5533@example.com,DE,2021-10-29,Basic,18148.09
5534,Arjun Smith,arjun.smith5534@example.com,JP,2021-02-19,Basic,8480.16
5535,Casey Chen,casey.chen5535@example.com,DE,2022-04-30,Premium,1530.8
5536,Morgan Singh,morgan.singh5536@example.com,SG,2023-12-16,Premium,19236.32
5537,Jordan Chen,jordan.chen5537@example.com,CA,2020-06-18,Basic,1090.63
5538,Morgan Silva,morgan.silva5538@example.com,IN,2025-04-13,Standard,7296.15
5539,Arjun Nguyen,arjun.nguyen5539@example.com,UK,2025-01-12,Standard,10840.98
5540,Neha Nguyen,,IN,2020-10-06,Basic,18366.88
5541,Riley Nguyen,riley.nguyen5541@example.com,UK,2020-05-14,Basic,4629.58
5542,Jordan Nguyen,jordan.nguyen5542@example.com,SG,2024-02-26,Premium,8615.06
5543,Lucas Khan,lucas.khan5543@example.com,IN,2021-11-19,Premium,2401.7
5544,Omar Smith,omar.smith5544@example.com,IN,2026-01-29,Premium,17989.39
5545,Casey Khan,casey.khan5545@example.com,DE,2022-06-26,Premium,1232.78
5546,Priya Brown,priya.brown5546@example.com,SG,2025-09-11,Standard,11637.14
5547,Casey Smith,casey.smith5547@example.com,BR,2021-09-09,Premium,2344.69
5548,Jamie Khan,jamie.khan5548@example.com,AU,2024-10-29,Basic,13179.2
5549,Taylor Smith,taylor.smith5549@example.com,SG,2024-05-03,Basic,2199.36
5550,Neha Müller,neha.müller5550@example.com,US,2023-03-26,Standard,665.29
5551,Riley Patel,riley.patel5551@example.com,IN,2021-07-31,Premium,16858.84
5552,Omar Smith,omar.smith5552@example.com,FR,2021-05-16,Standard,15731.17
5553,Taylor Lopez,taylor.lopez5553@example.com,FR,2020-02-24,Standard,5139.42
5554,Omar Smith,omar.smith5554@example.com,FR,2020-11-04,Basic,12243.14
5555,Taylor Singh,taylor.singh5555@example.com,US,2026-03-10,Premium,5499.84
5556,Priya Singh,priya.singh5556@example.com,CA,2026-05-07,Standard,645.25
5557,Neha Smith,neha.smith5557@example.com,SG,2023-09-23,Basic,742.89
5558,Casey Lopez,casey.lopez5558@example.com,JP,2022-12-10,Standard,7997.58
5559,Avery Khan,avery.khan5559@example.com,SG,2026-02-15,Standard,11451.4
5560,Jordan Silva,jordan.silva5560@example.com,CA,2021-08-03,Basic,19656.9
5561,Sam Singh,sam.singh5561@example.com,UK,2020-03-06,Standard,12424.95
5562,Sofia Khan,sofia.khan5562@example.com,JP,2024-10-31,Premium,6358.11
5563,Morgan Khan,morgan.khan5563@example.com,FR,2023-03-24,Standard,8154.42
5564,Neha Chen,neha.chen5564@example.com,IN,2023-11-15,Premium,945.68
5565,Neha Singh,neha.singh5565@example.com,JP,2021-07-23,Basic,19609.18
5566,Neha Patel,neha.patel5566@example.com,JP,2023-04-17,Basic,14258.39
5567,Priya Chen,priya.chen5567@example.com,US,2021-07-05,Basic,7779.04
5568,Sofia Nguyen,sofia.nguyen5568@example.com,IN,2021-05-10,Standard,7769.58
5569,Neha Nguyen,neha.nguyen5569@example.com,US,2022-02-15,Standard,11955.44
5570,Casey Singh,casey.singh5570@example.com,BR,2026-02-24,Basic,18353.92
5571,Omar Silva,omar.silva5571@example.com,US,2021-05-26,Standard,7423.08
5572,Riley Silva,riley.silva5572@example.com,JP,2023-04-24,Premium,3204.83
5573,Arjun Silva,arjun.silva5573@example.com,UK,2022-04-24,Premium,14350.13
5574,Casey Brown,casey.brown5574@example.com,UK,2023-01-25,Premium,19222.43
5575,Priya Garcia,priya.garcia5575@example.com,AU,2024-05-17,Premium,63.72
5576,Priya Lopez,priya.lopez5576@example.com,FR,2023-06-19,Basic,7840.05
5577,Sam Silva,sam.silva5577@example.com,UK,2021-03-18,Standard,19118.01
5578,Jordan Brown,jordan.brown5578@example.com,UK,2020-02-03,Basic,7231.61
5579,Avery Brown,avery.brown5579@example.com,DE,2020-12-25,Premium,14393.89
5580,Quinn Brown,quinn.brown5580@example.com,BR,2020-03-09,Standard,12271.76
5581,Avery Singh,avery.singh5581@example.com,UK,2022-09-19,Premium,2581.16
5582,Taylor Smith,taylor.smith5582@example.com,SG,2020-12-14,Premium,18431.07
5583,Quinn Singh,quinn.singh5583@example.com,DE,2021-03-22,Standard,18180.03
5584,Sam Singh,sam.singh5584@example.com,US,2026-01-13,Standard,10264.27
5585,Quinn Lopez,quinn.lopez5585@example.com,DE,2025-03-22,Standard,11855.23
5586,Casey Lopez,casey.lopez5586@example.com,CA,2020-07-03,Premium,1978.54
5587,Taylor Nguyen,taylor.nguyen5587@example.com,FR,2021-08-26,Premium,1899.95
5588,Lucas Chen,lucas.chen5588@example.com,SG,2025-10-18,Premium,10069.85
5589,Alex Smith,alex.smith5589@example.com,SG,2024-04-17,Premium,17237.23
5590,Riley Nguyen,riley.nguyen5590@example.com,AU,2025-03-12,Basic,15458.52
5591,Omar Kim,omar.kim5591@example.com,AU,2024-01-21,Basic,9495.75
5592,Jamie Brown,jamie.brown5592@example.com,UK,2024-09-04,Premium,15356.53
5593,Jamie Müller,jamie.müller5593@example.com,FR,2025-12-23,Premium,3948.66
5594,Lucas Khan,lucas.khan5594@example.com,UK,2023-07-12,Standard,5943.78
5595,Riley Garcia,riley.garcia5595@example.com,AU,2022-04-09,Standard,2379.26
5596,Sofia Müller,sofia.müller5596@example.com,FR,2022-02-03,Basic,553.58
5597,Jordan Kim,jordan.kim5597@example.com,CA,2023-10-09,Standard,4646.51
5598,Riley Müller,riley.müller5598@example.com,JP,2021-10-12,Premium,19740.88
5599,Sofia Nguyen,sofia.nguyen5599@example.com,JP,2024-11-17,Standard,18305.88
5600,Jordan Müller,jordan.müller5600@example.com,UK,2026-01-22,Basic,19398.88
5601,Jamie Brown,jamie.brown5601@example.com,FR,2025-01-03,Premium,14473.03
5602,Casey Smith,casey.smith5602@example.com,JP,2023-07-07,Premium,1491.49
5603,Morgan Lopez,morgan.lopez5603@example.com,BR,2026-03-25,Standard,12103.34
5604,Taylor Brown,taylor.brown5604@example.com,UK,2024-06-10,Premium,1950.87
5605,Jordan Silva,jordan.silva5605@example.com,CA,2020-12-02,Standard,15817.53
5606,Quinn Kim,quinn.kim5606@example.com,US,2021-05-13,Premium,16115.12
5607,Sam Singh,sam.singh5607@example.com,CA,2023-12-27,Premium,11838.08
5608,Neha Singh,neha.singh5608@example.com,AU,2025-03-04,Standard,5460.86
5609,Morgan Kim,morgan.kim5609@example.com,IN,2025-05-15,Premium,16224.94
5610,Arjun Kim,arjun.kim5610@example.com,DE,2022-09-22,Standard,15720.55
5611,Sofia Garcia,sofia.garcia5611@example.com,SG,2024-11-05,Basic,9374.69
5612,Sam Smith,sam.smith5612@example.com,US,2022-04-23,Basic,6085.76
5613,Jamie Singh,jamie.singh5613@example.com,SG,2025-07-25,Standard,14790.91
5614,Arjun Müller,arjun.müller5614@example.com,BR,2020-10-08,Basic,10637.13
5615,Sam Silva,sam.silva5615@example.com,FR,2024-07-10,Premium,18963.2
5616,Casey Patel,casey.patel5616@example.com,AU,2026-06-03,Basic,3111.26
5617,Quinn Kim,quinn.kim5617@example.com,JP,2024-11-25,Premium,10323.63
5618,Lucas Singh,lucas.singh5618@example.com,SG,2020-07-03,Premium,4327.01
5619,Riley Garcia,riley.garcia5619@example.com,UK,2022-07-27,Basic,6463.79
5620,Jordan Silva,jordan.silva5620@example.com,US,2023-04-02,Standard,4174.45
5621,Taylor Singh,taylor.singh5621@example.com,FR,2022-06-13,Standard,11133.73
5622,Jamie Silva,jamie.silva5622@example.com,JP,2025-07-26,Standard,177.23
5623,Alex Kim,alex.kim5623@example.com,BR,2024-04-25,Standard,17199.58
5624,Arjun Nguyen,arjun.nguyen5624@example.com,US,2020-01-16,Basic,19341.23
5625,Neha Lopez,neha.lopez5625@example.com,UK,2021-10-25,Basic,17057.37
5626,Taylor Garcia,taylor.garcia5626@example.com,FR,2021-06-04,Premium,11641.52
5627,Morgan Müller,morgan.müller5627@example.com,BR,2026-01-09,Premium,9641.19
5628,Quinn Silva,quinn.silva5628@example.com,UK,2024-10-13,Standard,14180.88
5629,Morgan Chen,morgan.chen5629@example.com,DE,2022-03-20,Premium,18130.89
5630,Arjun Khan,arjun.khan5630@example.com,SG,2024-10-30,Basic,3363.69
5631,Jordan Nguyen,jordan.nguyen5631@example.com,BR,2024-06-14,Premium,17754.51
5632,Arjun Kim,arjun.kim5632@example.com,IN,2022-01-14,Premium,5084.87
5633,Quinn Kim,quinn.kim5633@example.com,AU,2025-11-04,Basic,5578.49
5634,Sam Patel,sam.patel5634@example.com,FR,2023-06-20,Standard,7062.11
5635,Casey Singh,casey.singh5635@example.com,UK,2021-04-29,Premium,17464.72
5636,Avery Silva,avery.silva5636@example.com,FR,2020-12-27,Standard,15154.99
5637,Alex Singh,alex.singh5637@example.com,FR,2022-07-12,Standard,5085.78
5638,Taylor Patel,taylor.patel5638@example.com,BR,2023-10-16,Basic,7024.78
5639,Arjun Lopez,arjun.lopez5639@example.com,FR,2024-03-04,Basic,18644.41
5640,Riley Patel,riley.patel5640@example.com,SG,2022-10-07,Standard,11497.48
5641,Morgan Patel,morgan.patel5641@example.com,DE,2024-08-06,Premium,18196.32
5642,Neha Brown,neha.brown5642@example.com,SG,2025-07-26,Premium,9802.78
5643,Sofia Nguyen,sofia.nguyen5643@example.com,FR,2025-07-09,Standard,9787.91
5644,Morgan Brown,morgan.brown5644@example.com,FR,2024-10-07,Premium,4211.94
5645,Jamie Patel,jamie.patel5645@example.com,JP,2022-11-18,Basic,1505.83
5646,Arjun Kim,arjun.kim5646@example.com,FR,2020-04-06,Basic,13064.53
5647,Jamie Garcia,jamie.garcia5647@example.com,BR,2025-07-05,Premium,3880.17
5648,Alex Khan,alex.khan5648@example.com,JP,2024-07-21,Premium,7298.22
5649,Alex Smith,alex.smith5649@example.com,IN,2020-11-03,Premium,4517.68
5650,Taylor Brown,taylor.brown5650@example.com,CA,2025-11-23,Premium,6190.96
5651,Riley Lopez,riley.lopez5651@example.com,DE,2024-08-17,Standard,10012.86
5652,Riley Patel,riley.patel5652@example.com,CA,2026-07-24,Basic,304.69
5653,Alex Lopez,alex.lopez5653@example.com,FR,2024-05-31,Premium,16014.55
5654,Neha Singh,neha.singh5654@example.com,JP,2020-03-16,Standard,16792.95
5655,Sam Brown,sam.brown5655@example.com,JP,2022-07-07,Basic,13246.54
5656,Alex Nguyen,alex.nguyen5656@example.com,JP,2026-06-02,Standard,9262.71
5657,Avery Nguyen,avery.nguyen5657@example.com,JP,2022-01-13,Premium,11701.46
5658,Neha Patel,neha.patel5658@example.com,US,2022-01-12,Premium,9188.48
5659,Omar Singh,omar.singh5659@example.com,DE,2021-12-11,Premium,7308.48
5660,Neha Chen,neha.chen5660@example.com,SG,2024-12-02,Premium,17921.31
5661,Arjun Chen,arjun.chen5661@example.com,JP,2021-02-28,Basic,16892.79
5662,Arjun Brown,arjun.brown5662@example.com,JP,2022-03-11,Premium,15376.0
5663,Lucas Silva,lucas.silva5663@example.com,US,2021-04-30,Premium,13641.75
5664,Jamie Khan,jamie.khan5664@example.com,SG,2021-01-27,Standard,13534.75
5665,Morgan Khan,morgan.khan5665@example.com,UK,2024-08-21,Premium,16352.27
5666,Omar Müller,omar.müller5666@example.com,AU,2024-07-22,Basic,11058.9
5667,Omar Patel,omar.patel5667@example.com,US,2025-11-15,Standard,13487.33
5668,Lucas Kim,lucas.kim5668@example.com,AU,2025-08-13,Standard,19726.89
5669,Lucas Chen,lucas.chen5669@example.com,CA,2022-05-20,Basic,18320.32
5670,Omar Singh,omar.singh5670@example.com,CA,2025-07-25,Premium,3405.91
5671,Morgan Garcia,morgan.garcia5671@example.com,JP,2024-06-08,Standard,13174.17
5672,Arjun Chen,arjun.chen5672@example.com,BR,2022-12-16,Basic,6728.84
5673,Sofia Khan,sofia.khan5673@example.com,BR,2024-04-26,Basic,5222.69
5674,Quinn Silva,quinn.silva5674@example.com,IN,2023-11-29,Standard,16847.09
5675,Avery Singh,avery.singh5675@example.com,JP,2022-11-01,Standard,12973.1
5676,Casey Singh,casey.singh5676@example.com,US,2024-02-02,Premium,8881.54
5677,Riley Chen,riley.chen5677@example.com,US,2026-04-09,Basic,5494.23
5678,Neha Brown,neha.brown5678@example.com,DE,2022-11-25,Standard,17556.71
5679,Avery Silva,avery.silva5679@example.com,AU,2023-02-19,Basic,17344.65
5680,Jordan Silva,jordan.silva5680@example.com,FR,2020-01-30,Standard,4629.96
5681,Morgan Kim,morgan.kim5681@example.com,FR,2024-03-03,Standard,11627.9
5682,Riley Lopez,riley.lopez5682@example.com,SG,2021-05-10,Premium,8171.28
5683,Neha Singh,neha.singh5683@example.com,FR,2020-06-24,Basic,18380.13
5684,Alex Silva,alex.silva5684@example.com,DE,2025-02-21,Premium,1154.48
5685,Quinn Patel,quinn.patel5685@example.com,AU,2020-01-06,Basic,17604.23
5686,Morgan Garcia,morgan.garcia5686@example.com,CA,2020-04-30,Standard,2112.03
5687,Casey Nguyen,casey.nguyen5687@example.com,AU,2025-10-16,Premium,17393.52
5688,Sofia Khan,sofia.khan5688@example.com,SG,2024-11-03,Premium,4081.72
5689,Jamie Nguyen,jamie.nguyen5689@example.com,JP,2023-02-25,Basic,8569.47
5690,Neha Nguyen,neha.nguyen5690@example.com,US,2022-10-11,Premium,17022.75
5691,Casey Silva,casey.silva5691@example.com,DE,2026-05-25,Basic,9517.01
5692,Taylor Brown,taylor.brown5692@example.com,SG,2021-08-23,Premium,14188.81
5693,Jamie Patel,jamie.patel5693@example.com,US,2020-12-29,Premium,3621.83
5694,Lucas Nguyen,lucas.nguyen5694@example.com,US,2025-06-01,Basic,2247.99
5695,Priya Patel,priya.patel5695@example.com,BR,2023-05-09,Basic,5284.3
5696,Sofia Silva,sofia.silva5696@example.com,SG,2025-04-06,Premium,10391.47
5697,Avery Smith,avery.smith5697@example.com,BR,2020-12-23,Standard,5069.64
5698,Priya Silva,priya.silva5698@example.com,AU,2023-01-09,Basic,18932.28
5699,Morgan Brown,morgan.brown5699@example.com,US,2023-11-09,Basic,15160.15
5700,Riley Nguyen,riley.nguyen5700@example.com,US,2022-01-30,Standard,628.42
5701,Neha Müller,neha.müller5701@example.com,JP,2023-09-30,Standard,15136.54
5702,Jordan Silva,jordan.silva5702@example.com,IN,2026-01-28,Basic,18849.54
5703,Riley Chen,riley.chen5703@example.com,UK,2022-09-06,Basic,8012.58
5704,Taylor Kim,taylor.kim5704@example.com,SG,2021-03-25,Premium,3792.68
5705,Sofia Singh,sofia.singh5705@example.com,AU,2025-11-03,Standard,19201.07
5706,Taylor Lopez,taylor.lopez5706@example.com,DE,2022-10-14,Standard,8253.96
5707,Sofia Smith,sofia.smith5707@example.com,AU,2025-08-30,Premium,9811.11
5708,Sam Smith,sam.smith5708@example.com,BR,2024-01-28,Premium,17734.63
5709,Omar Singh,omar.singh5709@example.com,US,2025-07-24,Premium,19314.08
5710,Morgan Müller,morgan.müller5710@example.com,CA,2024-12-12,Basic,14628.48
5711,Morgan Smith,morgan.smith5711@example.com,DE,2022-11-07,Basic,16836.43
5712,Arjun Silva,arjun.silva5712@example.com,DE,2024-11-07,Standard,13215.69
5713,Alex Singh,alex.singh5713@example.com,CA,2021-06-13,Standard,3734.82
5714,Jordan Chen,jordan.chen5714@example.com,US,2022-02-13,Premium,17344.08
5715,Avery Khan,avery.khan5715@example.com,BR,2022-11-15,Premium,14800.17
5716,Sam Nguyen,sam.nguyen5716@example.com,JP,2025-10-27,Standard,14934.95
5717,Quinn Singh,quinn.singh5717@example.com,CA,2020-06-19,Basic,11261.27
5718,Priya Lopez,priya.lopez5718@example.com,SG,2022-06-02,Premium,4038.06
5719,Riley Khan,riley.khan5719@example.com,US,2025-03-03,Basic,17754.92
5720,Omar Smith,omar.smith5720@example.com,AU,2021-09-24,Standard,12405.31
5721,Jordan Patel,jordan.patel5721@example.com,AU,2021-10-13,Premium,16676.43
5722,Jordan Garcia,jordan.garcia5722@example.com,SG,2024-07-05,Standard,3956.88
5723,Alex Chen,alex.chen5723@example.com,UK,2022-10-04,Standard,17001.24
5724,Neha Brown,neha.brown5724@example.com,CA,2020-01-14,Premium,635.56
5725,Taylor Brown,taylor.brown5725@example.com,CA,2020-09-03,Premium,13668.22
5726,Morgan Garcia,morgan.garcia5726@example.com,US,2021-04-26,Premium,17334.32
5727,Arjun Kim,arjun.kim5727@example.com,IN,2026-04-06,Standard,137.36
5728,Jamie Garcia,jamie.garcia5728@example.com,DE,2020-11-17,Basic,18950.05
5729,Casey Lopez,casey.lopez5729@example.com,US,2024-04-23,Basic,2569.99
5730,Jordan Singh,jordan.singh5730@example.com,FR,2021-05-24,Basic,699.03
5731,Avery Smith,avery.smith5731@example.com,AU,2023-05-02,Basic,5793.31
5732,Sofia Kim,sofia.kim5732@example.com,FR,2024-01-10,Standard,15141.92
5733,Lucas Chen,lucas.chen5733@example.com,JP,2022-04-17,Basic,16236.4
5734,Casey Singh,casey.singh5734@example.com,AU,2023-09-03,Premium,10549.02
5735,Taylor Brown,taylor.brown5735@example.com,IN,2026-01-03,Premium,9746.09
5736,Morgan Müller,,UK,2024-11-23,Standard,17046.44
5737,Arjun Patel,arjun.patel5737@example.com,FR,2023-11-07,Premium,17422.91
5738,Arjun Khan,arjun.khan5738@example.com,JP,2024-09-11,Basic,15679.68
5739,Sam Brown,sam.brown5739@example.com,AU,2020-06-17,Premium,1120.07
5740,Taylor Chen,taylor.chen5740@example.com,BR,2023-09-06,Standard,5272.95
5741,Sofia Nguyen,sofia.nguyen5741@example.com,IN,2023-10-18,Premium,16499.92
5742,Jamie Müller,jamie.müller5742@example.com,FR,2023-02-27,Basic,14802.05
5743,Priya Lopez,priya.lopez5743@example.com,US,2025-09-21,Basic,2767.79
5744,Quinn Singh,quinn.singh5744@example.com,BR,2023-04-04,Premium,4784.68
5745,Priya Smith,priya.smith5745@example.com,JP,2024-08-18,Basic,18609.1
5746,Arjun Brown,arjun.brown5746@example.com,SG,2022-05-11,Standard,17225.81
5747,Sam Smith,sam.smith5747@example.com,FR,2021-07-03,Basic,3093.24
5748,Sofia Brown,sofia.brown5748@example.com,CA,2025-01-05,Standard,12570.33
5749,Lucas Singh,lucas.singh5749@example.com,AU,2026-06-10,Premium,7430.25
5750,Taylor Garcia,taylor.garcia5750@example.com,DE,2025-10-07,Standard,3010.28
5751,Jamie Lopez,jamie.lopez5751@example.com,SG,2022-10-14,Standard,11942.9
5752,Jordan Smith,jordan.smith5752@example.com,JP,2020-09-11,Basic,5736.2
5753,Priya Brown,priya.brown5753@example.com,SG,2023-03-10,Basic,16650.95
5754,Omar Silva,omar.silva5754@example.com,CA,2021-03-08,Standard,8556.11
5755,Morgan Khan,morgan.khan5755@example.com,SG,2023-10-28,Standard,13196.87
5756,Lucas Patel,lucas.patel5756@example.com,UK,2023-09-13,Standard,11743.16
5757,Priya Smith,priya.smith5757@example.com,UK,2025-01-18,Standard,8962.69
5758,Alex Nguyen,alex.nguyen5758@example.com,CA,2021-05-22,Premium,18229.77
5759,Casey Silva,casey.silva5759@example.com,UK,2025-05-31,Standard,7240.91
5760,Sam Singh,sam.singh5760@example.com,AU,2021-04-08,Basic,12570.92
5761,Quinn Patel,quinn.patel5761@example.com,JP,2020-07-21,Premium,6812.75
5762,Arjun Brown,arjun.brown5762@example.com,FR,2022-09-12,Standard,7096.18
5763,Priya Brown,priya.brown5763@example.com,BR,2022-02-06,Premium,8508.06
5764,Morgan Kim,morgan.kim5764@example.com,AU,2025-06-04,Basic,19412.27
5765,Omar Nguyen,omar.nguyen5765@example.com,FR,2020-08-09,Basic,16416.43
5766,Arjun Smith,arjun.smith5766@example.com,CA,2026-07-05,Premium,647.89
5767,Omar Lopez,omar.lopez5767@example.com,US,2023-04-18,Premium,1635.18
5768,Sam Brown,sam.brown5768@example.com,AU,2025-04-15,Basic,6455.15
5769,Riley Patel,riley.patel5769@example.com,SG,2025-02-14,Basic,4668.7
5770,Neha Müller,neha.müller5770@example.com,BR,2020-07-08,Basic,13648.91
5771,Avery Patel,avery.patel5771@example.com,BR,2020-05-27,Basic,11536.29
5772,Arjun Khan,arjun.khan5772@example.com,US,2020-12-26,Premium,7402.65
5773,Morgan Chen,morgan.chen5773@example.com,IN,2021-01-15,Premium,7420.01
5774,Morgan Garcia,morgan.garcia5774@example.com,US,2021-10-24,Standard,5736.46
5775,Jordan Chen,jordan.chen5775@example.com,DE,2022-08-30,Basic,4381.81
5776,Omar Kim,omar.kim5776@example.com,JP,2020-06-23,Premium,18197.46
5777,Avery Müller,avery.müller5777@example.com,FR,2025-01-07,Basic,3432.72
5778,Sam Müller,sam.müller5778@example.com,FR,2022-05-15,Basic,5978.23
5779,Sofia Müller,sofia.müller5779@example.com,IN,2024-08-15,Standard,8673.92
5780,Avery Lopez,avery.lopez5780@example.com,CA,2021-07-07,Basic,207.65
5781,Avery Singh,avery.singh5781@example.com,FR,2021-01-14,Premium,5914.23
5782,Neha Nguyen,neha.nguyen5782@example.com,CA,2025-05-23,Standard,3020.54
5783,Omar Singh,omar.singh5783@example.com,CA,2020-05-02,Standard,9288.85
5784,Morgan Khan,morgan.khan5784@example.com,UK,2025-07-20,Basic,16417.6
5785,Omar Kim,omar.kim5785@example.com,JP,2023-09-02,Basic,1903.84
5786,Lucas Silva,lucas.silva5786@example.com,CA,2023-01-21,Basic,11351.24
5787,Jamie Nguyen,jamie.nguyen5787@example.com,FR,2024-12-31,Basic,1811.83
5788,Quinn Nguyen,quinn.nguyen5788@example.com,SG,2022-06-08,Basic,12351.26
5789,Priya Kim,priya.kim5789@example.com,IN,2023-09-01,Standard,16171.32
5790,Neha Singh,neha.singh5790@example.com,UK,2022-03-13,Basic,5619.02
5791,Casey Khan,casey.khan5791@example.com,BR,2026-07-17,Premium,16945.47
5792,Neha Singh,neha.singh5792@example.com,SG,2024-05-10,Standard,8395.07
5793,Sam Patel,sam.patel5793@example.com,FR,2022-01-15,Premium,11551.94
5794,Casey Kim,casey.kim5794@example.com,UK,2022-12-26,Standard,11225.69
5795,Casey Garcia,casey.garcia5795@example.com,US,2022-07-16,Standard,4195.39
5796,Lucas Lopez,lucas.lopez5796@example.com,FR,2023-01-10,Premium,19625.91
5797,Sam Kim,sam.kim5797@example.com,FR,2024-08-21,Standard,18402.35
5798,Priya Silva,priya.silva5798@example.com,FR,2022-09-28,Premium,18568.43
5799,Priya Brown,priya.brown5799@example.com,SG,2024-04-26,Basic,16011.65
5800,Priya Khan,priya.khan5800@example.com,JP,2024-06-23,Basic,16397.95
5801,Arjun Silva,arjun.silva5801@example.com,FR,2024-04-27,Basic,13556.18
5802,Jordan Brown,jordan.brown5802@example.com,AU,2020-10-01,Basic,2678.71
5803,Neha Khan,neha.khan5803@example.com,JP,2024-10-04,Standard,12800.99
5804,Quinn Kim,quinn.kim5804@example.com,BR,2022-07-07,Premium,9364.5
5805,Arjun Nguyen,arjun.nguyen5805@example.com,IN,2022-11-11,Standard,7134.88
5806,Quinn Singh,quinn.singh5806@example.com,UK,2020-06-22,Premium,5872.19
5807,Sam Khan,sam.khan5807@example.com,FR,2024-11-01,Standard,5038.7
5808,Taylor Brown,taylor.brown5808@example.com,UK,2020-07-26,Premium,6549.65
5809,Sam Chen,sam.chen5809@example.com,FR,2023-11-24,Basic,18883.93
5810,Alex Brown,alex.brown5810@example.com,BR,2024-03-12,Basic,2070.57
5811,Avery Brown,avery.brown5811@example.com,FR,2023-08-01,Premium,10891.29
5812,Quinn Kim,quinn.kim5812@example.com,UK,2022-01-31,Basic,11274.96
5813,Lucas Nguyen,lucas.nguyen5813@example.com,BR,2022-04-18,Premium,17091.46
5814,Jordan Singh,jordan.singh5814@example.com,UK,2022-04-28,Premium,10981.95
5815,Alex Nguyen,alex.nguyen5815@example.com,US,2025-09-01,Basic,19412.33
5816,Lucas Smith,lucas.smith5816@example.com,US,2024-01-29,Premium,2581.85
5817,Sam Müller,sam.müller5817@example.com,CA,2023-12-02,Standard,18008.6
5818,Jamie Chen,jamie.chen5818@example.com,BR,2024-01-22,Basic,11992.03
5819,Priya Garcia,priya.garcia5819@example.com,JP,2020-03-18,Basic,3644.8
5820,Omar Patel,omar.patel5820@example.com,IN,2023-04-02,Premium,6364.77
5821,Morgan Smith,morgan.smith5821@example.com,CA,2020-01-26,Basic,9705.4
5822,Arjun Patel,arjun.patel5822@example.com,DE,2020-06-13,Standard,1582.37
5823,Casey Garcia,casey.garcia5823@example.com,IN,2024-07-02,Basic,11774.1
5824,Jamie Brown,jamie.brown5824@example.com,DE,2025-02-26,Premium,5686.2
5825,Sofia Kim,sofia.kim5825@example.com,UK,2020-06-28,Standard,4954.29
5826,Casey Silva,casey.silva5826@example.com,CA,2022-10-16,Premium,3633.32
5827,Omar Nguyen,omar.nguyen5827@example.com,AU,2024-06-18,Premium,3551.9
5828,Morgan Nguyen,morgan.nguyen5828@example.com,IN,2024-08-22,Standard,6828.06
5829,Alex Nguyen,alex.nguyen5829@example.com,UK,2022-10-23,Standard,6550.97
5830,Priya Garcia,priya.garcia5830@example.com,BR,2025-02-14,Premium,17890.24
5831,Avery Nguyen,avery.nguyen5831@example.com,JP,2020-08-23,Premium,9121.16
5832,Priya Patel,priya.patel5832@example.com,US,2020-02-01,Standard,18073.24
5833,Omar Müller,omar.müller5833@example.com,JP,2020-06-19,Standard,11601.99
5834,Priya Silva,priya.silva5834@example.com,IN,2020-10-17,Premium,1710.42
5835,Sam Nguyen,sam.nguyen5835@example.com,JP,2022-04-09,Premium,19438.18
5836,Arjun Kim,arjun.kim5836@example.com,SG,2022-07-29,Basic,18384.92
5837,Alex Khan,alex.khan5837@example.com,AU,2023-01-21,Basic,5673.43
5838,Priya Patel,priya.patel5838@example.com,BR,2023-09-17,Standard,16363.1
5839,Sofia Chen,sofia.chen5839@example.com,CA,2022-02-10,Premium,17220.69
5840,Avery Smith,avery.smith5840@example.com,UK,2023-01-16,Premium,7949.1
5841,Quinn Nguyen,quinn.nguyen5841@example.com,FR,2023-10-01,Basic,18580.62
5842,Priya Lopez,priya.lopez5842@example.com,IN,2026-06-07,Premium,2896.56
5843,Jordan Singh,jordan.singh5843@example.com,IN,2020-09-22,Standard,14216.39
5844,Jordan Brown,jordan.brown5844@example.com,IN,2020-07-23,Basic,4466.08
5845,Jamie Nguyen,jamie.nguyen5845@example.com,AU,2022-10-12,Premium,19611.4
5846,Morgan Kim,morgan.kim5846@example.com,US,2023-07-17,Standard,14187.93
5847,Arjun Lopez,arjun.lopez5847@example.com,CA,2022-03-03,Standard,14026.12
5848,Jordan Smith,jordan.smith5848@example.com,SG,2026-01-21,Standard,2434.38
5849,Quinn Kim,quinn.kim5849@example.com,JP,2025-01-12,Premium,12813.76
5850,Casey Patel,casey.patel5850@example.com,JP,2020-02-13,Basic,5427.61
5851,Jordan Patel,jordan.patel5851@example.com,UK,2023-10-28,Basic,14016.42
5852,Riley Müller,riley.müller5852@example.com,DE,2022-05-19,Basic,16404.14
5853,Lucas Patel,lucas.patel5853@example.com,JP,2026-01-17,Standard,7644.61
5854,Taylor Silva,taylor.silva5854@example.com,BR,2024-12-25,Standard,784.36
5855,Taylor Silva,taylor.silva5855@example.com,DE,2026-04-24,Premium,659.01
5856,Sam Smith,sam.smith5856@example.com,AU,2024-01-27,Basic,1725.05
5857,Neha Chen,neha.chen5857@example.com,FR,2022-02-13,Premium,14363.62
5858,Sam Silva,sam.silva5858@example.com,SG,2022-05-17,Standard,5786.07
5859,Lucas Smith,lucas.smith5859@example.com,FR,2022-11-21,Basic,6034.55
5860,Neha Brown,neha.brown5860@example.com,CA,2023-12-24,Premium,19583.38
5861,Priya Chen,priya.chen5861@example.com,DE,2024-02-18,Standard,478.01
5862,Lucas Nguyen,lucas.nguyen5862@example.com,AU,2020-01-28,Basic,5256.15
5863,Riley Smith,riley.smith5863@example.com,JP,2026-01-12,Basic,6440.74
5864,Casey Khan,casey.khan5864@example.com,UK,2025-01-17,Premium,11640.29
5865,Riley Nguyen,riley.nguyen5865@example.com,US,2021-06-11,Basic,13170.08
5866,Sam Patel,sam.patel5866@example.com,FR,2024-11-21,Basic,17221.78
5867,Alex Lopez,alex.lopez5867@example.com,IN,2020-04-18,Basic,17728.72
5868,Avery Nguyen,avery.nguyen5868@example.com,US,2020-10-05,Basic,5602.85
5869,Alex Müller,alex.müller5869@example.com,IN,2025-03-29,Premium,1027.33
5870,Morgan Garcia,morgan.garcia5870@example.com,JP,2024-07-21,Basic,3403.36
5871,Alex Brown,alex.brown5871@example.com,FR,2025-03-06,Standard,16474.45
5872,Lucas Smith,lucas.smith5872@example.com,IN,2023-02-10,Basic,11793.96
5873,Casey Lopez,casey.lopez5873@example.com,BR,2025-09-05,Premium,17624.78
5874,Taylor Patel,taylor.patel5874@example.com,SG,2023-10-07,Standard,12967.22
5875,Neha Singh,neha.singh5875@example.com,BR,2020-04-25,Standard,9019.48
5876,Priya Chen,priya.chen5876@example.com,AU,2024-05-17,Basic,15973.23
5877,Taylor Chen,taylor.chen5877@example.com,UK,2021-09-03,Premium,7114.32
5878,Taylor Kim,taylor.kim5878@example.com,AU,2024-07-01,Premium,17116.88
5879,Sofia Singh,sofia.singh5879@example.com,FR,2021-12-16,Standard,945.43
5880,Lucas Brown,lucas.brown5880@example.com,IN,2024-10-04,Standard,14952.8
5881,Omar Khan,omar.khan5881@example.com,JP,2022-02-13,Standard,10849.73
5882,Casey Lopez,casey.lopez5882@example.com,IN,2025-06-30,Basic,9957.92
5883,Sofia Singh,sofia.singh5883@example.com,JP,2025-01-21,Basic,4813.22
5884,Priya Khan,priya.khan5884@example.com,FR,2023-06-11,Premium,10764.09
5885,Arjun Nguyen,arjun.nguyen5885@example.com,SG,2026-06-28,Basic,9420.03
5886,Taylor Garcia,taylor.garcia5886@example.com,AU,2021-08-15,Premium,16854.95
5887,Morgan Smith,morgan.smith5887@example.com,BR,2022-11-07,Standard,12826.22
5888,Taylor Garcia,taylor.garcia5888@example.com,BR,2025-07-03,Premium,11567.75
5889,Omar Chen,omar.chen5889@example.com,SG,2022-02-13,Premium,7422.74
5890,Jordan Kim,jordan.kim5890@example.com,IN,2022-10-01,Basic,9593.88
5891,Morgan Smith,morgan.smith5891@example.com,AU,2024-05-30,Basic,2695.46
5892,Lucas Brown,lucas.brown5892@example.com,DE,2022-08-22,Standard,16869.9
5893,Riley Nguyen,riley.nguyen5893@example.com,UK,2020-08-06,Premium,11984.55
5894,Quinn Müller,quinn.müller5894@example.com,JP,2022-11-04,Standard,10108.41
5895,Taylor Garcia,taylor.garcia5895@example.com,FR,2021-10-07,Standard,11838.26
5896,Morgan Singh,morgan.singh5896@example.com,AU,2021-05-15,Standard,4653.63
5897,Riley Garcia,riley.garcia5897@example.com,UK,2026-06-29,Premium,1699.95
5898,Sofia Müller,sofia.müller5898@example.com,BR,2023-10-06,Premium,15874.66
5899,Quinn Khan,quinn.khan5899@example.com,JP,2024-03-09,Basic,12985.03
5900,Priya Brown,priya.brown5900@example.com,JP,2025-07-20,Basic,9676.19
5901,Sam Silva,sam.silva5901@example.com,CA,2022-04-14,Premium,18296.83
5902,Jamie Kim,jamie.kim5902@example.com,CA,2023-07-31,Premium,7027.36
5903,Sam Patel,sam.patel5903@example.com,AU,2025-07-20,Standard,681.57
5904,Casey Silva,casey.silva5904@example.com,UK,2020-07-24,Basic,5469.89
5905,Jordan Lopez,jordan.lopez5905@example.com,DE,2024-04-07,Basic,14051.5
5906,Arjun Silva,arjun.silva5906@example.com,AU,2024-09-06,Premium,17647.11
5907,Quinn Kim,quinn.kim5907@example.com,DE,2026-06-19,Premium,8168.39
5908,Neha Silva,neha.silva5908@example.com,US,2025-11-03,Basic,6342.7
5909,Alex Nguyen,alex.nguyen5909@example.com,SG,2023-01-20,Premium,15491.51
5910,Quinn Singh,quinn.singh5910@example.com,IN,2020-09-04,Basic,1395.8
5911,Jamie Garcia,jamie.garcia5911@example.com,JP,2025-04-25,Standard,12463.56
5912,Arjun Singh,arjun.singh5912@example.com,SG,2021-09-07,Premium,18420.41
5913,Alex Patel,alex.patel5913@example.com,FR,2020-10-17,Basic,10936.67
5914,Omar Chen,omar.chen5914@example.com,SG,2021-04-10,Premium,19189.73
5915,Avery Brown,avery.brown5915@example.com,JP,2023-08-07,Premium,10596.95
5916,Sam Patel,sam.patel5916@example.com,IN,2023-08-23,Basic,10014.72
5917,Morgan Singh,morgan.singh5917@example.com,JP,2024-02-22,Standard,1111.55
5918,Sam Nguyen,sam.nguyen5918@example.com,CA,2021-10-22,Standard,3788.16
5919,Priya Brown,priya.brown5919@example.com,CA,2024-08-31,Premium,114.77
5920,Riley Patel,riley.patel5920@example.com,DE,2023-10-31,Basic,5050.68
5921,Neha Chen,neha.chen5921@example.com,UK,2021-08-13,Basic,5036.67
5922,Jamie Smith,jamie.smith5922@example.com,JP,2020-12-07,Standard,4960.1
5923,Jamie Kim,jamie.kim5923@example.com,CA,2024-04-25,Standard,18265.74
5924,Priya Singh,priya.singh5924@example.com,JP,2020-07-22,Basic,13256.72
5925,Omar Smith,omar.smith5925@example.com,DE,2026-05-26,Basic,17072.0
5926,Sam Smith,sam.smith5926@example.com,JP,2026-06-25,Standard,2211.7
5927,Morgan Brown,morgan.brown5927@example.com,UK,2020-11-01,Standard,12666.52
5928,Sam Lopez,sam.lopez5928@example.com,UK,2020-01-02,Premium,3350.88
5929,Taylor Silva,taylor.silva5929@example.com,AU,2024-06-23,Premium,7690.25
5930,Jordan Chen,jordan.chen5930@example.com,AU,2024-11-21,Standard,13305.93
5931,Sam Müller,sam.müller5931@example.com,AU,2023-01-10,Premium,3875.31
5932,Morgan Nguyen,morgan.nguyen5932@example.com,BR,2024-01-13,Basic,16082.2
5933,Casey Müller,casey.müller5933@example.com,AU,2020-10-02,Standard,18100.58
5934,Priya Müller,priya.müller5934@example.com,IN,2024-12-04,Basic,12271.85
5935,Arjun Lopez,arjun.lopez5935@example.com,JP,2026-02-25,Premium,11338.1
5936,Priya Garcia,priya.garcia5936@example.com,CA,2021-12-31,Premium,1758.6
5937,Taylor Khan,taylor.khan5937@example.com,IN,2023-03-05,Premium,11430.06
5938,Quinn Müller,quinn.müller5938@example.com,IN,2023-04-03,Premium,5720.66
5939,Sam Kim,sam.kim5939@example.com,FR,2024-01-22,Basic,14080.28
5940,Morgan Chen,morgan.chen5940@example.com,IN,2023-03-11,Premium,8273.15
5941,Casey Smith,casey.smith5941@example.com,IN,2021-10-26,Basic,659.05
5942,Sofia Singh,sofia.singh5942@example.com,US,2021-09-15,Premium,12404.63
5943,Jamie Lopez,jamie.lopez5943@example.com,CA,2024-11-20,Basic,19594.87
5944,Neha Nguyen,neha.nguyen5944@example.com,AU,2023-05-02,Basic,1528.35
5945,Casey Silva,casey.silva5945@example.com,UK,2021-05-25,Premium,13258.38
5946,Sofia Khan,sofia.khan5946@example.com,AU,2021-02-20,Standard,6277.82
5947,Quinn Lopez,quinn.lopez5947@example.com,SG,2021-05-21,Standard,3868.21
5948,Casey Lopez,casey.lopez5948@example.com,IN,2026-04-11,Basic,557.46
5949,Taylor Patel,taylor.patel5949@example.com,DE,2020-09-09,Basic,6327.18
5950,Casey Kim,casey.kim5950@example.com,IN,2024-01-11,Standard,16584.99
5951,Riley Kim,riley.kim5951@example.com,CA,2022-01-19,Basic,5051.58
5952,Alex Lopez,alex.lopez5952@example.com,UK,2021-08-27,Basic,17540.95
5953,Quinn Nguyen,quinn.nguyen5953@example.com,UK,2024-05-28,Standard,16680.93
5954,Avery Garcia,avery.garcia5954@example.com,US,2021-07-25,Standard,4975.6
5955,Quinn Garcia,quinn.garcia5955@example.com,DE,2026-01-08,Standard,8848.18
5956,Jordan Silva,jordan.silva5956@example.com,JP,2024-04-25,Premium,6253.19
5957,Casey Chen,casey.chen5957@example.com,DE,2026-01-01,Standard,12813.84
5958,Omar Lopez,omar.lopez5958@example.com,BR,2025-04-08,Standard,1083.59
5959,Lucas Silva,lucas.silva5959@example.com,UK,2020-11-03,Premium,9003.99
5960,Priya Garcia,priya.garcia5960@example.com,CA,2020-07-31,Premium,4859.98
5961,Morgan Lopez,morgan.lopez5961@example.com,US,2024-02-26,Premium,422.47
5962,Lucas Garcia,lucas.garcia5962@example.com,CA,2025-03-07,Premium,6926.07
5963,Riley Nguyen,riley.nguyen5963@example.com,AU,2023-03-31,Premium,8765.52
5964,Morgan Chen,morgan.chen5964@example.com,UK,2025-06-11,Standard,15061.49
5965,Avery Chen,avery.chen5965@example.com,FR,2023-07-30,Basic,3746.34
5966,Taylor Müller,taylor.müller5966@example.com,UK,2025-09-25,Basic,3854.95
5967,Neha Khan,neha.khan5967@example.com,DE,2021-11-12,Standard,11008.15
5968,Omar Müller,,US,2025-05-12,Basic,18376.35
5969,Quinn Garcia,quinn.garcia5969@example.com,DE,2023-12-13,Standard,15476.8
5970,Avery Patel,avery.patel5970@example.com,FR,2024-02-13,Basic,4743.53
5971,Sam Lopez,sam.lopez5971@example.com,BR,2026-06-27,Basic,3782.37
5972,Sam Khan,sam.khan5972@example.com,DE,2023-07-29,Premium,6283.61
5973,Sofia Lopez,sofia.lopez5973@example.com,US,2023-11-18,Premium,16311.16
5974,Alex Silva,alex.silva5974@example.com,JP,2024-03-15,Premium,14478.12
5975,Jamie Chen,jamie.chen5975@example.com,CA,2026-06-24,Basic,12258.52
5976,Neha Kim,neha.kim5976@example.com,AU,2025-02-11,Standard,10116.15
5977,Omar Garcia,omar.garcia5977@example.com,IN,2022-08-31,Basic,18690.56
5978,Priya Chen,priya.chen5978@example.com,AU,2020-10-25,Basic,15633.79
5979,Quinn Müller,quinn.müller5979@example.com,CA,2024-01-10,Standard,14977.64
5980,Riley Brown,riley.brown5980@example.com,SG,2023-09-25,Standard,2061.39
5981,Morgan Lopez,morgan.lopez5981@example.com,US,2023-09-03,Basic,1393.05
5982,Jamie Patel,jamie.patel5982@example.com,SG,2024-08-20,Premium,13205.97
5983,Arjun Patel,arjun.patel5983@example.com,IN,2020-04-16,Basic,8243.88
5984,Jamie Brown,jamie.brown5984@example.com,IN,2022-08-01,Standard,4626.1
5985,Arjun Lopez,arjun.lopez5985@example.com,SG,2020-02-10,Standard,14692.79
5986,Quinn Patel,,JP,2022-08-30,Standard,17663.91
5987,Casey Garcia,casey.garcia5987@example.com,DE,2022-12-04,Premium,8425.19
5988,Lucas Müller,lucas.müller5988@example.com,JP,2020-06-10,Basic,4014.5
5989,Riley Kim,riley.kim5989@example.com,FR,2021-04-03,Premium,10343.29
5990,Sofia Patel,sofia.patel5990@example.com,FR,2026-05-24,Premium,7098.43
5991,Jamie Khan,jamie.khan5991@example.com,JP,2023-08-04,Premium,19086.64
5992,Taylor Patel,taylor.patel5992@example.com,UK,2024-12-12,Basic,6377.62
5993,Omar Kim,omar.kim5993@example.com,JP,2022-06-09,Premium,1799.21
5994,Morgan Kim,morgan.kim5994@example.com,IN,2020-03-07,Basic,10102.18
5995,Riley Kim,riley.kim5995@example.com,US,2024-11-04,Basic,15348.62
5996,Quinn Khan,quinn.khan5996@example.com,US,2020-04-19,Premium,16290.08
5997,Taylor Müller,taylor.müller5997@example.com,US,2022-09-24,Basic,8378.76
5998,Arjun Lopez,arjun.lopez5998@example.com,IN,2020-06-02,Premium,2623.33
5999,Casey Singh,casey.singh5999@example.com,IN,2022-11-01,Premium,10902.27
6000,Sofia Smith,sofia.smith6000@example.com,UK,2025-10-21,Standard,19451.68
6001,Sam Nguyen,sam.nguyen6001@example.com,FR,2025-04-11,Basic,8940.02
6002,Morgan Garcia,morgan.garcia6002@example.com,IN,2023-02-27,Basic,12151.32
6003,Lucas Smith,lucas.smith6003@example.com,DE,2021-06-09,Premium,5638.08
6004,Jamie Khan,jamie.khan6004@example.com,JP,2022-11-13,Premium,14498.52
6005,Jamie Singh,jamie.singh6005@example.com,UK,2021-03-03,Premium,8256.6
6006,Sam Smith,sam.smith6006@example.com,US,2023-04-20,Standard,88.79
6007,Alex Khan,alex.khan6007@example.com,CA,2021-03-28,Premium,2483.08
6008,Priya Brown,priya.brown6008@example.com,AU,2025-02-07,Basic,6104.06
6009,Jordan Lopez,jordan.lopez6009@example.com,JP,2021-08-24,Basic,13635.15
6010,Avery Chen,avery.chen6010@example.com,AU,2024-09-29,Basic,9311.85
6011,Sam Silva,sam.silva6011@example.com,BR,2020-11-10,Basic,10478.56
6012,Lucas Lopez,lucas.lopez6012@example.com,FR,2025-02-02,Standard,8499.21
6013,Sofia Brown,sofia.brown6013@example.com,IN,2022-06-10,Basic,9633.64
6014,Sam Garcia,sam.garcia6014@example.com,DE,2026-01-08,Premium,10683.97
6015,Avery Chen,avery.chen6015@example.com,JP,2021-10-20,Premium,5590.81
6016,Lucas Kim,lucas.kim6016@example.com,US,2023-01-31,Standard,2382.34
6017,Quinn Brown,quinn.brown6017@example.com,AU,2025-08-15,Standard,18591.38
6018,Sam Khan,sam.khan6018@example.com,JP,2022-07-03,Standard,2313.71
6019,Alex Silva,alex.silva6019@example.com,SG,2024-07-07,Standard,14571.89
6020,Jordan Kim,jordan.kim6020@example.com,IN,2023-11-25,Standard,16106.91
6021,Priya Chen,priya.chen6021@example.com,DE,2026-05-18,Premium,15356.27
6022,Priya Kim,priya.kim6022@example.com,BR,2021-07-28,Premium,7265.86
6023,Quinn Singh,quinn.singh6023@example.com,SG,2022-02-22,Premium,11691.41
6024,Sofia Patel,sofia.patel6024@example.com,SG,2023-07-19,Standard,670.38
6025,Omar Kim,omar.kim6025@example.com,FR,2023-07-10,Standard,17933.29
6026,Alex Garcia,alex.garcia6026@example.com,US,2025-04-01,Basic,1540.33
6027,Arjun Kim,arjun.kim6027@example.com,JP,2026-04-08,Basic,5618.14
6028,Jordan Khan,jordan.khan6028@example.com,AU,2024-01-10,Basic,12995.17
6029,Priya Kim,priya.kim6029@example.com,AU,2022-12-29,Standard,18742.55
6030,Jordan Silva,jordan.silva6030@example.com,FR,2024-08-19,Standard,9386.28
6031,Riley Khan,riley.khan6031@example.com,UK,2021-03-09,Premium,14818.33
6032,Sofia Garcia,sofia.garcia6032@example.com,US,2023-02-09,Premium,15392.12
6033,Jamie Silva,jamie.silva6033@example.com,IN,2021-05-26,Premium,5936.15
6034,Taylor Lopez,taylor.lopez6034@example.com,JP,2024-02-12,Basic,9861.04
6035,Alex Singh,alex.singh6035@example.com,IN,2020-04-04,Basic,19712.15
6036,Omar Nguyen,omar.nguyen6036@example.com,JP,2020-12-01,Basic,8397.85
6037,Quinn Garcia,quinn.garcia6037@example.com,BR,2021-05-31,Standard,6047.35
6038,Lucas Smith,lucas.smith6038@example.com,CA,2026-04-24,Basic,8317.84
6039,Sam Patel,sam.patel6039@example.com,US,2021-04-26,Basic,9290.56
6040,Alex Kim,alex.kim6040@example.com,DE,2021-10-05,Standard,9291.72
6041,Jordan Lopez,jordan.lopez6041@example.com,CA,2023-04-18,Premium,15727.31
6042,Alex Silva,alex.silva6042@example.com,DE,2021-07-05,Standard,16810.14
6043,Omar Müller,omar.müller6043@example.com,SG,2025-05-31,Basic,17848.24
6044,Jordan Kim,jordan.kim6044@example.com,US,2022-12-04,Premium,10292.86
6045,Taylor Silva,taylor.silva6045@example.com,JP,2025-08-10,Basic,11489.64
6046,Quinn Nguyen,quinn.nguyen6046@example.com,SG,2021-10-20,Standard,9368.96
6047,Jamie Müller,jamie.müller6047@example.com,IN,2021-03-07,Basic,3873.4
6048,Sam Müller,sam.müller6048@example.com,BR,2023-03-27,Premium,2761.19
6049,Sam Singh,sam.singh6049@example.com,AU,2024-04-01,Standard,1983.1
6050,Taylor Garcia,taylor.garcia6050@example.com,JP,2024-02-13,Basic,1659.44
6051,Lucas Smith,lucas.smith6051@example.com,US,2022-10-03,Standard,4878.56
6052,Sofia Singh,sofia.singh6052@example.com,DE,2021-09-25,Standard,17771.57
6053,Lucas Singh,lucas.singh6053@example.com,US,2023-09-16,Premium,7629.85
6054,Priya Patel,priya.patel6054@example.com,UK,2022-04-21,Premium,1507.14
6055,Priya Singh,priya.singh6055@example.com,IN,2020-09-29,Premium,11857.86
6056,Alex Khan,alex.khan6056@example.com,UK,2020-04-23,Standard,281.03
6057,Taylor Kim,taylor.kim6057@example.com,BR,2026-07-16,Premium,1102.52
6058,Jordan Brown,jordan.brown6058@example.com,UK,2021-12-24,Premium,19556.53
6059,Jamie Singh,jamie.singh6059@example.com,UK,2024-10-02,Standard,13097.02
6060,Avery Lopez,avery.lopez6060@example.com,AU,2022-03-30,Basic,5347.01
6061,Casey Brown,casey.brown6061@example.com,BR,2021-05-06,Premium,16658.76
6062,Taylor Khan,taylor.khan6062@example.com,AU,2026-05-27,Basic,12241.64
6063,Quinn Lopez,quinn.lopez6063@example.com,UK,2024-08-19,Basic,1751.16
6064,Quinn Brown,quinn.brown6064@example.com,AU,2022-05-08,Standard,15275.61
6065,Priya Müller,priya.müller6065@example.com,UK,2024-07-02,Basic,2588.69
6066,Arjun Smith,arjun.smith6066@example.com,FR,2021-03-12,Standard,17037.71
6067,Jamie Smith,jamie.smith6067@example.com,UK,2022-02-23,Premium,3937.33
6068,Arjun Chen,arjun.chen6068@example.com,DE,2023-11-25,Basic,1166.47
6069,Morgan Khan,morgan.khan6069@example.com,AU,2021-12-03,Basic,10381.54
6070,Priya Smith,priya.smith6070@example.com,JP,2023-07-18,Premium,17463.53
6071,Sam Chen,sam.chen6071@example.com,JP,2022-05-17,Standard,5221.98
6072,Jamie Garcia,jamie.garcia6072@example.com,AU,2022-01-10,Standard,14089.7
6073,Lucas Silva,lucas.silva6073@example.com,JP,2025-05-30,Standard,5741.22
6074,Quinn Chen,quinn.chen6074@example.com,BR,2022-12-19,Basic,4943.38
6075,Jamie Nguyen,jamie.nguyen6075@example.com,CA,2020-08-04,Premium,8723.48
6076,Neha Chen,neha.chen6076@example.com,FR,2025-09-24,Premium,7833.98
6077,Omar Garcia,omar.garcia6077@example.com,JP,2024-01-31,Standard,16056.42
6078,Lucas Silva,lucas.silva6078@example.com,SG,2022-07-22,Basic,7065.14
6079,Jamie Khan,jamie.khan6079@example.com,BR,2020-03-25,Basic,2058.48
6080,Taylor Smith,taylor.smith6080@example.com,CA,2020-04-09,Standard,3185.34
6081,Arjun Singh,arjun.singh6081@example.com,AU,2022-03-22,Basic,8729.52
6082,Sam Nguyen,sam.nguyen6082@example.com,US,2026-06-07,Basic,17095.97
6083,Avery Garcia,avery.garcia6083@example.com,CA,2025-04-03,Premium,8835.19
6084,Casey Nguyen,casey.nguyen6084@example.com,UK,2024-01-16,Basic,18764.61
6085,Taylor Lopez,taylor.lopez6085@example.com,JP,2023-04-30,Premium,2531.29
6086,Neha Smith,neha.smith6086@example.com,DE,2021-06-23,Standard,1221.41
6087,Avery Lopez,avery.lopez6087@example.com,SG,2023-05-02,Premium,13496.03
6088,Quinn Singh,quinn.singh6088@example.com,UK,2025-02-26,Basic,11485.48
6089,Casey Khan,casey.khan6089@example.com,DE,2024-10-16,Premium,15737.85
6090,Lucas Chen,lucas.chen6090@example.com,CA,2026-05-23,Standard,14531.88
6091,Priya Singh,priya.singh6091@example.com,SG,2023-12-22,Basic,12482.43
6092,Sofia Lopez,sofia.lopez6092@example.com,FR,2021-04-20,Premium,9000.08
6093,Morgan Lopez,morgan.lopez6093@example.com,IN,2025-07-12,Basic,17487.93
6094,Casey Silva,casey.silva6094@example.com,IN,2025-12-07,Premium,2697.82
6095,Casey Khan,casey.khan6095@example.com,CA,2020-04-06,Premium,4304.88
6096,Morgan Nguyen,morgan.nguyen6096@example.com,UK,2025-05-02,Standard,2092.12
6097,Omar Singh,omar.singh6097@example.com,US,2023-02-07,Premium,5599.39
6098,Neha Brown,neha.brown6098@example.com,AU,2021-02-10,Premium,3309.24
6099,Neha Kim,neha.kim6099@example.com,FR,2020-11-21,Premium,19298.24
6100,Arjun Smith,arjun.smith6100@example.com,UK,2021-06-21,Basic,14383.25
6101,Riley Smith,riley.smith6101@example.com,JP,2023-04-10,Basic,12746.8
6102,Arjun Garcia,arjun.garcia6102@example.com,FR,2021-07-06,Standard,15607.88
6103,Omar Silva,omar.silva6103@example.com,JP,2023-01-22,Premium,4165.25
6104,Morgan Brown,morgan.brown6104@example.com,CA,2022-06-07,Premium,16407.4
6105,Sofia Kim,sofia.kim6105@example.com,UK,2024-12-09,Basic,19269.63
6106,Omar Lopez,omar.lopez6106@example.com,SG,2022-02-05,Premium,16506.19
6107,Arjun Patel,arjun.patel6107@example.com,US,2020-02-18,Premium,7618.14
6108,Lucas Silva,lucas.silva6108@example.com,UK,2020-10-04,Standard,3914.52
6109,Quinn Lopez,quinn.lopez6109@example.com,FR,2024-04-27,Basic,13346.33
6110,Neha Brown,neha.brown6110@example.com,DE,2025-07-27,Premium,7255.78
6111,Arjun Silva,arjun.silva6111@example.com,DE,2021-04-01,Premium,7154.12
6112,Alex Müller,alex.müller6112@example.com,SG,2026-04-10,Premium,1356.59
6113,Sofia Kim,sofia.kim6113@example.com,US,2026-05-16,Standard,1082.2
6114,Morgan Kim,morgan.kim6114@example.com,JP,2025-01-14,Premium,2153.73
6115,Casey Chen,casey.chen6115@example.com,JP,2022-02-28,Standard,18829.76
6116,Jamie Müller,jamie.müller6116@example.com,AU,2020-07-30,Premium,13703.06
6117,Sofia Khan,sofia.khan6117@example.com,AU,2020-04-19,Basic,3030.08
6118,Alex Smith,alex.smith6118@example.com,SG,2020-08-28,Standard,3057.33
6119,Alex Müller,alex.müller6119@example.com,JP,2020-12-15,Premium,18878.16
6120,Taylor Müller,taylor.müller6120@example.com,SG,2023-02-17,Standard,3640.75
6121,Priya Chen,priya.chen6121@example.com,BR,2020-06-03,Premium,4729.82
6122,Sam Brown,sam.brown6122@example.com,SG,2025-10-14,Basic,9317.95
6123,Arjun Patel,arjun.patel6123@example.com,JP,2024-01-17,Standard,15801.72
6124,Alex Kim,alex.kim6124@example.com,UK,2022-03-16,Premium,16390.07
6125,Jordan Nguyen,jordan.nguyen6125@example.com,US,2023-03-05,Premium,9323.9
6126,Alex Garcia,alex.garcia6126@example.com,CA,2021-05-13,Premium,18658.46
6127,Jordan Silva,jordan.silva6127@example.com,FR,2026-02-15,Standard,9897.82
6128,Arjun Müller,arjun.müller6128@example.com,JP,2023-08-22,Standard,13671.3
6129,Priya Smith,priya.smith6129@example.com,SG,2023-10-19,Basic,15073.48
6130,Jamie Brown,jamie.brown6130@example.com,US,2023-04-30,Basic,16585.46
6131,Sofia Garcia,sofia.garcia6131@example.com,DE,2024-05-19,Standard,12459.39
6132,Neha Garcia,neha.garcia6132@example.com,JP,2021-12-30,Basic,8613.51
6133,Priya Patel,priya.patel6133@example.com,FR,2021-05-26,Standard,15355.08
6134,Casey Smith,casey.smith6134@example.com,CA,2022-07-14,Basic,11091.18
6135,Priya Smith,priya.smith6135@example.com,CA,2024-07-01,Premium,2165.61
6136,Neha Singh,neha.singh6136@example.com,DE,2023-04-26,Basic,17402.9
6137,Jamie Patel,jamie.patel6137@example.com,BR,2024-03-26,Standard,5165.37
6138,Jordan Silva,jordan.silva6138@example.com,FR,2026-04-11,Basic,17546.41
6139,Omar Chen,omar.chen6139@example.com,FR,2024-01-14,Basic,6327.58
6140,Quinn Chen,quinn.chen6140@example.com,IN,2020-12-18,Premium,7936.07
6141,Omar Silva,omar.silva6141@example.com,UK,2024-10-22,Standard,18994.87
6142,Sofia Chen,sofia.chen6142@example.com,DE,2026-06-29,Standard,10782.6
6143,Priya Kim,priya.kim6143@example.com,JP,2025-04-20,Premium,1495.96
6144,Riley Singh,riley.singh6144@example.com,SG,2022-05-21,Premium,8651.64
6145,Quinn Brown,quinn.brown6145@example.com,SG,2025-11-06,Premium,18529.73
6146,Quinn Kim,quinn.kim6146@example.com,JP,2026-02-16,Premium,5444.62
6147,Alex Singh,alex.singh6147@example.com,US,2025-05-30,Basic,11804.15
6148,Neha Brown,neha.brown6148@example.com,IN,2025-09-15,Standard,7496.73
6149,Riley Nguyen,riley.nguyen6149@example.com,SG,2021-07-25,Premium,16681.9
6150,Avery Khan,avery.khan6150@example.com,UK,2025-04-07,Premium,19279.8
6151,Lucas Patel,lucas.patel6151@example.com,UK,2024-01-31,Standard,17825.97
6152,Riley Patel,riley.patel6152@example.com,UK,2022-10-17,Premium,585.94
6153,Priya Silva,priya.silva6153@example.com,FR,2026-06-17,Standard,15764.05
6154,Taylor Brown,taylor.brown6154@example.com,DE,2021-08-04,Basic,6133.45
6155,Priya Nguyen,priya.nguyen6155@example.com,BR,2020-03-21,Premium,11627.66
6156,Alex Brown,alex.brown6156@example.com,JP,2026-01-11,Premium,8174.92
6157,Jordan Lopez,jordan.lopez6157@example.com,DE,2020-05-06,Premium,18042.39
6158,Quinn Patel,quinn.patel6158@example.com,DE,2024-07-19,Standard,13102.01
6159,Casey Chen,casey.chen6159@example.com,FR,2023-08-16,Standard,14658.91
6160,Quinn Chen,quinn.chen6160@example.com,SG,2024-12-22,Basic,16063.89
6161,Alex Lopez,alex.lopez6161@example.com,JP,2020-06-27,Standard,927.33
6162,Lucas Singh,lucas.singh6162@example.com,BR,2021-02-10,Standard,15754.23
6163,Avery Silva,avery.silva6163@example.com,US,2020-07-27,Standard,14678.45
6164,Sam Lopez,sam.lopez6164@example.com,JP,2023-06-19,Standard,3979.66
6165,Sofia Patel,sofia.patel6165@example.com,BR,2022-09-03,Basic,18212.98
6166,Sofia Nguyen,sofia.nguyen6166@example.com,UK,2020-11-20,Standard,17846.1
6167,Lucas Singh,lucas.singh6167@example.com,US,2023-08-24,Standard,19446.1
6168,Omar Nguyen,omar.nguyen6168@example.com,IN,2025-11-14,Premium,5844.88
6169,Lucas Singh,lucas.singh6169@example.com,IN,2023-01-27,Premium,9806.2
6170,Arjun Kim,arjun.kim6170@example.com,IN,2022-10-23,Premium,14529.57
6171,Lucas Garcia,lucas.garcia6171@example.com,BR,2022-04-28,Basic,5201.87
6172,Riley Patel,riley.patel6172@example.com,UK,2021-07-12,Premium,14289.45
6173,Riley Patel,riley.patel6173@example.com,AU,2026-04-25,Premium,335.26
6174,Taylor Kim,taylor.kim6174@example.com,UK,2020-01-28,Standard,14381.57
6175,Quinn Brown,quinn.brown6175@example.com,BR,2025-01-31,Standard,1467.87
6176,Quinn Patel,quinn.patel6176@example.com,JP,2024-04-04,Standard,190.97
6177,Priya Nguyen,priya.nguyen6177@example.com,FR,2022-08-02,Basic,1736.15
6178,Taylor Nguyen,taylor.nguyen6178@example.com,CA,2024-02-26,Standard,13075.51
6179,Lucas Khan,lucas.khan6179@example.com,JP,2024-06-24,Standard,16337.61
6180,Omar Nguyen,omar.nguyen6180@example.com,BR,2022-10-27,Standard,19454.66
6181,Jordan Müller,jordan.müller6181@example.com,AU,2021-05-29,Premium,10027.67
6182,Priya Khan,priya.khan6182@example.com,UK,2026-07-28,Standard,6251.48
6183,Priya Garcia,priya.garcia6183@example.com,IN,2025-07-04,Standard,1287.36
6184,Lucas Müller,lucas.müller6184@example.com,UK,2026-04-05,Basic,9778.63
6185,Casey Silva,casey.silva6185@example.com,AU,2023-05-10,Basic,5553.69
6186,Riley Smith,riley.smith6186@example.com,BR,2020-11-11,Basic,14011.64
6187,Arjun Lopez,arjun.lopez6187@example.com,US,2024-08-23,Basic,3444.85
6188,Sofia Khan,sofia.khan6188@example.com,DE,2025-11-25,Standard,15713.19
6189,Quinn Smith,quinn.smith6189@example.com,US,2024-04-05,Standard,2836.87
6190,Omar Nguyen,omar.nguyen6190@example.com,DE,2026-07-20,Premium,4952.79
6191,Sam Singh,sam.singh6191@example.com,DE,2020-08-15,Premium,1824.79
6192,Morgan Chen,morgan.chen6192@example.com,DE,2022-09-17,Premium,17941.91
6193,Taylor Patel,taylor.patel6193@example.com,FR,2022-12-12,Basic,477.97
6194,Arjun Singh,arjun.singh6194@example.com,FR,2025-12-18,Standard,6895.61
6195,Lucas Brown,lucas.brown6195@example.com,AU,2021-06-30,Basic,5826.52
6196,Casey Chen,casey.chen6196@example.com,BR,2021-03-03,Standard,1542.65
6197,Morgan Nguyen,morgan.nguyen6197@example.com,SG,2025-02-16,Standard,6961.52
6198,Morgan Brown,morgan.brown6198@example.com,IN,2025-01-29,Basic,17599.91
6199,Morgan Khan,morgan.khan6199@example.com,FR,2025-02-11,Basic,18512.29
6200,Avery Brown,avery.brown6200@example.com,AU,2024-06-15,Standard,18281.65
6201,Omar Kim,omar.kim6201@example.com,DE,2026-01-31,Basic,16122.0
6202,Arjun Lopez,arjun.lopez6202@example.com,FR,2024-11-26,Basic,5044.2
6203,Sofia Khan,sofia.khan6203@example.com,FR,2021-07-30,Standard,18893.79
6204,Neha Smith,neha.smith6204@example.com,IN,2026-07-16,Premium,15509.52
6205,Omar Garcia,omar.garcia6205@example.com,CA,2024-10-05,Basic,6165.05
6206,Lucas Nguyen,lucas.nguyen6206@example.com,UK,2022-03-13,Standard,16044.07
6207,Jamie Garcia,jamie.garcia6207@example.com,BR,2025-11-21,Standard,16738.37
6208,Lucas Chen,lucas.chen6208@example.com,JP,2022-02-22,Standard,9653.66
6209,Jordan Patel,jordan.patel6209@example.com,US,2021-06-21,Basic,19761.58
6210,Lucas Patel,lucas.patel6210@example.com,SG,2020-08-26,Basic,15743.2
6211,Priya Lopez,priya.lopez6211@example.com,UK,2020-02-06,Premium,10823.53
6212,Sofia Garcia,sofia.garcia6212@example.com,IN,2021-06-10,Premium,15528.12
6213,Arjun Khan,arjun.khan6213@example.com,IN,2026-06-01,Premium,12696.54
6214,Arjun Lopez,arjun.lopez6214@example.com,BR,2021-12-03,Standard,16319.41
6215,Quinn Nguyen,quinn.nguyen6215@example.com,UK,2021-09-08,Premium,1922.32
6216,Priya Nguyen,priya.nguyen6216@example.com,BR,2022-06-08,Basic,15850.21
6217,Morgan Khan,morgan.khan6217@example.com,AU,2020-05-29,Basic,3155.39
6218,Morgan Lopez,morgan.lopez6218@example.com,UK,2024-04-18,Premium,6494.5
6219,Sam Singh,sam.singh6219@example.com,US,2022-08-20,Premium,12881.94
6220,Priya Brown,priya.brown6220@example.com,SG,2025-11-28,Standard,1357.64
6221,Quinn Garcia,quinn.garcia6221@example.com,US,2021-08-01,Standard,10607.93
6222,Morgan Brown,morgan.brown6222@example.com,US,2025-06-21,Standard,7413.0
6223,Morgan Lopez,morgan.lopez6223@example.com,DE,2022-01-24,Basic,1129.45
6224,Sofia Smith,sofia.smith6224@example.com,UK,2022-12-21,Standard,127.99
6225,Morgan Patel,morgan.patel6225@example.com,US,2020-02-19,Standard,9710.12
6226,Riley Kim,riley.kim6226@example.com,AU,2022-09-16,Premium,15141.99
6227,Lucas Silva,lucas.silva6227@example.com,DE,2025-06-28,Standard,7124.25
6228,Quinn Silva,quinn.silva6228@example.com,BR,2020-09-22,Standard,2589.11
6229,Arjun Silva,arjun.silva6229@example.com,DE,2023-10-14,Standard,6234.19
6230,Taylor Singh,taylor.singh6230@example.com,JP,2021-02-02,Premium,18187.29
6231,Omar Nguyen,omar.nguyen6231@example.com,IN,2023-10-22,Basic,4978.91
6232,Morgan Chen,morgan.chen6232@example.com,UK,2022-12-26,Premium,9280.29
6233,Jordan Garcia,jordan.garcia6233@example.com,IN,2023-11-17,Premium,18678.06
6234,Taylor Kim,taylor.kim6234@example.com,CA,2022-06-30,Basic,5028.74
6235,Jordan Nguyen,jordan.nguyen6235@example.com,UK,2025-04-19,Basic,17100.83
6236,Priya Müller,priya.müller6236@example.com,UK,2023-03-25,Standard,9489.43
6237,Morgan Lopez,morgan.lopez6237@example.com,SG,2020-10-13,Premium,12080.27
6238,Jordan Kim,jordan.kim6238@example.com,JP,2021-04-03,Basic,12030.26
6239,Casey Silva,casey.silva6239@example.com,AU,2022-09-19,Basic,13951.51
6240,Arjun Brown,arjun.brown6240@example.com,JP,2020-12-24,Standard,16050.72
6241,Sam Lopez,sam.lopez6241@example.com,IN,2024-09-22,Basic,3780.11
6242,Riley Smith,riley.smith6242@example.com,BR,2023-08-25,Basic,1822.41
6243,Alex Lopez,alex.lopez6243@example.com,CA,2022-10-26,Premium,7907.79
6244,Morgan Nguyen,morgan.nguyen6244@example.com,CA,2023-04-03,Standard,4244.79
6245,Riley Lopez,riley.lopez6245@example.com,SG,2024-09-09,Basic,1903.45
6246,Casey Garcia,casey.garcia6246@example.com,US,2020-08-18,Standard,12603.56
6247,Riley Silva,riley.silva6247@example.com,BR,2025-08-10,Premium,6416.85
6248,Sofia Müller,sofia.müller6248@example.com,US,2025-09-08,Standard,18438.73
6249,Priya Khan,priya.khan6249@example.com,JP,2021-03-11,Premium,12051.62
6250,Morgan Kim,morgan.kim6250@example.com,FR,2024-03-04,Premium,837.87
6251,Jordan Chen,jordan.chen6251@example.com,US,2020-09-02,Basic,8488.76
6252,Casey Brown,casey.brown6252@example.com,FR,2024-10-03,Basic,19148.93
6253,Sofia Brown,sofia.brown6253@example.com,CA,2024-07-06,Standard,11053.0
6254,Taylor Silva,taylor.silva6254@example.com,UK,2026-03-14,Basic,6215.87
6255,Sofia Khan,sofia.khan6255@example.com,US,2022-09-15,Standard,5520.64
6256,Omar Khan,omar.khan6256@example.com,DE,2022-06-21,Premium,14249.17
6257,Neha Brown,neha.brown6257@example.com,BR,2025-12-04,Standard,18768.58
6258,Sam Brown,sam.brown6258@example.com,CA,2024-08-09,Basic,4053.89
6259,Taylor Silva,taylor.silva6259@example.com,AU,2025-07-20,Premium,6305.96
6260,Sam Müller,sam.müller6260@example.com,AU,2021-03-19,Basic,16870.44
6261,Lucas Nguyen,lucas.nguyen6261@example.com,SG,2024-05-02,Standard,14087.53
6262,Arjun Chen,arjun.chen6262@example.com,BR,2023-09-02,Standard,301.51
6263,Avery Lopez,avery.lopez6263@example.com,DE,2025-01-07,Basic,6329.8
6264,Riley Chen,riley.chen6264@example.com,BR,2023-01-19,Basic,5162.93
6265,Casey Patel,casey.patel6265@example.com,US,2026-04-28,Premium,3721.03
6266,Casey Brown,casey.brown6266@example.com,IN,2022-12-23,Standard,7094.87
6267,Arjun Lopez,arjun.lopez6267@example.com,DE,2025-01-30,Basic,2652.71
6268,Lucas Nguyen,lucas.nguyen6268@example.com,BR,2020-07-03,Standard,1448.23
6269,Casey Nguyen,casey.nguyen6269@example.com,CA,2022-05-26,Premium,3738.47
6270,Lucas Smith,lucas.smith6270@example.com,FR,2020-11-13,Premium,15812.0
6271,Casey Garcia,casey.garcia6271@example.com,SG,2026-04-10,Premium,2481.1
6272,Morgan Brown,morgan.brown6272@example.com,UK,2023-06-29,Basic,3844.34
6273,Casey Garcia,casey.garcia6273@example.com,SG,2024-02-21,Premium,1784.64
6274,Jamie Chen,jamie.chen6274@example.com,BR,2021-06-29,Basic,5242.98
6275,Sofia Nguyen,sofia.nguyen6275@example.com,SG,2023-09-07,Premium,12088.97
6276,Sofia Müller,sofia.müller6276@example.com,DE,2023-04-19,Standard,8087.34
6277,Alex Smith,alex.smith6277@example.com,JP,2025-09-02,Premium,6248.54
6278,Neha Nguyen,neha.nguyen6278@example.com,BR,2024-03-25,Basic,6206.72
6279,Avery Nguyen,avery.nguyen6279@example.com,US,2026-05-03,Basic,6220.47
6280,Omar Müller,omar.müller6280@example.com,UK,2023-12-29,Basic,377.18
6281,Priya Brown,priya.brown6281@example.com,SG,2022-01-10,Standard,15753.24
6282,Omar Garcia,omar.garcia6282@example.com,SG,2025-05-06,Premium,7571.22
6283,Casey Kim,casey.kim6283@example.com,UK,2023-09-03,Standard,14701.45
6284,Riley Silva,riley.silva6284@example.com,DE,2023-05-30,Basic,16566.78
6285,Omar Müller,omar.müller6285@example.com,SG,2021-11-09,Standard,19220.82
6286,Quinn Silva,quinn.silva6286@example.com,UK,2022-02-27,Basic,13614.75
6287,Quinn Khan,quinn.khan6287@example.com,CA,2024-10-29,Standard,7985.26
6288,Jordan Brown,jordan.brown6288@example.com,IN,2023-05-06,Basic,14590.91
6289,Neha Patel,neha.patel6289@example.com,FR,2020-07-16,Standard,17408.27
6290,Neha Garcia,neha.garcia6290@example.com,FR,2026-02-26,Standard,15167.14
6291,Lucas Chen,lucas.chen6291@example.com,UK,2023-01-18,Standard,12101.21
6292,Quinn Smith,quinn.smith6292@example.com,DE,2024-01-15,Premium,10426.82
6293,Omar Chen,omar.chen6293@example.com,AU,2024-09-04,Premium,4629.48
6294,Jamie Singh,jamie.singh6294@example.com,US,2026-04-18,Basic,4595.77
6295,Avery Patel,avery.patel6295@example.com,FR,2022-10-11,Basic,601.8
6296,Neha Chen,neha.chen6296@example.com,DE,2023-01-02,Standard,8445.52
6297,Sam Garcia,sam.garcia6297@example.com,DE,2025-07-16,Standard,12069.23
6298,Avery Khan,avery.khan6298@example.com,SG,2026-03-07,Premium,1866.63
6299,Riley Garcia,riley.garcia6299@example.com,US,2020-11-10,Standard,4340.47
6300,Arjun Garcia,arjun.garcia6300@example.com,US,2020-01-25,Basic,3108.13
6301,Taylor Brown,taylor.brown6301@example.com,UK,2022-06-04,Premium,18567.2
6302,Avery Nguyen,avery.nguyen6302@example.com,DE,2020-09-29,Standard,15372.07
6303,Riley Patel,riley.patel6303@example.com,UK,2025-06-09,Premium,3712.64
6304,Taylor Müller,taylor.müller6304@example.com,SG,2024-10-12,Standard,3786.59
6305,Taylor Garcia,taylor.garcia6305@example.com,SG,2023-11-25,Basic,412.45
6306,Avery Patel,avery.patel6306@example.com,JP,2025-06-13,Basic,6437.99
6307,Alex Smith,alex.smith6307@example.com,US,2021-03-06,Basic,11657.59
6308,Sam Silva,sam.silva6308@example.com,BR,2023-11-04,Premium,16425.53
6309,Riley Singh,riley.singh6309@example.com,CA,2025-12-09,Premium,5180.71
6310,Morgan Müller,morgan.müller6310@example.com,JP,2021-04-10,Standard,18267.25
6311,Priya Singh,priya.singh6311@example.com,JP,2023-06-01,Standard,12395.19
6312,Taylor Silva,taylor.silva6312@example.com,US,2026-03-12,Standard,265.36
6313,Lucas Garcia,lucas.garcia6313@example.com,FR,2022-02-02,Premium,16883.13
6314,Jordan Smith,jordan.smith6314@example.com,SG,2022-08-30,Basic,19825.71
6315,Alex Müller,alex.müller6315@example.com,DE,2023-03-05,Basic,14282.26
6316,Taylor Garcia,taylor.garcia6316@example.com,DE,2021-11-18,Premium,7639.77
6317,Alex Smith,alex.smith6317@example.com,AU,2022-05-29,Premium,5342.71
6318,Sam Müller,sam.müller6318@example.com,DE,2021-07-22,Basic,14733.75
6319,Arjun Garcia,arjun.garcia6319@example.com,JP,2024-04-23,Premium,7250.87
6320,Jordan Garcia,jordan.garcia6320@example.com,IN,2022-06-21,Premium,2019.63
6321,Sofia Chen,sofia.chen6321@example.com,AU,2023-04-03,Premium,10606.19
6322,Morgan Garcia,morgan.garcia6322@example.com,BR,2025-07-16,Basic,580.12
6323,Sam Nguyen,sam.nguyen6323@example.com,JP,2025-09-01,Premium,2303.15
6324,Omar Silva,omar.silva6324@example.com,FR,2024-08-12,Basic,2757.2
6325,Alex Garcia,alex.garcia6325@example.com,AU,2021-01-27,Standard,3816.6
6326,Neha Singh,neha.singh6326@example.com,UK,2024-11-05,Standard,4715.54
6327,Alex Garcia,alex.garcia6327@example.com,UK,2020-06-16,Basic,11488.78
6328,Sam Silva,sam.silva6328@example.com,AU,2022-05-04,Basic,17149.74
6329,Jamie Khan,jamie.khan6329@example.com,US,2024-01-18,Premium,1598.19
6330,Quinn Patel,quinn.patel6330@example.com,US,2023-11-04,Premium,8974.81
6331,Priya Smith,priya.smith6331@example.com,FR,2022-11-28,Basic,6432.2
6332,Jamie Nguyen,jamie.nguyen6332@example.com,JP,2025-01-03,Premium,4692.06
6333,Lucas Müller,lucas.müller6333@example.com,CA,2024-11-21,Standard,12218.93
6334,Jordan Lopez,jordan.lopez6334@example.com,US,2026-04-09,Basic,14535.24
6335,Alex Khan,alex.khan6335@example.com,JP,2024-05-27,Standard,13214.59
6336,Jordan Brown,jordan.brown6336@example.com,FR,2022-08-09,Standard,6587.08
6337,Alex Patel,alex.patel6337@example.com,JP,2021-10-31,Standard,3381.61
6338,Sofia Kim,sofia.kim6338@example.com,UK,2026-02-24,Premium,11315.92
6339,Taylor Lopez,taylor.lopez6339@example.com,FR,2022-08-25,Premium,267.1
6340,Taylor Patel,taylor.patel6340@example.com,UK,2020-09-15,Premium,5149.6
6341,Omar Kim,omar.kim6341@example.com,BR,2025-12-27,Premium,1506.27
6342,Jordan Brown,jordan.brown6342@example.com,US,2022-01-02,Standard,877.08
6343,Priya Patel,priya.patel6343@example.com,IN,2025-04-05,Basic,14279.48
6344,Quinn Silva,quinn.silva6344@example.com,IN,2020-12-29,Standard,1028.03
6345,Neha Singh,neha.singh6345@example.com,FR,2023-12-11,Standard,11356.47
6346,Neha Kim,neha.kim6346@example.com,IN,2021-10-31,Standard,16597.7
6347,Sofia Lopez,sofia.lopez6347@example.com,SG,2020-04-13,Standard,12712.66
6348,Sam Kim,sam.kim6348@example.com,FR,2025-11-04,Premium,11572.11
6349,Taylor Patel,taylor.patel6349@example.com,CA,2023-10-05,Basic,8167.14
6350,Neha Silva,neha.silva6350@example.com,JP,2024-08-31,Premium,11710.21
6351,Priya Garcia,priya.garcia6351@example.com,CA,2026-05-01,Standard,14768.98
6352,Taylor Silva,taylor.silva6352@example.com,US,2026-05-16,Premium,15813.45
6353,Sofia Nguyen,sofia.nguyen6353@example.com,CA,2023-09-18,Premium,18643.12
6354,Lucas Silva,lucas.silva6354@example.com,US,2021-06-12,Premium,13326.34
6355,Alex Singh,alex.singh6355@example.com,AU,2022-07-31,Standard,9069.72
6356,Riley Silva,riley.silva6356@example.com,JP,2021-07-10,Standard,17247.65
6357,Casey Smith,casey.smith6357@example.com,SG,2023-12-18,Basic,11781.72
6358,Riley Müller,riley.müller6358@example.com,CA,2025-11-16,Basic,11134.79
6359,Avery Brown,avery.brown6359@example.com,FR,2025-08-05,Premium,19570.48
6360,Riley Chen,riley.chen6360@example.com,SG,2022-02-17,Premium,12590.98
6361,Priya Lopez,priya.lopez6361@example.com,JP,2020-03-06,Premium,14015.55
6362,Quinn Smith,quinn.smith6362@example.com,SG,2022-09-21,Basic,10085.43
6363,Omar Kim,omar.kim6363@example.com,SG,2025-12-04,Standard,15327.53
6364,Jamie Müller,jamie.müller6364@example.com,CA,2022-12-27,Premium,13562.72
6365,Avery Chen,avery.chen6365@example.com,FR,2022-08-10,Standard,14470.59
6366,Neha Khan,neha.khan6366@example.com,AU,2021-06-20,Basic,4832.94
6367,Sam Müller,sam.müller6367@example.com,FR,2024-09-01,Basic,9106.78
6368,Riley Garcia,riley.garcia6368@example.com,JP,2022-10-16,Standard,19467.53
6369,Avery Kim,avery.kim6369@example.com,CA,2020-01-13,Standard,12633.84
6370,Jordan Patel,jordan.patel6370@example.com,BR,2024-10-03,Premium,4954.57
6371,Jordan Patel,,CA,2021-06-29,Premium,7519.26
6372,Morgan Singh,morgan.singh6372@example.com,AU,2021-12-26,Standard,4275.02
6373,Riley Müller,riley.müller6373@example.com,FR,2024-09-14,Premium,17743.54
6374,Morgan Brown,morgan.brown6374@example.com,JP,2020-05-11,Standard,5554.96
6375,Arjun Brown,arjun.brown6375@example.com,IN,2023-06-09,Premium,5454.36
6376,Jamie Garcia,jamie.garcia6376@example.com,IN,2020-11-13,Premium,9370.41
6377,Quinn Chen,quinn.chen6377@example.com,CA,2023-04-15,Basic,6682.37
6378,Jamie Garcia,jamie.garcia6378@example.com,IN,2026-03-20,Basic,14385.93
6379,Riley Khan,riley.khan6379@example.com,CA,2024-03-30,Premium,10138.06
6380,Arjun Patel,arjun.patel6380@example.com,UK,2021-03-31,Premium,19575.11
6381,Omar Singh,omar.singh6381@example.com,JP,2021-12-12,Standard,13229.52
6382,Jamie Garcia,jamie.garcia6382@example.com,SG,2025-08-14,Standard,3511.91
6383,Sofia Lopez,sofia.lopez6383@example.com,DE,2023-08-16,Premium,13053.69
6384,Lucas Brown,lucas.brown6384@example.com,SG,2021-04-29,Standard,4835.32
6385,Alex Smith,alex.smith6385@example.com,JP,2023-07-18,Premium,5258.76
6386,Sam Müller,sam.müller6386@example.com,DE,2023-02-12,Standard,17674.69
6387,Riley Khan,riley.khan6387@example.com,DE,2020-07-18,Standard,19159.32
6388,Riley Singh,riley.singh6388@example.com,AU,2022-03-16,Premium,562.94
6389,Sam Garcia,sam.garcia6389@example.com,CA,2024-07-14,Standard,18086.58
6390,Avery Lopez,avery.lopez6390@example.com,JP,2025-12-31,Basic,13627.06
6391,Neha Garcia,neha.garcia6391@example.com,CA,2022-04-22,Basic,996.54
6392,Sam Singh,sam.singh6392@example.com,BR,2020-02-24,Standard,8443.33
6393,Neha Patel,neha.patel6393@example.com,US,2024-03-26,Basic,12551.78
6394,Avery Lopez,avery.lopez6394@example.com,JP,2023-06-21,Basic,2093.68
6395,Casey Patel,casey.patel6395@example.com,FR,2025-07-04,Basic,19117.26
6396,Jordan Nguyen,jordan.nguyen6396@example.com,AU,2020-02-06,Standard,1596.66
6397,Quinn Silva,quinn.silva6397@example.com,IN,2023-12-04,Basic,229.32
6398,Taylor Garcia,taylor.garcia6398@example.com,AU,2020-01-10,Premium,14556.59
6399,Morgan Patel,morgan.patel6399@example.com,BR,2020-06-29,Premium,18199.99
6400,Jordan Garcia,jordan.garcia6400@example.com,JP,2021-11-07,Basic,18570.7
6401,Omar Müller,omar.müller6401@example.com,DE,2021-07-01,Premium,18513.79
6402,Jordan Müller,jordan.müller6402@example.com,BR,2020-11-23,Standard,14963.28
6403,Jamie Garcia,jamie.garcia6403@example.com,AU,2020-05-30,Standard,12388.62
6404,Neha Chen,neha.chen6404@example.com,SG,2025-01-28,Basic,17508.17
6405,Riley Smith,riley.smith6405@example.com,US,2020-10-03,Standard,1741.31
6406,Quinn Garcia,quinn.garcia6406@example.com,CA,2024-05-25,Premium,12850.69
6407,Avery Silva,avery.silva6407@example.com,UK,2022-10-07,Basic,16886.62
6408,Omar Patel,omar.patel6408@example.com,AU,2026-06-28,Standard,3434.66
6409,Priya Lopez,priya.lopez6409@example.com,SG,2023-01-24,Standard,19506.96
6410,Lucas Lopez,lucas.lopez6410@example.com,BR,2022-05-23,Standard,14061.44
6411,Riley Chen,riley.chen6411@example.com,DE,2020-04-27,Standard,6322.11
6412,Lucas Chen,lucas.chen6412@example.com,JP,2025-12-29,Premium,7829.56
6413,Omar Smith,omar.smith6413@example.com,JP,2023-07-01,Basic,12533.41
6414,Jordan Brown,jordan.brown6414@example.com,SG,2022-06-13,Basic,5488.26
6415,Taylor Brown,taylor.brown6415@example.com,US,2023-02-23,Premium,11417.52
6416,Avery Brown,avery.brown6416@example.com,BR,2020-04-14,Premium,10638.24
6417,Omar Chen,omar.chen6417@example.com,BR,2024-10-08,Basic,350.81
6418,Omar Kim,omar.kim6418@example.com,AU,2023-06-12,Basic,9386.66
6419,Neha Smith,neha.smith6419@example.com,JP,2023-08-30,Premium,15954.11
6420,Sam Smith,sam.smith6420@example.com,IN,2025-08-11,Standard,2634.14
6421,Riley Khan,riley.khan6421@example.com,UK,2024-04-04,Standard,16777.28
6422,Jamie Patel,jamie.patel6422@example.com,FR,2020-04-05,Premium,17099.38
6423,Arjun Chen,arjun.chen6423@example.com,CA,2020-09-06,Basic,7013.35
6424,Avery Brown,avery.brown6424@example.com,BR,2024-03-09,Premium,6760.5
6425,Quinn Khan,quinn.khan6425@example.com,DE,2025-04-11,Standard,15287.51
6426,Priya Smith,priya.smith6426@example.com,JP,2024-09-05,Basic,18534.4
6427,Priya Silva,priya.silva6427@example.com,DE,2025-06-13,Standard,11224.61
6428,Arjun Lopez,arjun.lopez6428@example.com,UK,2023-09-14,Premium,3450.74
6429,Priya Lopez,priya.lopez6429@example.com,FR,2023-04-04,Standard,9186.41
6430,Jordan Patel,jordan.patel6430@example.com,JP,2023-08-22,Premium,17049.4
6431,Lucas Chen,lucas.chen6431@example.com,UK,2023-01-26,Basic,13728.77
6432,Omar Brown,omar.brown6432@example.com,UK,2022-05-06,Basic,7978.3
6433,Quinn Khan,quinn.khan6433@example.com,SG,2026-04-28,Basic,1102.07
6434,Jordan Kim,jordan.kim6434@example.com,FR,2023-10-22,Standard,809.05
6435,Alex Smith,alex.smith6435@example.com,FR,2022-12-10,Premium,6882.65
6436,Sam Garcia,sam.garcia6436@example.com,CA,2021-08-10,Standard,11306.43
6437,Priya Silva,priya.silva6437@example.com,AU,2022-06-25,Basic,10889.99
6438,Sam Lopez,sam.lopez6438@example.com,DE,2025-05-28,Standard,14123.39
6439,Priya Garcia,priya.garcia6439@example.com,SG,2023-03-10,Standard,1452.95
6440,Casey Lopez,casey.lopez6440@example.com,BR,2021-11-17,Premium,5458.84
6441,Arjun Garcia,arjun.garcia6441@example.com,US,2024-06-17,Premium,4129.64
6442,Omar Patel,omar.patel6442@example.com,IN,2025-11-29,Basic,9988.69
6443,Lucas Kim,lucas.kim6443@example.com,JP,2021-08-12,Basic,3632.18
6444,Neha Brown,neha.brown6444@example.com,SG,2022-02-11,Basic,4409.32
6445,Jordan Singh,jordan.singh6445@example.com,IN,2020-09-27,Standard,1746.33
6446,Neha Smith,neha.smith6446@example.com,DE,2022-04-08,Basic,16077.34
6447,Avery Smith,avery.smith6447@example.com,FR,2024-03-10,Standard,5663.36
6448,Jamie Kim,jamie.kim6448@example.com,BR,2024-10-26,Premium,13316.16
6449,Alex Khan,alex.khan6449@example.com,SG,2022-03-26,Premium,4489.24
6450,Jordan Lopez,jordan.lopez6450@example.com,UK,2020-09-30,Premium,11628.02
6451,Omar Silva,omar.silva6451@example.com,BR,2025-08-04,Standard,15673.29
6452,Sofia Kim,sofia.kim6452@example.com,BR,2023-11-02,Standard,7580.63
6453,Arjun Brown,arjun.brown6453@example.com,CA,2023-09-17,Basic,17718.22
6454,Morgan Singh,morgan.singh6454@example.com,FR,2021-03-29,Basic,6649.93
6455,Quinn Kim,quinn.kim6455@example.com,AU,2021-03-30,Premium,18039.77
6456,Casey Nguyen,casey.nguyen6456@example.com,SG,2022-04-16,Basic,6336.93
6457,Morgan Kim,morgan.kim6457@example.com,US,2026-01-10,Basic,14645.09
6458,Casey Kim,casey.kim6458@example.com,DE,2022-02-11,Basic,18926.62
6459,Sam Kim,sam.kim6459@example.com,AU,2020-10-13,Standard,19477.4
6460,Priya Brown,priya.brown6460@example.com,US,2025-03-17,Premium,2907.96
6461,Quinn Smith,quinn.smith6461@example.com,BR,2021-07-21,Standard,333.4
6462,Sofia Singh,sofia.singh6462@example.com,IN,2023-08-03,Basic,19981.54
6463,Jamie Singh,jamie.singh6463@example.com,FR,2025-05-09,Standard,3185.87
6464,Omar Singh,omar.singh6464@example.com,FR,2022-09-29,Basic,19775.48
6465,Casey Silva,casey.silva6465@example.com,SG,2025-01-31,Premium,1137.91
6466,Jamie Smith,jamie.smith6466@example.com,BR,2026-05-10,Standard,16509.81
6467,Riley Brown,riley.brown6467@example.com,UK,2020-05-17,Premium,4616.35
6468,Arjun Müller,arjun.müller6468@example.com,SG,2022-04-24,Standard,9268.83
6469,Taylor Garcia,taylor.garcia6469@example.com,AU,2026-02-15,Premium,10763.41
6470,Sam Chen,sam.chen6470@example.com,SG,2023-05-14,Basic,7196.82
6471,Sam Nguyen,sam.nguyen6471@example.com,AU,2026-07-13,Premium,14995.34
6472,Quinn Brown,quinn.brown6472@example.com,BR,2023-04-15,Standard,8679.55
6473,Priya Garcia,priya.garcia6473@example.com,DE,2026-07-20,Premium,651.94
6474,Sam Brown,sam.brown6474@example.com,UK,2023-05-26,Premium,19566.95
6475,Neha Silva,neha.silva6475@example.com,FR,2024-02-05,Standard,5150.14
6476,Alex Patel,alex.patel6476@example.com,FR,2025-04-08,Standard,12002.37
6477,Arjun Smith,arjun.smith6477@example.com,IN,2023-05-18,Standard,9055.97
6478,Jordan Lopez,jordan.lopez6478@example.com,SG,2022-07-24,Standard,9827.35
6479,Priya Smith,priya.smith6479@example.com,UK,2025-08-24,Basic,605.78
6480,Jamie Khan,jamie.khan6480@example.com,IN,2025-03-05,Standard,18011.16
6481,Jordan Khan,jordan.khan6481@example.com,JP,2022-09-15,Standard,14036.02
6482,Omar Smith,omar.smith6482@example.com,DE,2021-03-09,Standard,2000.0
6483,Jamie Smith,jamie.smith6483@example.com,JP,2021-06-06,Basic,14927.83
6484,Neha Singh,neha.singh6484@example.com,AU,2025-05-25,Standard,16868.48
6485,Lucas Brown,lucas.brown6485@example.com,CA,2022-01-03,Basic,10081.62
6486,Morgan Garcia,morgan.garcia6486@example.com,FR,2024-06-24,Standard,13760.95
6487,Priya Patel,priya.patel6487@example.com,AU,2020-08-01,Standard,18150.03
6488,Neha Müller,neha.müller6488@example.com,FR,2020-10-14,Standard,7203.55
6489,Sofia Patel,sofia.patel6489@example.com,AU,2024-02-03,Standard,13562.99
6490,Sam Nguyen,sam.nguyen6490@example.com,BR,2026-04-11,Basic,17835.16
6491,Jordan Chen,jordan.chen6491@example.com,DE,2024-09-18,Basic,4817.72
6492,Quinn Nguyen,quinn.nguyen6492@example.com,US,2023-10-31,Basic,17658.03
6493,Priya Patel,priya.patel6493@example.com,BR,2021-04-22,Premium,4420.72
6494,Priya Nguyen,priya.nguyen6494@example.com,DE,2022-02-06,Premium,5252.94
6495,Arjun Patel,arjun.patel6495@example.com,FR,2021-08-31,Standard,7928.78
6496,Neha Patel,neha.patel6496@example.com,SG,2021-06-10,Premium,18978.47
6497,Omar Chen,omar.chen6497@example.com,JP,2023-07-01,Basic,16798.16
6498,Neha Chen,neha.chen6498@example.com,JP,2026-03-16,Standard,10535.61
6499,Omar Lopez,omar.lopez6499@example.com,DE,2020-12-15,Basic,8525.91
6500,Avery Smith,avery.smith6500@example.com,AU,2021-10-25,Standard,12558.14
6501,Quinn Lopez,quinn.lopez6501@example.com,DE,2024-05-11,Basic,17507.32
6502,Riley Garcia,riley.garcia6502@example.com,AU,2026-04-26,Basic,1617.69
6503,Quinn Garcia,quinn.garcia6503@example.com,DE,2020-01-18,Premium,2726.15
6504,Jamie Nguyen,jamie.nguyen6504@example.com,SG,2020-02-10,Premium,9782.76
6505,Morgan Patel,morgan.patel6505@example.com,SG,2021-01-05,Basic,16518.63
6506,Omar Kim,omar.kim6506@example.com,JP,2020-03-10,Basic,7288.27
6507,Arjun Kim,arjun.kim6507@example.com,BR,2020-01-19,Standard,15772.93
6508,Riley Kim,riley.kim6508@example.com,US,2024-08-19,Premium,6998.55
6509,Lucas Kim,lucas.kim6509@example.com,AU,2025-07-01,Standard,7505.58
6510,Jamie Garcia,jamie.garcia6510@example.com,SG,2025-11-03,Standard,16017.73
6511,Alex Singh,alex.singh6511@example.com,US,2020-05-24,Premium,17110.14
6512,Riley Silva,riley.silva6512@example.com,DE,2020-03-16,Premium,15060.32
6513,Jamie Müller,jamie.müller6513@example.com,UK,2024-12-25,Standard,17304.22
6514,Neha Kim,neha.kim6514@example.com,AU,2021-06-05,Basic,14506.32
6515,Priya Nguyen,priya.nguyen6515@example.com,IN,2021-04-19,Basic,10321.3
6516,Casey Smith,casey.smith6516@example.com,DE,2026-01-21,Premium,13750.31
6517,Omar Khan,omar.khan6517@example.com,SG,2023-09-11,Basic,13340.62
6518,Omar Garcia,omar.garcia6518@example.com,IN,2026-04-21,Standard,4037.42
6519,Sam Lopez,sam.lopez6519@example.com,IN,2021-01-19,Basic,18605.85
6520,Sam Silva,sam.silva6520@example.com,JP,2020-05-02,Premium,12769.08
6521,Omar Nguyen,omar.nguyen6521@example.com,BR,2022-07-25,Standard,13036.09
6522,Jamie Silva,jamie.silva6522@example.com,UK,2025-09-08,Premium,13018.38
6523,Riley Nguyen,riley.nguyen6523@example.com,AU,2026-07-09,Basic,5633.63
6524,Alex Kim,alex.kim6524@example.com,DE,2025-07-05,Basic,1032.5
6525,Riley Khan,riley.khan6525@example.com,SG,2023-02-13,Premium,16660.43
6526,Lucas Brown,lucas.brown6526@example.com,DE,2023-11-14,Basic,13785.48
6527,Taylor Khan,taylor.khan6527@example.com,DE,2021-09-28,Basic,5056.12
6528,Priya Garcia,priya.garcia6528@example.com,JP,2023-09-13,Standard,9059.98
6529,Taylor Chen,taylor.chen6529@example.com,AU,2020-07-13,Basic,5028.02
6530,Arjun Nguyen,arjun.nguyen6530@example.com,FR,2025-02-05,Basic,1278.67
6531,Sam Garcia,sam.garcia6531@example.com,BR,2023-09-12,Premium,5716.57
6532,Jamie Müller,jamie.müller6532@example.com,SG,2020-10-22,Basic,7143.02
6533,Avery Müller,avery.müller6533@example.com,FR,2021-11-24,Premium,18143.35
6534,Sam Brown,sam.brown6534@example.com,IN,2023-02-06,Basic,9362.76
6535,Lucas Nguyen,lucas.nguyen6535@example.com,CA,2026-06-10,Premium,4959.53
6536,Sam Nguyen,sam.nguyen6536@example.com,AU,2024-12-09,Standard,16790.94
6537,Casey Müller,casey.müller6537@example.com,UK,2021-07-02,Basic,18936.29
6538,Neha Patel,neha.patel6538@example.com,SG,2023-09-04,Basic,5414.43
6539,Alex Garcia,alex.garcia6539@example.com,SG,2023-06-02,Basic,17124.24
6540,Jamie Kim,jamie.kim6540@example.com,CA,2023-08-03,Standard,9631.15
6541,Omar Nguyen,omar.nguyen6541@example.com,IN,2022-08-31,Basic,10744.31
6542,Omar Brown,omar.brown6542@example.com,AU,2020-03-08,Basic,19134.49
6543,Jordan Lopez,jordan.lopez6543@example.com,SG,2021-01-05,Basic,7381.71
6544,Arjun Lopez,arjun.lopez6544@example.com,BR,2024-12-21,Basic,3790.79
6545,Morgan Chen,morgan.chen6545@example.com,AU,2022-02-10,Standard,16150.98
6546,Taylor Chen,taylor.chen6546@example.com,CA,2020-12-22,Premium,12760.5
6547,Alex Nguyen,alex.nguyen6547@example.com,BR,2021-03-10,Basic,15511.27
6548,Avery Nguyen,avery.nguyen6548@example.com,US,2025-12-15,Standard,10721.41
6549,Sofia Garcia,sofia.garcia6549@example.com,US,2021-07-26,Premium,18052.51
6550,Avery Khan,avery.khan6550@example.com,DE,2026-03-05,Basic,2048.95
6551,Sam Garcia,sam.garcia6551@example.com,US,2026-06-24,Basic,8567.12
6552,Lucas Nguyen,lucas.nguyen6552@example.com,DE,2024-12-19,Premium,18887.95
6553,Morgan Khan,morgan.khan6553@example.com,JP,2022-07-04,Standard,15498.18
6554,Avery Nguyen,avery.nguyen6554@example.com,AU,2024-09-18,Standard,69.18
6555,Taylor Chen,taylor.chen6555@example.com,US,2023-11-24,Standard,13204.08
6556,Priya Silva,priya.silva6556@example.com,CA,2022-03-04,Basic,8190.37
6557,Lucas Smith,lucas.smith6557@example.com,AU,2022-12-03,Standard,16383.08
6558,Morgan Chen,morgan.chen6558@example.com,DE,2020-11-06,Standard,5062.59
6559,Alex Chen,alex.chen6559@example.com,AU,2023-01-13,Standard,17890.6
6560,Lucas Lopez,lucas.lopez6560@example.com,DE,2020-07-24,Standard,10373.81
6561,Omar Müller,omar.müller6561@example.com,IN,2020-08-26,Premium,6643.79
6562,Taylor Garcia,taylor.garcia6562@example.com,SG,2021-12-22,Standard,16790.45
6563,Omar Garcia,omar.garcia6563@example.com,AU,2023-01-19,Standard,15558.23
6564,Jordan Khan,jordan.khan6564@example.com,US,2026-04-27,Standard,10337.83
6565,Jamie Smith,jamie.smith6565@example.com,IN,2023-04-18,Standard,2486.9
6566,Priya Chen,priya.chen6566@example.com,JP,2020-02-23,Premium,560.23
6567,Jordan Smith,jordan.smith6567@example.com,JP,2022-05-08,Basic,10154.03
6568,Priya Singh,priya.singh6568@example.com,BR,2024-12-11,Basic,4674.26
6569,Jamie Lopez,jamie.lopez6569@example.com,JP,2023-03-05,Premium,16898.76
6570,Avery Chen,avery.chen6570@example.com,US,2026-03-21,Basic,5562.07
6571,Morgan Patel,morgan.patel6571@example.com,SG,2025-12-15,Standard,18928.99
6572,Neha Silva,neha.silva6572@example.com,IN,2025-11-14,Premium,2911.86
6573,Morgan Smith,morgan.smith6573@example.com,AU,2023-04-18,Premium,18653.67
6574,Quinn Khan,quinn.khan6574@example.com,UK,2024-01-08,Basic,1401.89
6575,Sam Chen,sam.chen6575@example.com,US,2022-03-15,Standard,12043.22
6576,Alex Chen,alex.chen6576@example.com,CA,2021-11-11,Basic,11569.38
6577,Sam Garcia,sam.garcia6577@example.com,AU,2026-05-02,Standard,12447.88
6578,Jordan Lopez,jordan.lopez6578@example.com,DE,2021-07-25,Premium,11178.55
6579,Sofia Khan,sofia.khan6579@example.com,BR,2025-04-01,Standard,17059.05
6580,Jordan Khan,jordan.khan6580@example.com,BR,2021-11-08,Basic,10495.59
6581,Priya Patel,priya.patel6581@example.com,DE,2023-06-22,Premium,12970.93
6582,Lucas Müller,lucas.müller6582@example.com,DE,2025-12-26,Standard,5771.06
6583,Morgan Smith,morgan.smith6583@example.com,FR,2021-02-13,Basic,3971.23
6584,Avery Garcia,avery.garcia6584@example.com,SG,2022-04-17,Basic,12488.52
6585,Sofia Lopez,sofia.lopez6585@example.com,US,2022-01-08,Standard,15054.61
6586,Avery Müller,avery.müller6586@example.com,UK,2020-01-19,Standard,2492.05
6587,Jamie Müller,jamie.müller6587@example.com,IN,2026-03-06,Standard,2388.53
6588,Avery Patel,avery.patel6588@example.com,IN,2025-04-08,Basic,8328.48
6589,Priya Silva,priya.silva6589@example.com,JP,2024-07-20,Standard,9891.19
6590,Casey Lopez,casey.lopez6590@example.com,FR,2026-03-13,Basic,2738.74
6591,Jordan Kim,jordan.kim6591@example.com,US,2021-10-01,Basic,19403.96
6592,Sofia Brown,sofia.brown6592@example.com,JP,2023-01-10,Premium,7182.56
6593,Riley Kim,riley.kim6593@example.com,US,2022-05-06,Standard,308.54
6594,Sofia Silva,sofia.silva6594@example.com,FR,2025-05-28,Premium,11912.94
6595,Riley Singh,riley.singh6595@example.com,SG,2025-04-17,Basic,18579.87
6596,Neha Brown,neha.brown6596@example.com,AU,2025-03-21,Premium,3827.39
6597,Neha Singh,neha.singh6597@example.com,SG,2024-08-23,Standard,18963.11
6598,Arjun Patel,arjun.patel6598@example.com,CA,2023-07-19,Premium,9079.52
6599,Riley Brown,riley.brown6599@example.com,JP,2023-05-15,Standard,13574.56
6600,Casey Brown,casey.brown6600@example.com,UK,2024-09-13,Basic,16880.49
6601,Jordan Lopez,jordan.lopez6601@example.com,IN,2025-11-02,Standard,18968.17
6602,Taylor Patel,taylor.patel6602@example.com,AU,2024-11-07,Standard,17868.44
6603,Avery Müller,avery.müller6603@example.com,AU,2020-11-01,Standard,9225.94
6604,Jamie Lopez,jamie.lopez6604@example.com,BR,2025-07-18,Premium,12997.74
6605,Jordan Khan,jordan.khan6605@example.com,BR,2025-12-19,Premium,19412.57
6606,Morgan Müller,morgan.müller6606@example.com,DE,2020-10-04,Basic,4505.62
6607,Omar Brown,omar.brown6607@example.com,US,2021-12-27,Standard,6434.76
6608,Omar Smith,omar.smith6608@example.com,DE,2023-05-10,Basic,14923.64
6609,Arjun Nguyen,arjun.nguyen6609@example.com,DE,2022-09-14,Premium,15559.64
6610,Casey Kim,casey.kim6610@example.com,CA,2024-01-12,Premium,5613.98
6611,Priya Silva,priya.silva6611@example.com,US,2023-10-20,Premium,6370.01
6612,Priya Lopez,priya.lopez6612@example.com,JP,2025-12-12,Basic,2712.86
6613,Morgan Müller,morgan.müller6613@example.com,FR,2020-01-31,Basic,4090.47
6614,Riley Singh,riley.singh6614@example.com,UK,2025-03-15,Premium,7581.84
6615,Neha Garcia,neha.garcia6615@example.com,FR,2024-03-27,Basic,18713.72
6616,Quinn Silva,quinn.silva6616@example.com,BR,2022-01-06,Premium,12670.28
6617,Alex Kim,alex.kim6617@example.com,FR,2023-11-12,Basic,19871.85
6618,Lucas Müller,lucas.müller6618@example.com,JP,2022-01-29,Standard,10555.86
6619,Morgan Patel,morgan.patel6619@example.com,SG,2021-09-26,Premium,14491.89
6620,Quinn Patel,quinn.patel6620@example.com,UK,2022-07-02,Premium,10233.05
6621,Alex Nguyen,alex.nguyen6621@example.com,UK,2023-11-28,Premium,13719.8
6622,Quinn Lopez,quinn.lopez6622@example.com,IN,2025-08-17,Standard,5527.76
6623,Arjun Singh,arjun.singh6623@example.com,IN,2026-01-17,Basic,3325.52
6624,Avery Patel,avery.patel6624@example.com,CA,2020-01-15,Premium,17816.28
6625,Arjun Nguyen,arjun.nguyen6625@example.com,DE,2020-04-24,Premium,18096.35
6626,Riley Müller,riley.müller6626@example.com,UK,2024-10-31,Standard,3856.14
6627,Jamie Chen,jamie.chen6627@example.com,US,2023-06-17,Standard,11612.46
6628,Neha Brown,neha.brown6628@example.com,JP,2021-02-14,Standard,16574.95
6629,Omar Khan,omar.khan6629@example.com,UK,2021-01-13,Premium,2997.79
6630,Arjun Smith,arjun.smith6630@example.com,FR,2024-09-07,Premium,17016.16
6631,Omar Müller,omar.müller6631@example.com,AU,2024-04-29,Standard,19210.29
6632,Morgan Singh,morgan.singh6632@example.com,JP,2024-05-02,Premium,13720.19
6633,Riley Kim,riley.kim6633@example.com,US,2026-06-19,Premium,17028.21
6634,Sofia Garcia,sofia.garcia6634@example.com,FR,2023-03-31,Standard,9363.27
6635,Morgan Nguyen,morgan.nguyen6635@example.com,DE,2020-11-15,Standard,4087.03
6636,Alex Müller,alex.müller6636@example.com,CA,2024-05-05,Premium,2107.4
6637,Riley Lopez,riley.lopez6637@example.com,BR,2021-09-15,Basic,15401.28
6638,Avery Kim,avery.kim6638@example.com,BR,2023-06-30,Basic,1029.57
6639,Jamie Khan,jamie.khan6639@example.com,JP,2023-02-26,Basic,1660.69
6640,Sam Nguyen,sam.nguyen6640@example.com,DE,2022-11-06,Basic,14161.92
6641,Jordan Kim,jordan.kim6641@example.com,IN,2020-09-07,Basic,19017.45
6642,Taylor Nguyen,taylor.nguyen6642@example.com,BR,2022-08-20,Standard,8659.08
6643,Casey Müller,casey.müller6643@example.com,CA,2024-01-26,Standard,6155.24
6644,Jamie Smith,jamie.smith6644@example.com,FR,2023-09-18,Standard,12325.66
6645,Neha Garcia,neha.garcia6645@example.com,UK,2026-06-12,Standard,1565.25
6646,Taylor Khan,taylor.khan6646@example.com,US,2025-09-25,Standard,10564.62
6647,Sam Smith,sam.smith6647@example.com,BR,2024-08-25,Basic,923.0
6648,Jordan Garcia,jordan.garcia6648@example.com,BR,2020-01-26,Standard,8405.84
6649,Alex Khan,alex.khan6649@example.com,IN,2024-12-16,Standard,12269.04
6650,Priya Kim,priya.kim6650@example.com,FR,2021-03-09,Basic,7625.71
6651,Casey Singh,casey.singh6651@example.com,CA,2020-10-24,Premium,8357.44
6652,Lucas Müller,lucas.müller6652@example.com,FR,2023-03-25,Standard,19735.69
6653,Avery Garcia,avery.garcia6653@example.com,IN,2024-10-29,Standard,1166.77
6654,Riley Khan,riley.khan6654@example.com,CA,2021-09-18,Premium,15495.03
6655,Morgan Brown,morgan.brown6655@example.com,CA,2022-11-07,Premium,9245.25
6656,Sam Khan,sam.khan6656@example.com,US,2025-03-15,Premium,12350.07
6657,Arjun Smith,arjun.smith6657@example.com,UK,2022-09-25,Basic,13192.65
6658,Arjun Khan,arjun.khan6658@example.com,US,2024-10-09,Standard,8917.91
6659,Quinn Müller,quinn.müller6659@example.com,AU,2022-08-16,Premium,13158.31
6660,Taylor Silva,taylor.silva6660@example.com,IN,2022-11-09,Standard,11519.47
6661,Priya Brown,priya.brown6661@example.com,CA,2020-09-27,Premium,11279.99
6662,Riley Singh,riley.singh6662@example.com,SG,2021-12-29,Premium,165.44
6663,Riley Müller,riley.müller6663@example.com,FR,2020-10-22,Standard,15733.46
6664,Riley Smith,riley.smith6664@example.com,FR,2026-07-30,Basic,7116.59
6665,Taylor Silva,taylor.silva6665@example.com,BR,2026-02-20,Premium,2447.95
6666,Riley Nguyen,riley.nguyen6666@example.com,SG,2024-10-27,Premium,6716.58
6667,Jordan Brown,jordan.brown6667@example.com,US,2025-05-08,Basic,4598.06
6668,Casey Singh,casey.singh6668@example.com,SG,2020-09-16,Premium,17753.65
6669,Jamie Kim,jamie.kim6669@example.com,US,2022-10-08,Basic,15020.51
6670,Arjun Smith,arjun.smith6670@example.com,UK,2025-06-15,Standard,12027.06
6671,Casey Kim,casey.kim6671@example.com,FR,2022-08-01,Basic,19207.64
6672,Jamie Smith,jamie.smith6672@example.com,DE,2025-05-27,Basic,7890.04
6673,Quinn Kim,quinn.kim6673@example.com,SG,2026-07-20,Basic,5357.04
6674,Arjun Lopez,arjun.lopez6674@example.com,FR,2020-03-19,Premium,4534.05
6675,Alex Müller,alex.müller6675@example.com,BR,2022-11-09,Premium,5785.27
6676,Omar Khan,omar.khan6676@example.com,DE,2021-06-08,Basic,12994.55
6677,Priya Smith,priya.smith6677@example.com,AU,2020-08-22,Standard,18750.21
6678,Lucas Khan,lucas.khan6678@example.com,IN,2023-10-02,Basic,603.25
6679,Priya Patel,priya.patel6679@example.com,FR,2021-05-28,Premium,9359.16
6680,Riley Patel,riley.patel6680@example.com,US,2020-07-31,Standard,5100.04
6681,Quinn Silva,quinn.silva6681@example.com,SG,2022-08-06,Basic,2189.07
6682,Sam Silva,sam.silva6682@example.com,IN,2025-06-07,Standard,17089.5
6683,Alex Smith,alex.smith6683@example.com,DE,2022-11-15,Standard,7919.97
6684,Quinn Müller,quinn.müller6684@example.com,BR,2023-09-11,Basic,18671.96
6685,Morgan Silva,morgan.silva6685@example.com,CA,2023-02-13,Basic,7598.29
6686,Neha Smith,neha.smith6686@example.com,JP,2021-07-07,Premium,7905.47
6687,Jordan Singh,jordan.singh6687@example.com,JP,2022-12-14,Premium,3002.2
6688,Taylor Müller,taylor.müller6688@example.com,US,2022-03-01,Standard,10359.32
6689,Morgan Müller,morgan.müller6689@example.com,UK,2023-12-27,Premium,15820.82
6690,Jamie Smith,jamie.smith6690@example.com,CA,2022-06-03,Basic,4978.98
6691,Arjun Patel,arjun.patel6691@example.com,BR,2020-03-15,Premium,7948.68
6692,Priya Silva,priya.silva6692@example.com,JP,2024-03-09,Premium,13814.32
6693,Omar Nguyen,omar.nguyen6693@example.com,FR,2023-04-01,Basic,18709.66
6694,Morgan Khan,morgan.khan6694@example.com,IN,2024-10-16,Premium,8037.64
6695,Sam Silva,sam.silva6695@example.com,AU,2021-09-04,Standard,16692.84
6696,Sam Kim,sam.kim6696@example.com,AU,2022-09-26,Standard,7740.2
6697,Quinn Garcia,quinn.garcia6697@example.com,SG,2025-10-11,Premium,15129.52
6698,Avery Smith,avery.smith6698@example.com,DE,2024-01-05,Premium,12008.34
6699,Casey Lopez,casey.lopez6699@example.com,BR,2020-06-20,Basic,13086.59
6700,Arjun Kim,arjun.kim6700@example.com,UK,2026-04-08,Standard,17599.3
6701,Jamie Lopez,jamie.lopez6701@example.com,US,2021-01-15,Premium,5116.48
6702,Lucas Lopez,lucas.lopez6702@example.com,CA,2025-02-07,Standard,5483.08
6703,Lucas Kim,lucas.kim6703@example.com,JP,2025-03-12,Premium,5545.42
6704,Jordan Chen,jordan.chen6704@example.com,BR,2025-02-22,Basic,1403.65
6705,Jamie Brown,jamie.brown6705@example.com,BR,2023-10-09,Basic,9611.53
6706,Sofia Kim,sofia.kim6706@example.com,SG,2024-04-25,Premium,15606.91
6707,Jordan Khan,jordan.khan6707@example.com,DE,2022-10-24,Premium,6895.31
6708,Morgan Nguyen,morgan.nguyen6708@example.com,FR,2026-07-05,Premium,18454.13
6709,Alex Singh,alex.singh6709@example.com,IN,2025-07-28,Standard,8614.83
6710,Quinn Kim,,US,2025-04-24,Basic,18242.56
6711,Taylor Khan,taylor.khan6711@example.com,FR,2025-09-04,Standard,13252.02
6712,Sam Khan,sam.khan6712@example.com,BR,2026-06-18,Basic,2062.31
6713,Priya Müller,priya.müller6713@example.com,JP,2022-01-11,Premium,8233.09
6714,Jamie Patel,jamie.patel6714@example.com,IN,2020-05-11,Standard,10783.67
6715,Priya Silva,priya.silva6715@example.com,FR,2024-09-14,Standard,18664.24
6716,Taylor Garcia,taylor.garcia6716@example.com,BR,2023-09-04,Standard,13900.07
6717,Sam Müller,sam.müller6717@example.com,UK,2026-07-31,Premium,3366.62
6718,Lucas Müller,lucas.müller6718@example.com,SG,2025-12-27,Basic,7372.28
6719,Riley Singh,riley.singh6719@example.com,SG,2026-07-13,Premium,12509.19
6720,Neha Smith,neha.smith6720@example.com,FR,2023-04-11,Premium,14394.9
6721,Arjun Khan,arjun.khan6721@example.com,FR,2023-10-03,Standard,3906.36
6722,Avery Smith,avery.smith6722@example.com,CA,2022-05-28,Standard,17989.07
6723,Morgan Patel,morgan.patel6723@example.com,FR,2023-08-07,Standard,11331.43
6724,Lucas Smith,lucas.smith6724@example.com,JP,2021-05-19,Standard,15039.95
6725,Quinn Singh,quinn.singh6725@example.com,FR,2021-01-26,Standard,15007.2
6726,Alex Smith,alex.smith6726@example.com,US,2023-01-18,Premium,15697.66
6727,Arjun Nguyen,arjun.nguyen6727@example.com,US,2021-09-02,Premium,15495.8
6728,Taylor Smith,taylor.smith6728@example.com,BR,2023-07-03,Premium,8918.43
6729,Lucas Garcia,lucas.garcia6729@example.com,SG,2024-08-10,Basic,14824.66
6730,Riley Lopez,riley.lopez6730@example.com,FR,2025-08-23,Basic,17972.59
6731,Jamie Garcia,jamie.garcia6731@example.com,JP,2022-04-24,Basic,5384.19
6732,Lucas Chen,lucas.chen6732@example.com,SG,2021-09-03,Standard,2342.4
6733,Lucas Lopez,lucas.lopez6733@example.com,DE,2024-08-10,Standard,12639.84
6734,Priya Singh,priya.singh6734@example.com,JP,2024-02-09,Basic,18031.65
6735,Sofia Müller,sofia.müller6735@example.com,DE,2025-06-06,Premium,18209.66
6736,Priya Kim,priya.kim6736@example.com,SG,2021-08-08,Standard,12968.81
6737,Jordan Nguyen,jordan.nguyen6737@example.com,JP,2025-02-25,Premium,11186.99
6738,Morgan Lopez,morgan.lopez6738@example.com,BR,2020-01-09,Basic,2181.03
6739,Jamie Kim,jamie.kim6739@example.com,US,2022-11-19,Premium,19262.1
6740,Riley Brown,riley.brown6740@example.com,BR,2020-08-29,Premium,5905.67
6741,Morgan Patel,morgan.patel6741@example.com,BR,2024-06-13,Standard,9323.72
6742,Casey Silva,casey.silva6742@example.com,US,2024-11-28,Premium,19812.72
6743,Sofia Chen,sofia.chen6743@example.com,JP,2021-02-24,Standard,8627.99
6744,Priya Smith,priya.smith6744@example.com,BR,2023-04-25,Premium,19991.64
6745,Sofia Garcia,sofia.garcia6745@example.com,SG,2020-04-06,Basic,5917.48
6746,Taylor Silva,taylor.silva6746@example.com,BR,2025-03-06,Standard,2753.09
6747,Riley Silva,riley.silva6747@example.com,US,2021-08-12,Basic,6987.43
6748,Avery Patel,avery.patel6748@example.com,BR,2022-08-08,Basic,1381.57
6749,Jamie Nguyen,jamie.nguyen6749@example.com,CA,2025-05-30,Premium,6742.5
6750,Jordan Singh,jordan.singh6750@example.com,BR,2025-03-29,Basic,3193.63
6751,Jordan Khan,jordan.khan6751@example.com,DE,2024-11-20,Basic,477.78
6752,Taylor Brown,taylor.brown6752@example.com,AU,2020-05-14,Basic,16272.17
6753,Neha Patel,neha.patel6753@example.com,DE,2022-11-20,Premium,14046.35
6754,Lucas Kim,lucas.kim6754@example.com,IN,2021-07-07,Premium,15869.61
6755,Jordan Lopez,jordan.lopez6755@example.com,BR,2024-04-21,Standard,8736.77
6756,Priya Singh,priya.singh6756@example.com,US,2023-08-21,Premium,14730.88
6757,Riley Singh,riley.singh6757@example.com,UK,2021-04-11,Basic,17255.58
6758,Quinn Kim,quinn.kim6758@example.com,AU,2022-07-05,Basic,3374.96
6759,Omar Patel,omar.patel6759@example.com,JP,2026-03-03,Basic,289.93
6760,Sam Kim,sam.kim6760@example.com,FR,2020-05-11,Standard,9089.03
6761,Riley Patel,riley.patel6761@example.com,DE,2024-03-28,Standard,17152.29
6762,Neha Singh,neha.singh6762@example.com,AU,2023-09-22,Standard,2710.99
6763,Taylor Brown,taylor.brown6763@example.com,IN,2020-05-03,Standard,272.13
6764,Arjun Khan,arjun.khan6764@example.com,AU,2025-07-31,Premium,7315.19
6765,Riley Chen,riley.chen6765@example.com,AU,2020-05-27,Basic,7999.63
6766,Lucas Singh,lucas.singh6766@example.com,CA,2021-01-14,Premium,15460.18
6767,Priya Khan,priya.khan6767@example.com,SG,2026-07-14,Basic,10945.95
6768,Omar Khan,omar.khan6768@example.com,UK,2023-07-26,Basic,7973.07
6769,Casey Nguyen,casey.nguyen6769@example.com,DE,2023-07-08,Standard,547.87
6770,Neha Khan,neha.khan6770@example.com,UK,2023-10-03,Basic,6949.48
6771,Arjun Patel,arjun.patel6771@example.com,JP,2025-01-03,Basic,19044.83
6772,Sam Chen,sam.chen6772@example.com,DE,2025-04-28,Basic,5046.76
6773,Priya Kim,priya.kim6773@example.com,IN,2021-12-08,Standard,16062.18
6774,Quinn Singh,quinn.singh6774@example.com,AU,2025-12-10,Basic,446.88
6775,Sam Chen,sam.chen6775@example.com,JP,2024-09-29,Basic,3232.1
6776,Morgan Singh,morgan.singh6776@example.com,BR,2020-12-31,Standard,5580.77
6777,Neha Patel,neha.patel6777@example.com,AU,2021-09-01,Basic,16100.42
6778,Omar Brown,omar.brown6778@example.com,DE,2021-09-11,Premium,2593.75
6779,Quinn Silva,quinn.silva6779@example.com,US,2025-09-20,Premium,19605.49
6780,Alex Patel,alex.patel6780@example.com,CA,2025-12-02,Basic,2207.4
6781,Sofia Patel,sofia.patel6781@example.com,SG,2026-04-06,Basic,5485.77
6782,Quinn Kim,quinn.kim6782@example.com,JP,2023-05-22,Basic,13337.22
6783,Taylor Garcia,taylor.garcia6783@example.com,BR,2025-10-11,Premium,9776.29
6784,Avery Smith,avery.smith6784@example.com,US,2025-11-04,Premium,6506.43
6785,Alex Brown,alex.brown6785@example.com,FR,2020-06-20,Basic,2458.73
6786,Alex Kim,alex.kim6786@example.com,DE,2023-03-03,Basic,16795.1
6787,Priya Smith,priya.smith6787@example.com,FR,2021-04-05,Basic,14448.17
6788,Jordan Brown,jordan.brown6788@example.com,BR,2022-06-25,Standard,19146.06
6789,Omar Chen,omar.chen6789@example.com,SG,2020-06-04,Basic,3728.34
6790,Taylor Kim,taylor.kim6790@example.com,IN,2021-02-02,Standard,14048.02
6791,Jamie Nguyen,jamie.nguyen6791@example.com,US,2021-07-15,Basic,1547.97
6792,Jamie Nguyen,jamie.nguyen6792@example.com,JP,2024-09-24,Standard,2926.52
6793,Taylor Garcia,taylor.garcia6793@example.com,AU,2026-05-07,Basic,17285.8
6794,Neha Garcia,neha.garcia6794@example.com,US,2025-02-15,Standard,12456.79
6795,Quinn Chen,quinn.chen6795@example.com,AU,2020-11-02,Premium,7806.42
6796,Casey Smith,casey.smith6796@example.com,DE,2022-07-06,Premium,14493.67
6797,Quinn Lopez,quinn.lopez6797@example.com,BR,2024-02-22,Standard,19373.94
6798,Arjun Silva,arjun.silva6798@example.com,IN,2024-09-14,Standard,7120.74
6799,Taylor Kim,taylor.kim6799@example.com,US,2023-03-15,Basic,12491.25
6800,Jordan Singh,jordan.singh6800@example.com,DE,2025-08-15,Basic,13524.47
6801,Neha Singh,neha.singh6801@example.com,IN,2024-06-17,Standard,7066.61
6802,Neha Garcia,neha.garcia6802@example.com,SG,2023-08-15,Premium,15896.42
6803,Casey Garcia,casey.garcia6803@example.com,DE,2020-04-04,Standard,19923.7
6804,Quinn Lopez,quinn.lopez6804@example.com,FR,2025-06-26,Standard,5130.73
6805,Riley Nguyen,riley.nguyen6805@example.com,IN,2022-06-10,Basic,17334.82
6806,Arjun Brown,arjun.brown6806@example.com,JP,2022-10-26,Standard,10904.56
6807,Taylor Müller,taylor.müller6807@example.com,US,2023-08-15,Basic,4041.55
6808,Avery Singh,avery.singh6808@example.com,US,2025-10-23,Premium,7411.41
6809,Quinn Garcia,quinn.garcia6809@example.com,JP,2025-10-10,Basic,7089.76
6810,Taylor Chen,taylor.chen6810@example.com,UK,2020-03-03,Standard,12257.66
6811,Arjun Nguyen,arjun.nguyen6811@example.com,SG,2022-03-14,Premium,7440.6
6812,Omar Garcia,omar.garcia6812@example.com,JP,2024-11-19,Basic,3306.49
6813,Avery Nguyen,avery.nguyen6813@example.com,FR,2022-08-24,Premium,16133.7
6814,Lucas Brown,lucas.brown6814@example.com,DE,2022-11-07,Premium,10671.85
6815,Arjun Brown,arjun.brown6815@example.com,JP,2026-04-16,Basic,15592.65
6816,Jordan Garcia,jordan.garcia6816@example.com,UK,2025-10-06,Premium,1804.21
6817,Sofia Silva,sofia.silva6817@example.com,IN,2020-04-19,Standard,2642.39
6818,Jamie Brown,jamie.brown6818@example.com,US,2021-06-30,Basic,7762.16
6819,Jamie Singh,jamie.singh6819@example.com,JP,2022-07-03,Standard,13355.57
6820,Quinn Patel,quinn.patel6820@example.com,CA,2022-10-07,Basic,1510.81
6821,Morgan Garcia,morgan.garcia6821@example.com,DE,2021-05-21,Basic,8652.11
6822,Omar Silva,omar.silva6822@example.com,SG,2020-07-23,Standard,8469.47
6823,Lucas Lopez,lucas.lopez6823@example.com,CA,2025-04-11,Standard,12935.7
6824,Casey Smith,casey.smith6824@example.com,IN,2020-11-21,Basic,17456.03
6825,Jamie Smith,jamie.smith6825@example.com,FR,2022-08-01,Basic,5043.94
6826,Sofia Müller,sofia.müller6826@example.com,UK,2024-06-02,Premium,15857.49
6827,Sofia Silva,sofia.silva6827@example.com,JP,2023-11-17,Basic,4472.69
6828,Jamie Garcia,jamie.garcia6828@example.com,UK,2023-08-22,Premium,11849.88
6829,Casey Garcia,casey.garcia6829@example.com,CA,2021-06-08,Standard,17707.2
6830,Lucas Silva,lucas.silva6830@example.com,JP,2022-01-13,Standard,9150.95
6831,Arjun Silva,arjun.silva6831@example.com,AU,2020-07-15,Premium,19902.72
6832,Arjun Garcia,arjun.garcia6832@example.com,IN,2021-02-12,Standard,10550.32
6833,Omar Smith,omar.smith6833@example.com,DE,2024-03-30,Premium,10648.33
6834,Neha Lopez,neha.lopez6834@example.com,FR,2025-06-26,Basic,16652.09
6835,Jamie Garcia,jamie.garcia6835@example.com,US,2023-03-14,Standard,6657.95
6836,Avery Brown,avery.brown6836@example.com,FR,2023-06-28,Standard,15068.69
6837,Jordan Nguyen,jordan.nguyen6837@example.com,SG,2022-09-28,Basic,11815.37
6838,Priya Kim,priya.kim6838@example.com,UK,2020-08-11,Premium,19816.07
6839,Priya Singh,priya.singh6839@example.com,BR,2020-11-28,Standard,14268.13
6840,Lucas Chen,lucas.chen6840@example.com,CA,2024-08-12,Basic,19743.81
6841,Sofia Müller,sofia.müller6841@example.com,IN,2025-10-30,Basic,10359.77
6842,Omar Kim,omar.kim6842@example.com,BR,2020-11-17,Premium,17401.08
6843,Priya Chen,priya.chen6843@example.com,CA,2023-09-05,Basic,2744.6
6844,Sam Patel,sam.patel6844@example.com,FR,2023-10-05,Basic,8792.64
6845,Avery Khan,avery.khan6845@example.com,AU,2020-07-30,Premium,12394.52
6846,Sofia Kim,sofia.kim6846@example.com,JP,2025-06-19,Basic,8479.27
6847,Neha Khan,neha.khan6847@example.com,DE,2025-08-31,Basic,7612.5
6848,Arjun Singh,arjun.singh6848@example.com,SG,2025-07-14,Basic,9322.09
6849,Sam Lopez,sam.lopez6849@example.com,JP,2026-03-19,Basic,12651.67
6850,Casey Smith,casey.smith6850@example.com,US,2026-03-03,Basic,12913.85
6851,Alex Smith,alex.smith6851@example.com,IN,2022-11-12,Premium,10116.96
6852,Omar Khan,omar.khan6852@example.com,BR,2020-08-24,Standard,3684.99
6853,Sam Brown,sam.brown6853@example.com,JP,2023-08-17,Basic,6836.89
6854,Quinn Chen,quinn.chen6854@example.com,US,2026-05-03,Basic,7980.89
6855,Taylor Khan,taylor.khan6855@example.com,US,2025-09-25,Premium,81.22
6856,Quinn Khan,quinn.khan6856@example.com,AU,2025-10-09,Basic,9700.76
6857,Riley Singh,riley.singh6857@example.com,UK,2021-12-15,Standard,17163.27
6858,Jamie Lopez,jamie.lopez6858@example.com,SG,2024-06-02,Standard,7023.94
6859,Casey Chen,casey.chen6859@example.com,CA,2025-10-15,Premium,17076.94
6860,Arjun Patel,arjun.patel6860@example.com,JP,2021-05-24,Basic,9321.73
6861,Priya Patel,priya.patel6861@example.com,UK,2022-06-08,Standard,4153.16
6862,Avery Brown,avery.brown6862@example.com,DE,2024-11-04,Standard,7494.11
6863,Sofia Khan,sofia.khan6863@example.com,JP,2025-07-31,Standard,4292.88
6864,Casey Nguyen,casey.nguyen6864@example.com,AU,2025-12-19,Standard,6487.28
6865,Morgan Khan,morgan.khan6865@example.com,IN,2020-02-07,Standard,14191.74
6866,Sofia Chen,sofia.chen6866@example.com,IN,2022-11-17,Premium,9432.73
6867,Lucas Patel,lucas.patel6867@example.com,UK,2025-09-19,Premium,19113.64
6868,Omar Patel,omar.patel6868@example.com,SG,2020-05-24,Standard,16855.26
6869,Neha Nguyen,neha.nguyen6869@example.com,BR,2025-07-30,Basic,5495.34
6870,Casey Lopez,casey.lopez6870@example.com,IN,2025-02-24,Premium,15026.44
6871,Riley Singh,riley.singh6871@example.com,DE,2024-02-17,Standard,8492.75
6872,Avery Lopez,avery.lopez6872@example.com,US,2022-06-12,Premium,6997.88
6873,Morgan Nguyen,morgan.nguyen6873@example.com,SG,2024-03-02,Basic,2930.94
6874,Arjun Brown,arjun.brown6874@example.com,FR,2024-12-29,Basic,14731.74
6875,Neha Silva,neha.silva6875@example.com,DE,2023-08-04,Basic,259.87
6876,Sam Lopez,sam.lopez6876@example.com,US,2025-08-06,Premium,10475.71
6877,Avery Khan,avery.khan6877@example.com,SG,2023-05-03,Standard,16830.69
6878,Quinn Lopez,quinn.lopez6878@example.com,BR,2020-10-21,Premium,13613.3
6879,Sam Singh,sam.singh6879@example.com,SG,2022-04-18,Basic,8127.43
6880,Avery Patel,avery.patel6880@example.com,SG,2024-06-05,Premium,17219.63
6881,Sofia Brown,sofia.brown6881@example.com,BR,2023-05-06,Standard,4498.15
6882,Jordan Chen,jordan.chen6882@example.com,AU,2020-09-17,Basic,12122.86
6883,Priya Nguyen,priya.nguyen6883@example.com,BR,2022-06-10,Premium,1280.2
6884,Neha Kim,neha.kim6884@example.com,BR,2021-08-17,Basic,18515.34
6885,Jordan Brown,jordan.brown6885@example.com,IN,2024-05-11,Standard,1176.9
6886,Sofia Lopez,sofia.lopez6886@example.com,US,2023-05-15,Basic,2206.48
6887,Morgan Lopez,morgan.lopez6887@example.com,AU,2022-03-11,Basic,14602.93
6888,Avery Chen,avery.chen6888@example.com,BR,2024-02-03,Premium,9680.48
6889,Riley Chen,riley.chen6889@example.com,AU,2026-07-06,Basic,10905.3
6890,Sofia Silva,sofia.silva6890@example.com,JP,2020-09-07,Standard,7242.81
6891,Jordan Silva,jordan.silva6891@example.com,IN,2022-01-16,Basic,11776.92
6892,Neha Chen,neha.chen6892@example.com,SG,2021-01-28,Standard,5884.21
6893,Riley Silva,riley.silva6893@example.com,US,2020-07-22,Basic,2589.49
6894,Avery Kim,avery.kim6894@example.com,IN,2022-05-18,Premium,7852.34
6895,Morgan Silva,morgan.silva6895@example.com,CA,2024-09-19,Premium,3174.25
6896,Avery Nguyen,avery.nguyen6896@example.com,FR,2026-01-03,Standard,1561.06
6897,Lucas Silva,lucas.silva6897@example.com,IN,2021-07-08,Basic,12170.19
6898,Sam Müller,sam.müller6898@example.com,CA,2021-12-08,Basic,12526.81
6899,Arjun Patel,arjun.patel6899@example.com,SG,2023-12-17,Standard,15070.12
6900,Lucas Nguyen,lucas.nguyen6900@example.com,AU,2023-10-08,Basic,12020.69
6901,Casey Kim,casey.kim6901@example.com,AU,2024-01-20,Premium,13831.53
6902,Priya Müller,priya.müller6902@example.com,JP,2020-04-15,Standard,3939.44
6903,Casey Garcia,casey.garcia6903@example.com,FR,2021-12-27,Basic,18571.31
6904,Avery Brown,avery.brown6904@example.com,UK,2026-02-02,Standard,10566.75
6905,Lucas Patel,lucas.patel6905@example.com,AU,2022-03-05,Standard,16066.46
6906,Omar Singh,omar.singh6906@example.com,JP,2021-10-03,Standard,10548.65
6907,Jamie Lopez,jamie.lopez6907@example.com,JP,2022-12-25,Standard,5575.76
6908,Arjun Brown,arjun.brown6908@example.com,US,2025-02-06,Basic,3060.27
6909,Avery Patel,avery.patel6909@example.com,US,2021-05-18,Basic,18986.33
6910,Jordan Müller,jordan.müller6910@example.com,FR,2020-07-20,Basic,9629.65
6911,Neha Lopez,neha.lopez6911@example.com,CA,2023-12-07,Premium,14956.12
6912,Priya Müller,priya.müller6912@example.com,IN,2020-02-19,Standard,10619.11
6913,Taylor Smith,taylor.smith6913@example.com,FR,2026-03-27,Basic,16482.78
6914,Lucas Chen,lucas.chen6914@example.com,JP,2022-11-30,Standard,10015.99
6915,Sam Chen,sam.chen6915@example.com,DE,2025-01-03,Basic,16235.82
6916,Omar Nguyen,omar.nguyen6916@example.com,DE,2024-04-22,Basic,5948.76
6917,Priya Kim,priya.kim6917@example.com,DE,2022-08-16,Standard,16353.91
6918,Sofia Singh,sofia.singh6918@example.com,SG,2024-07-30,Premium,4012.72
6919,Lucas Chen,lucas.chen6919@example.com,UK,2021-10-01,Basic,8636.56
6920,Riley Müller,riley.müller6920@example.com,IN,2020-10-31,Standard,60.34
6921,Morgan Silva,morgan.silva6921@example.com,CA,2022-04-26,Basic,17727.06
6922,Lucas Kim,lucas.kim6922@example.com,CA,2023-07-06,Premium,6496.49
6923,Riley Patel,riley.patel6923@example.com,SG,2023-04-01,Premium,6423.85
6924,Alex Singh,alex.singh6924@example.com,JP,2021-06-18,Standard,577.09
6925,Lucas Khan,lucas.khan6925@example.com,SG,2024-10-15,Premium,11923.69
6926,Quinn Brown,quinn.brown6926@example.com,SG,2025-06-16,Standard,4763.05
6927,Omar Nguyen,omar.nguyen6927@example.com,US,2026-06-01,Basic,15033.94
6928,Priya Chen,priya.chen6928@example.com,IN,2026-03-30,Premium,8809.72
6929,Jamie Silva,jamie.silva6929@example.com,DE,2024-05-11,Standard,7328.53
6930,Sofia Khan,sofia.khan6930@example.com,FR,2025-11-29,Standard,10503.26
6931,Jamie Müller,jamie.müller6931@example.com,SG,2023-11-19,Basic,17448.23
6932,Sofia Patel,sofia.patel6932@example.com,DE,2021-04-08,Basic,12260.88
6933,Quinn Singh,quinn.singh6933@example.com,CA,2024-05-17,Premium,18380.44
6934,Avery Chen,avery.chen6934@example.com,AU,2022-01-11,Standard,9603.9
6935,Lucas Silva,lucas.silva6935@example.com,JP,2023-02-11,Premium,8799.84
6936,Riley Patel,riley.patel6936@example.com,UK,2022-06-29,Basic,5519.59
6937,Sofia Silva,sofia.silva6937@example.com,AU,2024-04-19,Premium,15719.72
6938,Sam Müller,sam.müller6938@example.com,SG,2025-10-27,Standard,6675.6
6939,Lucas Chen,lucas.chen6939@example.com,FR,2022-06-23,Premium,14622.9
6940,Jordan Khan,jordan.khan6940@example.com,US,2020-09-01,Standard,11804.43
6941,Priya Singh,priya.singh6941@example.com,AU,2021-04-09,Standard,4640.79
6942,Priya Müller,priya.müller6942@example.com,AU,2023-03-10,Premium,6484.27
6943,Sam Chen,sam.chen6943@example.com,DE,2023-02-09,Standard,18514.89
6944,Jamie Nguyen,jamie.nguyen6944@example.com,UK,2025-04-06,Premium,19614.48
6945,Morgan Chen,morgan.chen6945@example.com,DE,2022-10-08,Premium,15506.79
6946,Omar Brown,omar.brown6946@example.com,DE,2022-04-08,Standard,17551.77
6947,Morgan Lopez,morgan.lopez6947@example.com,AU,2025-04-18,Standard,18657.41
6948,Alex Chen,alex.chen6948@example.com,BR,2021-10-02,Basic,3758.79
6949,Taylor Chen,taylor.chen6949@example.com,BR,2020-01-01,Basic,9827.23
6950,Lucas Khan,lucas.khan6950@example.com,AU,2025-04-11,Basic,13050.23
6951,Casey Lopez,casey.lopez6951@example.com,JP,2022-02-18,Standard,17046.19
6952,Omar Kim,omar.kim6952@example.com,US,2025-04-04,Standard,4428.87
6953,Avery Nguyen,avery.nguyen6953@example.com,BR,2024-08-14,Premium,11405.92
6954,Lucas Müller,lucas.müller6954@example.com,AU,2023-10-04,Premium,15829.72
6955,Jordan Khan,jordan.khan6955@example.com,CA,2023-02-10,Standard,13252.11
6956,Sofia Lopez,sofia.lopez6956@example.com,UK,2024-06-25,Premium,18905.83
6957,Alex Khan,alex.khan6957@example.com,IN,2020-03-11,Standard,12262.47
6958,Riley Lopez,riley.lopez6958@example.com,UK,2024-07-15,Standard,2996.94
6959,Riley Brown,riley.brown6959@example.com,CA,2024-04-29,Premium,363.21
6960,Jamie Khan,jamie.khan6960@example.com,IN,2023-12-09,Standard,10022.51
6961,Sam Silva,sam.silva6961@example.com,JP,2023-08-01,Premium,11701.87
6962,Sofia Garcia,sofia.garcia6962@example.com,CA,2023-07-17,Basic,1856.69
6963,Sofia Khan,sofia.khan6963@example.com,US,2025-09-03,Basic,10041.24
6964,Alex Silva,alex.silva6964@example.com,AU,2023-07-15,Premium,13829.12
6965,Alex Brown,alex.brown6965@example.com,DE,2024-05-24,Standard,12390.82
6966,Lucas Garcia,lucas.garcia6966@example.com,BR,2025-11-06,Premium,17415.03
6967,Arjun Smith,arjun.smith6967@example.com,JP,2020-04-08,Standard,1687.32
6968,Morgan Smith,morgan.smith6968@example.com,BR,2024-08-28,Standard,3674.37
6969,Casey Müller,casey.müller6969@example.com,IN,2023-07-24,Standard,10972.81
6970,Sofia Smith,sofia.smith6970@example.com,UK,2025-06-03,Basic,18740.55
6971,Avery Silva,avery.silva6971@example.com,SG,2026-03-30,Premium,2277.2
6972,Riley Singh,riley.singh6972@example.com,IN,2022-07-01,Standard,2113.33
6973,Avery Smith,avery.smith6973@example.com,BR,2022-02-26,Basic,755.04
6974,Arjun Müller,arjun.müller6974@example.com,DE,2020-05-16,Standard,11207.38
6975,Morgan Nguyen,morgan.nguyen6975@example.com,FR,2021-05-21,Standard,8888.76
6976,Morgan Müller,morgan.müller6976@example.com,BR,2024-10-09,Standard,13350.83
6977,Jordan Nguyen,jordan.nguyen6977@example.com,JP,2025-05-23,Standard,19913.86
6978,Arjun Chen,arjun.chen6978@example.com,AU,2025-01-12,Premium,14713.51
6979,Priya Singh,priya.singh6979@example.com,IN,2020-01-13,Standard,18871.67
6980,Sofia Silva,sofia.silva6980@example.com,UK,2023-12-20,Premium,5908.6
6981,Riley Brown,riley.brown6981@example.com,FR,2025-08-18,Basic,1340.6
6982,Priya Brown,priya.brown6982@example.com,FR,2025-01-07,Premium,4264.04
6983,Lucas Müller,,CA,2024-01-13,Standard,12604.21
6984,Jordan Müller,jordan.müller6984@example.com,US,2021-09-18,Standard,18826.93
6985,Alex Singh,alex.singh6985@example.com,IN,2024-02-23,Premium,15794.73
6986,Jamie Chen,jamie.chen6986@example.com,DE,2021-04-23,Standard,7610.55
6987,Taylor Nguyen,taylor.nguyen6987@example.com,IN,2020-12-18,Standard,12722.48
6988,Neha Nguyen,neha.nguyen6988@example.com,IN,2022-08-04,Basic,5726.43
6989,Quinn Silva,quinn.silva6989@example.com,AU,2020-07-03,Premium,876.55
6990,Jamie Brown,jamie.brown6990@example.com,FR,2023-05-17,Premium,18981.81
6991,Casey Garcia,casey.garcia6991@example.com,JP,2020-04-04,Standard,17489.1
6992,Jordan Khan,jordan.khan6992@example.com,BR,2023-06-24,Basic,15803.18
6993,Avery Brown,avery.brown6993@example.com,BR,2023-11-27,Basic,13935.44
6994,Jordan Khan,jordan.khan6994@example.com,DE,2024-05-31,Premium,11270.33
6995,Neha Singh,neha.singh6995@example.com,JP,2021-07-27,Premium,6122.81
6996,Priya Müller,priya.müller6996@example.com,IN,2025-06-07,Premium,10503.35
6997,Avery Kim,avery.kim6997@example.com,AU,2020-09-21,Standard,17430.0
6998,Riley Singh,riley.singh6998@example.com,CA,2024-07-24,Standard,14061.85
6999,Jordan Smith,jordan.smith6999@example.com,US,2022-11-30,Standard,4273.79
7000,Alex Singh,alex.singh7000@example.com,FR,2026-02-05,Basic,8371.52
7001,Riley Brown,riley.brown7001@example.com,IN,2023-05-20,Premium,13764.12
7002,Neha Patel,neha.patel7002@example.com,JP,2020-07-27,Basic,11612.01
7003,Sofia Kim,sofia.kim7003@example.com,IN,2025-08-01,Premium,19050.55
7004,Taylor Nguyen,taylor.nguyen7004@example.com,BR,2025-12-24,Basic,2097.81
7005,Alex Kim,alex.kim7005@example.com,FR,2023-04-19,Standard,12074.63
7006,Riley Müller,riley.müller7006@example.com,IN,2024-02-03,Premium,2067.9
7007,Quinn Brown,quinn.brown7007@example.com,CA,2024-08-01,Standard,19906.79
7008,Arjun Silva,arjun.silva7008@example.com,DE,2021-04-02,Premium,17328.32
7009,Avery Nguyen,avery.nguyen7009@example.com,IN,2021-06-05,Standard,8078.57
7010,Sofia Nguyen,sofia.nguyen7010@example.com,UK,2021-10-24,Basic,7125.37
7011,Lucas Lopez,lucas.lopez7011@example.com,SG,2023-06-19,Standard,5637.95
7012,Jordan Müller,jordan.müller7012@example.com,US,2026-04-29,Basic,10136.96
7013,Sofia Patel,sofia.patel7013@example.com,JP,2022-08-06,Basic,4448.39
7014,Priya Silva,priya.silva7014@example.com,IN,2024-10-03,Premium,17881.44
7015,Riley Nguyen,riley.nguyen7015@example.com,IN,2022-12-21,Standard,8983.56
7016,Omar Brown,omar.brown7016@example.com,US,2022-12-21,Standard,15332.92
7017,Arjun Garcia,arjun.garcia7017@example.com,BR,2022-12-06,Standard,19372.49
7018,Casey Chen,casey.chen7018@example.com,BR,2023-03-16,Basic,19721.18
7019,Quinn Patel,quinn.patel7019@example.com,SG,2021-04-14,Premium,18643.93
7020,Sofia Müller,sofia.müller7020@example.com,US,2022-11-07,Basic,10144.33
7021,Omar Garcia,omar.garcia7021@example.com,US,2022-02-14,Basic,16169.09
7022,Sofia Kim,sofia.kim7022@example.com,SG,2024-05-25,Standard,14732.06
7023,Jamie Garcia,jamie.garcia7023@example.com,JP,2024-09-03,Premium,14115.42
7024,Lucas Singh,lucas.singh7024@example.com,IN,2023-06-27,Standard,5267.51
7025,Quinn Smith,quinn.smith7025@example.com,UK,2024-11-18,Basic,2523.29
7026,Arjun Kim,arjun.kim7026@example.com,CA,2021-09-26,Standard,7096.77
7027,Neha Patel,neha.patel7027@example.com,FR,2022-03-19,Premium,16354.24
7028,Omar Lopez,omar.lopez7028@example.com,UK,2020-12-27,Premium,10690.58
7029,Taylor Lopez,taylor.lopez7029@example.com,AU,2023-11-12,Premium,16857.19
7030,Arjun Singh,arjun.singh7030@example.com,UK,2024-01-22,Premium,17332.11
7031,Priya Smith,priya.smith7031@example.com,AU,2024-07-04,Basic,10091.19
7032,Jordan Müller,jordan.müller7032@example.com,CA,2025-11-22,Premium,13957.62
7033,Sofia Garcia,sofia.garcia7033@example.com,JP,2020-10-21,Premium,7856.27
7034,Morgan Singh,morgan.singh7034@example.com,US,2022-01-25,Basic,12385.15
7035,Lucas Müller,lucas.müller7035@example.com,IN,2022-10-13,Premium,8163.86
7036,Riley Silva,riley.silva7036@example.com,DE,2022-09-25,Premium,17574.12
7037,Casey Silva,casey.silva7037@example.com,JP,2024-10-25,Standard,5863.84
7038,Priya Müller,,FR,2021-05-21,Basic,12709.45
7039,Jamie Nguyen,jamie.nguyen7039@example.com,FR,2025-01-02,Basic,14142.33
7040,Jamie Chen,jamie.chen7040@example.com,UK,2026-06-13,Standard,5406.3
7041,Morgan Patel,morgan.patel7041@example.com,DE,2024-09-04,Standard,6964.23
7042,Lucas Garcia,lucas.garcia7042@example.com,BR,2024-08-01,Basic,5249.65
7043,Alex Khan,alex.khan7043@example.com,AU,2022-07-30,Standard,13000.25
7044,Sofia Khan,sofia.khan7044@example.com,FR,2022-05-07,Premium,683.38
7045,Sam Nguyen,sam.nguyen7045@example.com,IN,2022-04-25,Premium,9699.09
7046,Alex Brown,alex.brown7046@example.com,DE,2023-05-23,Premium,18307.02
7047,Avery Kim,avery.kim7047@example.com,DE,2021-02-21,Basic,6412.02
7048,Taylor Müller,taylor.müller7048@example.com,US,2021-03-07,Standard,8086.16
7049,Alex Garcia,alex.garcia7049@example.com,DE,2024-09-30,Premium,10778.02
7050,Taylor Chen,taylor.chen7050@example.com,DE,2025-08-13,Basic,16739.15
7051,Arjun Kim,arjun.kim7051@example.com,IN,2021-03-27,Standard,5556.83
7052,Avery Chen,avery.chen7052@example.com,JP,2026-02-06,Premium,7221.62
7053,Avery Singh,avery.singh7053@example.com,IN,2023-07-24,Basic,16079.18
7054,Alex Khan,alex.khan7054@example.com,BR,2024-10-12,Premium,10027.16
7055,Riley Kim,riley.kim7055@example.com,BR,2023-12-17,Premium,5829.59
7056,Jordan Garcia,jordan.garcia7056@example.com,BR,2021-12-16,Premium,6253.24
7057,Lucas Müller,lucas.müller7057@example.com,SG,2021-06-23,Premium,18665.35
7058,Priya Patel,priya.patel7058@example.com,FR,2021-08-22,Standard,19235.25
7059,Taylor Kim,taylor.kim7059@example.com,AU,2020-06-25,Standard,2551.18
7060,Jordan Müller,jordan.müller7060@example.com,CA,2020-05-15,Premium,6495.41
7061,Lucas Chen,lucas.chen7061@example.com,SG,2025-07-26,Basic,402.35
7062,Casey Lopez,casey.lopez7062@example.com,SG,2025-11-14,Premium,791.55
7063,Lucas Khan,lucas.khan7063@example.com,AU,2022-01-23,Standard,10642.95
7064,Omar Brown,omar.brown7064@example.com,US,2025-12-24,Premium,8404.02
7065,Sam Nguyen,sam.nguyen7065@example.com,FR,2021-11-02,Premium,5853.67
7066,Sofia Kim,sofia.kim7066@example.com,JP,2022-03-13,Premium,10532.81
7067,Sofia Patel,sofia.patel7067@example.com,CA,2022-03-20,Basic,406.91
7068,Alex Chen,alex.chen7068@example.com,UK,2020-04-17,Premium,6858.72
7069,Neha Garcia,neha.garcia7069@example.com,BR,2020-06-11,Standard,195.08
7070,Riley Khan,riley.khan7070@example.com,CA,2025-07-10,Standard,10297.63
7071,Priya Khan,priya.khan7071@example.com,JP,2025-11-13,Basic,10708.51
7072,Riley Patel,riley.patel7072@example.com,DE,2021-11-20,Standard,4606.82
7073,Taylor Brown,,UK,2021-09-17,Basic,15704.17
7074,Morgan Garcia,morgan.garcia7074@example.com,UK,2026-06-12,Standard,13428.89
7075,Riley Brown,riley.brown7075@example.com,CA,2020-06-01,Premium,5969.46
7076,Avery Müller,avery.müller7076@example.com,CA,2025-06-27,Standard,5868.24
7077,Sam Müller,sam.müller7077@example.com,FR,2024-07-03,Standard,7252.1
7078,Quinn Silva,quinn.silva7078@example.com,FR,2020-08-01,Premium,9537.26
7079,Riley Lopez,riley.lopez7079@example.com,CA,2024-10-21,Premium,8025.68
7080,Avery Silva,avery.silva7080@example.com,AU,2024-01-12,Basic,13008.87
7081,Alex Singh,alex.singh7081@example.com,AU,2026-02-06,Premium,10816.27
7082,Arjun Smith,arjun.smith7082@example.com,US,2025-08-09,Basic,9322.24
7083,Jordan Chen,jordan.chen7083@example.com,SG,2020-08-10,Basic,3806.29
7084,Sofia Garcia,sofia.garcia7084@example.com,IN,2020-11-14,Premium,15329.4
7085,Alex Singh,alex.singh7085@example.com,DE,2022-05-08,Premium,2244.33
7086,Arjun Khan,arjun.khan7086@example.com,BR,2026-07-06,Standard,5329.61
7087,Taylor Smith,taylor.smith7087@example.com,IN,2023-07-03,Standard,668.34
7088,Morgan Kim,morgan.kim7088@example.com,AU,2022-01-30,Premium,16991.69
7089,Omar Garcia,omar.garcia7089@example.com,UK,2024-04-18,Premium,13747.18
7090,Morgan Patel,morgan.patel7090@example.com,BR,2023-02-05,Premium,15222.63
7091,Neha Kim,neha.kim7091@example.com,DE,2021-04-24,Standard,1935.09
7092,Jordan Müller,jordan.müller7092@example.com,UK,2022-02-18,Premium,205.64
7093,Lucas Patel,lucas.patel7093@example.com,JP,2021-05-10,Basic,15889.31
7094,Jamie Brown,jamie.brown7094@example.com,JP,2022-10-21,Premium,6722.26
7095,Taylor Chen,taylor.chen7095@example.com,SG,2024-01-22,Premium,11103.89
7096,Alex Smith,alex.smith7096@example.com,AU,2024-08-18,Standard,15968.6
7097,Avery Khan,avery.khan7097@example.com,AU,2021-10-06,Standard,19955.01
7098,Arjun Chen,arjun.chen7098@example.com,AU,2020-12-22,Standard,16005.51
7099,Avery Brown,avery.brown7099@example.com,UK,2022-12-16,Premium,4834.17
7100,Alex Garcia,alex.garcia7100@example.com,UK,2025-11-29,Standard,9604.8
7101,Taylor Smith,taylor.smith7101@example.com,BR,2024-08-23,Standard,14862.69
7102,Alex Garcia,alex.garcia7102@example.com,CA,2026-07-08,Premium,19338.89
7103,Arjun Silva,arjun.silva7103@example.com,JP,2024-12-22,Standard,1669.01
7104,Jamie Chen,jamie.chen7104@example.com,US,2024-02-13,Standard,1754.73
7105,Priya Kim,priya.kim7105@example.com,UK,2021-06-10,Basic,9945.0
7106,Lucas Lopez,lucas.lopez7106@example.com,AU,2021-10-30,Standard,19701.33
7107,Priya Müller,priya.müller7107@example.com,JP,2025-11-10,Basic,14077.66
7108,Taylor Nguyen,taylor.nguyen7108@example.com,FR,2022-10-18,Premium,9573.15
7109,Taylor Brown,taylor.brown7109@example.com,IN,2021-01-18,Premium,5198.26
7110,Quinn Patel,quinn.patel7110@example.com,UK,2023-04-14,Basic,16129.03
7111,Jamie Brown,jamie.brown7111@example.com,CA,2024-09-01,Standard,4375.83
7112,Morgan Silva,morgan.silva7112@example.com,IN,2025-04-08,Basic,5310.77
7113,Alex Khan,alex.khan7113@example.com,BR,2024-07-05,Basic,6457.47
7114,Priya Khan,priya.khan7114@example.com,US,2026-02-01,Standard,9537.94
7115,Alex Kim,alex.kim7115@example.com,CA,2020-01-31,Premium,13008.11
7116,Sam Silva,sam.silva7116@example.com,BR,2020-12-31,Standard,627.1
7117,Taylor Kim,taylor.kim7117@example.com,US,2021-04-09,Premium,13458.46
7118,Sofia Kim,sofia.kim7118@example.com,FR,2022-06-26,Premium,13310.1
7119,Sam Silva,sam.silva7119@example.com,UK,2020-05-01,Premium,19297.95
7120,Lucas Chen,lucas.chen7120@example.com,BR,2024-01-04,Standard,5227.59
7121,Alex Patel,alex.patel7121@example.com,SG,2020-09-18,Basic,15503.15
7122,Priya Singh,,UK,2024-06-21,Basic,1192.15
7123,Sofia Müller,sofia.müller7123@example.com,UK,2023-04-06,Premium,2503.3
7124,Quinn Kim,quinn.kim7124@example.com,CA,2021-12-07,Standard,19209.86
7125,Sam Patel,sam.patel7125@example.com,CA,2025-04-21,Standard,17559.12
7126,Neha Nguyen,neha.nguyen7126@example.com,UK,2023-01-30,Basic,2959.81
7127,Avery Smith,avery.smith7127@example.com,BR,2023-04-18,Premium,14859.76
7128,Sam Nguyen,sam.nguyen7128@example.com,FR,2022-12-07,Standard,1143.54
7129,Arjun Patel,arjun.patel7129@example.com,AU,2021-09-01,Premium,5617.6
7130,Omar Nguyen,omar.nguyen7130@example.com,AU,2021-08-24,Premium,16917.75
7131,Lucas Singh,lucas.singh7131@example.com,BR,2022-11-19,Standard,3807.08
7132,Avery Patel,avery.patel7132@example.com,BR,2023-01-12,Basic,15860.59
7133,Alex Nguyen,alex.nguyen7133@example.com,US,2023-08-18,Basic,16439.47
7134,Taylor Patel,taylor.patel7134@example.com,DE,2025-05-02,Basic,2129.3
7135,Avery Khan,avery.khan7135@example.com,CA,2024-10-07,Basic,17701.72
7136,Avery Khan,avery.khan7136@example.com,IN,2020-02-18,Standard,10889.27
7137,Jordan Khan,jordan.khan7137@example.com,JP,2026-01-02,Standard,11553.22
7138,Priya Silva,priya.silva7138@example.com,BR,2020-08-07,Premium,11170.69
7139,Avery Smith,avery.smith7139@example.com,CA,2021-03-12,Basic,13489.91
7140,Quinn Khan,quinn.khan7140@example.com,CA,2025-06-23,Standard,16764.38
7141,Avery Kim,avery.kim7141@example.com,CA,2022-07-01,Standard,19715.3
7142,Lucas Kim,lucas.kim7142@example.com,BR,2025-05-11,Premium,1920.9
7143,Omar Müller,omar.müller7143@example.com,AU,2021-10-01,Standard,16741.83
7144,Sam Khan,sam.khan7144@example.com,JP,2023-08-02,Premium,5119.56
7145,Alex Chen,alex.chen7145@example.com,DE,2025-04-24,Premium,1698.0
7146,Taylor Müller,taylor.müller7146@example.com,AU,2024-06-17,Basic,11467.35
7147,Sofia Singh,sofia.singh7147@example.com,US,2024-01-08,Premium,11314.95
7148,Priya Lopez,priya.lopez7148@example.com,AU,2020-05-13,Basic,7034.51
7149,Casey Müller,casey.müller7149@example.com,IN,2025-12-13,Standard,8965.91
7150,Casey Nguyen,casey.nguyen7150@example.com,BR,2025-08-31,Premium,7964.73
7151,Morgan Lopez,morgan.lopez7151@example.com,SG,2021-12-05,Standard,1585.45
7152,Taylor Patel,taylor.patel7152@example.com,SG,2023-11-19,Standard,752.91
7153,Neha Garcia,neha.garcia7153@example.com,JP,2025-10-01,Basic,17844.2
7154,Alex Müller,alex.müller7154@example.com,FR,2020-08-08,Standard,10070.93
7155,Morgan Patel,morgan.patel7155@example.com,IN,2021-09-06,Basic,16442.51
7156,Sofia Chen,sofia.chen7156@example.com,AU,2021-07-25,Basic,3012.98
7157,Riley Kim,riley.kim7157@example.com,DE,2020-11-29,Premium,6620.01
7158,Lucas Silva,lucas.silva7158@example.com,UK,2023-11-19,Premium,16500.05
7159,Morgan Müller,morgan.müller7159@example.com,AU,2024-10-22,Premium,8521.14
7160,Sofia Lopez,sofia.lopez7160@example.com,IN,2022-12-05,Premium,3830.12
7161,Riley Silva,riley.silva7161@example.com,JP,2022-02-11,Premium,4070.92
7162,Lucas Kim,lucas.kim7162@example.com,JP,2022-11-07,Premium,18168.63
7163,Taylor Khan,taylor.khan7163@example.com,CA,2021-09-10,Premium,12203.57
7164,Riley Smith,riley.smith7164@example.com,JP,2022-09-03,Standard,5255.03
7165,Arjun Khan,arjun.khan7165@example.com,FR,2025-02-08,Premium,12371.39
7166,Jamie Garcia,jamie.garcia7166@example.com,AU,2020-07-25,Basic,6619.26
7167,Casey Khan,casey.khan7167@example.com,AU,2022-07-15,Basic,16144.37
7168,Alex Chen,alex.chen7168@example.com,AU,2024-01-10,Basic,16975.3
7169,Lucas Silva,lucas.silva7169@example.com,SG,2022-07-05,Standard,5942.9
7170,Riley Silva,riley.silva7170@example.com,DE,2025-02-28,Basic,6997.3
7171,Casey Kim,casey.kim7171@example.com,FR,2021-02-11,Standard,19219.84
7172,Sam Garcia,sam.garcia7172@example.com,SG,2021-08-31,Premium,4825.1
7173,Taylor Patel,taylor.patel7173@example.com,IN,2022-09-07,Basic,4189.17
7174,Taylor Smith,taylor.smith7174@example.com,JP,2023-09-06,Premium,7490.47
7175,Jordan Garcia,jordan.garcia7175@example.com,CA,2024-07-16,Basic,5614.44
7176,Jamie Lopez,jamie.lopez7176@example.com,IN,2021-11-29,Premium,2831.71
7177,Casey Garcia,casey.garcia7177@example.com,DE,2021-11-27,Premium,11176.43
7178,Avery Müller,avery.müller7178@example.com,AU,2025-04-27,Premium,18825.53
7179,Jamie Kim,jamie.kim7179@example.com,SG,2021-03-05,Premium,9626.76
7180,Arjun Müller,arjun.müller7180@example.com,JP,2025-10-27,Premium,9620.51
7181,Riley Patel,riley.patel7181@example.com,DE,2021-04-02,Standard,16324.37
7182,Riley Garcia,riley.garcia7182@example.com,BR,2020-08-09,Basic,180.15
7183,Morgan Silva,morgan.silva7183@example.com,IN,2024-03-05,Premium,12510.67
7184,Sam Silva,sam.silva7184@example.com,FR,2023-05-20,Standard,14301.67
7185,Avery Müller,avery.müller7185@example.com,US,2022-03-19,Standard,12777.09
7186,Sofia Lopez,sofia.lopez7186@example.com,DE,2026-02-05,Premium,1959.57
7187,Morgan Silva,morgan.silva7187@example.com,US,2022-10-21,Basic,5368.32
7188,Riley Singh,riley.singh7188@example.com,AU,2023-07-06,Standard,671.91
7189,Lucas Smith,lucas.smith7189@example.com,US,2023-08-07,Premium,18368.45
7190,Priya Khan,priya.khan7190@example.com,FR,2025-10-25,Premium,17088.42
7191,Quinn Müller,quinn.müller7191@example.com,IN,2021-05-24,Basic,597.3
7192,Riley Chen,riley.chen7192@example.com,DE,2025-10-20,Standard,1206.28
7193,Casey Lopez,casey.lopez7193@example.com,FR,2023-02-22,Standard,9650.83
7194,Riley Brown,riley.brown7194@example.com,FR,2025-06-14,Basic,7114.43
7195,Sofia Patel,sofia.patel7195@example.com,AU,2024-10-11,Standard,2051.28
7196,Avery Kim,avery.kim7196@example.com,US,2025-01-01,Premium,7657.45
7197,Omar Khan,omar.khan7197@example.com,JP,2020-09-06,Basic,17808.83
7198,Neha Kim,neha.kim7198@example.com,DE,2021-01-06,Premium,11482.76
7199,Sam Lopez,sam.lopez7199@example.com,BR,2021-01-17,Premium,19784.71
7200,Priya Brown,priya.brown7200@example.com,DE,2020-04-14,Basic,4935.81
7201,Morgan Lopez,morgan.lopez7201@example.com,IN,2022-02-18,Standard,13719.32
7202,Avery Silva,avery.silva7202@example.com,JP,2020-11-12,Standard,218.0
7203,Morgan Silva,morgan.silva7203@example.com,SG,2022-05-15,Premium,8312.66
7204,Casey Smith,casey.smith7204@example.com,US,2023-03-20,Standard,10371.33
7205,Jordan Silva,jordan.silva7205@example.com,UK,2021-01-30,Standard,3691.11
7206,Quinn Silva,quinn.silva7206@example.com,CA,2021-06-04,Standard,8660.4
7207,Quinn Silva,quinn.silva7207@example.com,DE,2021-08-26,Standard,17587.61
7208,Priya Smith,priya.smith7208@example.com,BR,2023-09-07,Premium,11531.89
7209,Alex Brown,alex.brown7209@example.com,DE,2024-04-24,Standard,12504.22
7210,Taylor Garcia,taylor.garcia7210@example.com,US,2025-01-18,Premium,18135.18
7211,Jordan Chen,jordan.chen7211@example.com,AU,2025-05-06,Basic,16263.44
7212,Alex Kim,alex.kim7212@example.com,AU,2023-08-07,Premium,18411.84
7213,Taylor Chen,taylor.chen7213@example.com,SG,2024-08-24,Basic,17201.0
7214,Quinn Singh,quinn.singh7214@example.com,AU,2024-11-18,Standard,19031.67
7215,Sofia Lopez,sofia.lopez7215@example.com,FR,2020-11-21,Basic,8972.89
7216,Jamie Garcia,jamie.garcia7216@example.com,US,2023-07-12,Standard,1157.86
7217,Arjun Patel,arjun.patel7217@example.com,AU,2023-08-27,Standard,9712.69
7218,Quinn Smith,quinn.smith7218@example.com,SG,2021-12-14,Premium,2385.01
7219,Neha Khan,neha.khan7219@example.com,JP,2023-07-18,Basic,14739.63
7220,Avery Smith,avery.smith7220@example.com,US,2020-10-20,Premium,17691.06
7221,Sam Singh,sam.singh7221@example.com,US,2023-11-30,Basic,12601.47
7222,Jordan Nguyen,jordan.nguyen7222@example.com,JP,2020-03-19,Basic,1489.61
7223,Quinn Singh,quinn.singh7223@example.com,BR,2024-01-11,Standard,10406.99
7224,Alex Smith,alex.smith7224@example.com,US,2020-06-13,Standard,796.33
7225,Jamie Lopez,jamie.lopez7225@example.com,BR,2022-11-09,Standard,5075.79
7226,Sofia Nguyen,sofia.nguyen7226@example.com,FR,2022-05-14,Standard,14649.35
7227,Sofia Brown,sofia.brown7227@example.com,UK,2024-01-19,Standard,427.59
7228,Casey Singh,casey.singh7228@example.com,BR,2024-10-06,Premium,6359.3
7229,Omar Smith,omar.smith7229@example.com,IN,2022-02-27,Basic,838.48
7230,Lucas Chen,lucas.chen7230@example.com,AU,2020-11-20,Premium,19755.42
7231,Taylor Garcia,taylor.garcia7231@example.com,IN,2024-04-22,Standard,3578.81
7232,Arjun Smith,arjun.smith7232@example.com,FR,2021-04-26,Standard,11344.58
7233,Alex Singh,alex.singh7233@example.com,DE,2021-03-21,Standard,18804.66
7234,Sofia Patel,sofia.patel7234@example.com,JP,2022-11-17,Premium,12657.47
7235,Quinn Silva,quinn.silva7235@example.com,JP,2024-05-05,Premium,16380.24
7236,Taylor Khan,taylor.khan7236@example.com,US,2022-07-25,Premium,14026.74
7237,Taylor Chen,taylor.chen7237@example.com,JP,2024-07-04,Standard,1205.32
7238,Arjun Singh,arjun.singh7238@example.com,BR,2021-02-12,Standard,10222.42
7239,Jamie Singh,jamie.singh7239@example.com,BR,2024-09-13,Standard,7341.2
7240,Riley Singh,riley.singh7240@example.com,CA,2020-12-10,Basic,10867.74
7241,Riley Müller,riley.müller7241@example.com,IN,2020-12-26,Premium,17285.73
7242,Casey Singh,casey.singh7242@example.com,CA,2025-07-12,Basic,11934.15
7243,Riley Chen,riley.chen7243@example.com,JP,2023-08-22,Basic,1891.72
7244,Quinn Singh,quinn.singh7244@example.com,FR,2026-06-14,Standard,449.3
7245,Alex Chen,alex.chen7245@example.com,CA,2024-04-23,Standard,17022.18
7246,Quinn Nguyen,quinn.nguyen7246@example.com,DE,2026-07-03,Premium,12905.0
7247,Jamie Müller,jamie.müller7247@example.com,FR,2025-07-17,Basic,414.77
7248,Lucas Kim,lucas.kim7248@example.com,JP,2024-06-15,Basic,12790.06
7249,Lucas Nguyen,lucas.nguyen7249@example.com,CA,2026-06-01,Standard,18508.4
7250,Sofia Müller,sofia.müller7250@example.com,US,2023-08-10,Premium,5520.01
7251,Casey Brown,casey.brown7251@example.com,IN,2026-04-24,Premium,17107.31
7252,Sofia Patel,sofia.patel7252@example.com,BR,2021-06-03,Basic,11454.41
7253,Jamie Silva,jamie.silva7253@example.com,BR,2025-02-17,Standard,8530.8
7254,Neha Smith,neha.smith7254@example.com,SG,2020-11-30,Basic,2453.8
7255,Morgan Brown,morgan.brown7255@example.com,UK,2024-04-07,Standard,2567.28
7256,Morgan Patel,morgan.patel7256@example.com,JP,2024-11-17,Basic,9949.54
7257,Alex Müller,alex.müller7257@example.com,AU,2024-09-18,Standard,6405.25
7258,Taylor Smith,taylor.smith7258@example.com,AU,2024-11-21,Basic,15735.38
7259,Omar Silva,omar.silva7259@example.com,US,2023-05-26,Standard,15712.69
7260,Lucas Silva,lucas.silva7260@example.com,IN,2023-01-17,Premium,7140.98
7261,Sofia Silva,sofia.silva7261@example.com,US,2021-07-06,Standard,19920.64
7262,Alex Lopez,alex.lopez7262@example.com,IN,2024-01-14,Standard,19256.09
7263,Quinn Chen,quinn.chen7263@example.com,CA,2020-05-26,Basic,16622.94
7264,Priya Silva,priya.silva7264@example.com,AU,2021-06-25,Standard,7819.38
7265,Morgan Silva,morgan.silva7265@example.com,CA,2022-12-30,Basic,11014.01
7266,Arjun Brown,arjun.brown7266@example.com,AU,2025-04-23,Standard,18847.55
7267,Omar Kim,omar.kim7267@example.com,DE,2023-10-17,Basic,5466.17
7268,Riley Smith,riley.smith7268@example.com,AU,2020-04-18,Basic,17975.02
7269,Morgan Smith,morgan.smith7269@example.com,JP,2021-10-19,Standard,18574.29
7270,Lucas Garcia,lucas.garcia7270@example.com,FR,2021-08-08,Standard,7812.02
7271,Priya Khan,priya.khan7271@example.com,FR,2026-03-28,Standard,1250.82
7272,Quinn Garcia,quinn.garcia7272@example.com,BR,2024-07-09,Premium,4733.37
7273,Omar Chen,omar.chen7273@example.com,FR,2020-05-07,Basic,3788.64
7274,Sofia Nguyen,sofia.nguyen7274@example.com,CA,2022-12-18,Basic,3490.96
7275,Jamie Kim,jamie.kim7275@example.com,AU,2020-07-08,Premium,19212.09
7276,Neha Patel,neha.patel7276@example.com,BR,2023-12-24,Premium,9590.07
7277,Sofia Khan,sofia.khan7277@example.com,FR,2022-11-14,Premium,5599.96
7278,Taylor Nguyen,taylor.nguyen7278@example.com,CA,2026-04-30,Premium,11749.06
7279,Neha Kim,neha.kim7279@example.com,BR,2026-07-11,Standard,483.05
7280,Lucas Garcia,lucas.garcia7280@example.com,AU,2021-12-21,Standard,769.7
7281,Neha Chen,neha.chen7281@example.com,IN,2023-11-29,Standard,12280.33
7282,Jordan Silva,jordan.silva7282@example.com,SG,2025-09-18,Premium,4202.79
7283,Lucas Khan,lucas.khan7283@example.com,US,2020-03-27,Basic,1313.08
7284,Morgan Lopez,morgan.lopez7284@example.com,CA,2026-07-01,Premium,2871.31
7285,Lucas Singh,lucas.singh7285@example.com,DE,2021-12-29,Standard,11505.65
7286,Riley Singh,riley.singh7286@example.com,SG,2023-02-26,Premium,11066.4
7287,Sam Lopez,sam.lopez7287@example.com,BR,2026-06-22,Basic,7081.54
7288,Taylor Patel,taylor.patel7288@example.com,UK,2026-06-02,Standard,8439.57
7289,Quinn Smith,quinn.smith7289@example.com,DE,2020-10-06,Premium,10870.87
7290,Sofia Chen,sofia.chen7290@example.com,IN,2022-12-13,Standard,18301.11
7291,Arjun Patel,arjun.patel7291@example.com,IN,2021-08-17,Premium,16203.93
7292,Avery Chen,avery.chen7292@example.com,US,2024-02-14,Basic,19043.41
7293,Omar Khan,omar.khan7293@example.com,BR,2026-07-02,Standard,3125.95
7294,Jamie Kim,jamie.kim7294@example.com,FR,2022-05-01,Basic,9659.34
7295,Jamie Garcia,jamie.garcia7295@example.com,FR,2025-08-13,Standard,7728.9
7296,Lucas Lopez,lucas.lopez7296@example.com,JP,2022-09-15,Standard,12574.78
7297,Priya Smith,priya.smith7297@example.com,DE,2020-02-09,Basic,3627.25
7298,Sofia Silva,sofia.silva7298@example.com,UK,2020-11-20,Standard,11530.32
7299,Sam Nguyen,sam.nguyen7299@example.com,UK,2024-01-05,Premium,18978.36
7300,Priya Brown,priya.brown7300@example.com,DE,2021-10-08,Standard,8898.11
7301,Casey Singh,casey.singh7301@example.com,CA,2025-09-24,Premium,13834.93
7302,Casey Nguyen,casey.nguyen7302@example.com,FR,2025-03-04,Basic,9773.95
7303,Avery Lopez,avery.lopez7303@example.com,FR,2025-11-26,Basic,16650.68
7304,Sam Garcia,sam.garcia7304@example.com,FR,2024-11-21,Standard,3356.55
7305,Lucas Silva,lucas.silva7305@example.com,CA,2025-08-01,Basic,7701.82
7306,Sam Smith,sam.smith7306@example.com,CA,2020-03-14,Standard,7619.03
7307,Riley Chen,riley.chen7307@example.com,BR,2024-04-09,Standard,3693.69
7308,Jamie Patel,jamie.patel7308@example.com,AU,2025-06-13,Premium,1532.46
7309,Jordan Garcia,jordan.garcia7309@example.com,US,2023-03-16,Premium,5314.26
7310,Alex Silva,alex.silva7310@example.com,IN,2026-05-10,Premium,2736.29
7311,Quinn Kim,quinn.kim7311@example.com,DE,2025-02-12,Premium,19768.15
7312,Riley Nguyen,riley.nguyen7312@example.com,AU,2024-11-28,Basic,18467.1
7313,Jamie Chen,jamie.chen7313@example.com,BR,2022-06-28,Standard,6391.11
7314,Sam Chen,sam.chen7314@example.com,DE,2024-02-24,Premium,18057.66
7315,Sam Smith,sam.smith7315@example.com,IN,2023-08-17,Basic,6077.75
7316,Neha Silva,neha.silva7316@example.com,DE,2021-01-10,Premium,9569.13
7317,Jordan Lopez,jordan.lopez7317@example.com,IN,2025-03-03,Standard,11366.18
7318,Sam Silva,sam.silva7318@example.com,AU,2024-08-26,Premium,16048.1
7319,Avery Smith,avery.smith7319@example.com,UK,2021-02-28,Basic,18668.12
7320,Sofia Kim,sofia.kim7320@example.com,JP,2022-05-22,Premium,16684.67
7321,Lucas Khan,lucas.khan7321@example.com,US,2020-12-07,Premium,1999.25
7322,Jamie Chen,jamie.chen7322@example.com,UK,2024-08-21,Premium,1581.15
7323,Riley Garcia,riley.garcia7323@example.com,CA,2020-03-04,Premium,8347.77
7324,Morgan Müller,morgan.müller7324@example.com,BR,2023-10-02,Standard,16937.19
7325,Omar Nguyen,omar.nguyen7325@example.com,US,2021-12-01,Basic,6296.19
7326,Sam Singh,sam.singh7326@example.com,DE,2023-10-30,Basic,14451.25
7327,Quinn Silva,quinn.silva7327@example.com,IN,2020-09-19,Basic,14238.84
7328,Alex Smith,alex.smith7328@example.com,CA,2023-10-20,Premium,1703.97
7329,Priya Lopez,priya.lopez7329@example.com,DE,2020-10-13,Basic,2294.49
7330,Priya Chen,priya.chen7330@example.com,BR,2020-08-26,Premium,9664.28
7331,Morgan Lopez,morgan.lopez7331@example.com,CA,2025-07-18,Standard,12158.68
7332,Omar Smith,omar.smith7332@example.com,AU,2022-11-17,Basic,16861.46
7333,Priya Nguyen,priya.nguyen7333@example.com,UK,2023-07-21,Standard,7031.25
7334,Quinn Garcia,quinn.garcia7334@example.com,UK,2023-06-22,Standard,17305.04
7335,Jordan Nguyen,jordan.nguyen7335@example.com,SG,2022-12-15,Basic,14935.93
7336,Omar Patel,omar.patel7336@example.com,JP,2023-10-14,Standard,17602.21
7337,Riley Silva,riley.silva7337@example.com,JP,2021-03-23,Premium,6037.18
7338,Taylor Nguyen,taylor.nguyen7338@example.com,US,2024-02-20,Basic,470.17
7339,Sam Chen,sam.chen7339@example.com,JP,2023-09-14,Standard,18214.24
7340,Jordan Müller,jordan.müller7340@example.com,UK,2024-07-02,Standard,14773.44
7341,Neha Brown,neha.brown7341@example.com,US,2022-12-11,Standard,14695.73
7342,Sam Singh,sam.singh7342@example.com,CA,2021-07-16,Basic,19459.8
7343,Quinn Garcia,quinn.garcia7343@example.com,BR,2025-07-15,Basic,424.71
7344,Jordan Lopez,jordan.lopez7344@example.com,AU,2020-06-27,Premium,6601.7
7345,Taylor Kim,taylor.kim7345@example.com,JP,2025-09-27,Basic,8330.27
7346,Riley Nguyen,riley.nguyen7346@example.com,FR,2022-10-29,Basic,18949.95
7347,Sofia Smith,sofia.smith7347@example.com,CA,2021-08-08,Standard,1302.23
7348,Taylor Singh,taylor.singh7348@example.com,UK,2020-01-23,Standard,19518.22
7349,Sam Silva,sam.silva7349@example.com,US,2020-06-29,Standard,10720.75
7350,Quinn Kim,quinn.kim7350@example.com,BR,2024-01-14,Basic,9474.54
7351,Avery Chen,avery.chen7351@example.com,JP,2024-05-22,Standard,14757.11
7352,Jordan Brown,jordan.brown7352@example.com,CA,2021-05-12,Standard,15679.39
7353,Priya Smith,priya.smith7353@example.com,US,2025-07-17,Standard,327.35
7354,Sofia Brown,sofia.brown7354@example.com,IN,2026-01-08,Premium,158.61
7355,Sofia Silva,sofia.silva7355@example.com,FR,2022-10-22,Premium,10162.73
7356,Arjun Brown,arjun.brown7356@example.com,JP,2024-11-24,Premium,10613.01
7357,Omar Silva,omar.silva7357@example.com,JP,2020-07-06,Standard,8586.0
7358,Casey Lopez,casey.lopez7358@example.com,IN,2021-10-14,Premium,11087.01
7359,Avery Singh,avery.singh7359@example.com,SG,2021-04-25,Standard,4145.77
7360,Casey Patel,casey.patel7360@example.com,AU,2021-10-10,Standard,19043.49
7361,Arjun Chen,arjun.chen7361@example.com,JP,2025-12-30,Premium,3965.77
7362,Sofia Singh,sofia.singh7362@example.com,US,2025-11-15,Basic,11545.85
7363,Riley Khan,riley.khan7363@example.com,US,2023-11-15,Basic,11700.75
7364,Quinn Singh,quinn.singh7364@example.com,JP,2024-05-20,Basic,14703.56
7365,Alex Patel,alex.patel7365@example.com,UK,2021-11-07,Standard,15119.07
7366,Casey Smith,casey.smith7366@example.com,FR,2022-06-04,Standard,1965.93
7367,Alex Müller,alex.müller7367@example.com,FR,2020-06-05,Premium,7185.64
7368,Jordan Patel,jordan.patel7368@example.com,BR,2021-11-20,Basic,992.95
7369,Neha Lopez,neha.lopez7369@example.com,DE,2025-02-17,Premium,4568.37
7370,Arjun Brown,arjun.brown7370@example.com,SG,2023-12-11,Basic,2156.9
7371,Taylor Nguyen,taylor.nguyen7371@example.com,JP,2024-03-31,Premium,8740.08
7372,Omar Garcia,omar.garcia7372@example.com,SG,2024-07-20,Standard,10856.67
7373,Neha Lopez,neha.lopez7373@example.com,DE,2024-04-29,Premium,2698.44
7374,Arjun Kim,arjun.kim7374@example.com,BR,2025-10-04,Standard,3800.75
7375,Casey Smith,casey.smith7375@example.com,SG,2021-08-29,Premium,6558.23
7376,Quinn Brown,quinn.brown7376@example.com,US,2026-03-01,Premium,7774.85
7377,Quinn Smith,quinn.smith7377@example.com,SG,2024-12-03,Basic,16025.1
7378,Sofia Kim,sofia.kim7378@example.com,FR,2025-08-01,Premium,16353.62
7379,Morgan Khan,morgan.khan7379@example.com,CA,2021-04-25,Premium,19645.71
7380,Alex Nguyen,alex.nguyen7380@example.com,BR,2023-08-14,Basic,5892.82
7381,Jamie Kim,jamie.kim7381@example.com,SG,2022-08-05,Premium,15141.53
7382,Quinn Nguyen,quinn.nguyen7382@example.com,US,2022-07-11,Basic,16247.98
7383,Omar Smith,omar.smith7383@example.com,FR,2025-07-26,Premium,7707.07
7384,Avery Silva,avery.silva7384@example.com,AU,2020-01-22,Standard,5688.93
7385,Jordan Khan,jordan.khan7385@example.com,AU,2026-03-21,Premium,1200.82
7386,Lucas Smith,lucas.smith7386@example.com,UK,2025-06-24,Basic,10618.87
7387,Alex Garcia,alex.garcia7387@example.com,JP,2024-10-08,Standard,7398.15
7388,Morgan Smith,morgan.smith7388@example.com,US,2023-08-06,Basic,15911.74
7389,Taylor Chen,taylor.chen7389@example.com,FR,2023-09-04,Standard,6601.65
7390,Lucas Kim,lucas.kim7390@example.com,FR,2025-09-11,Premium,10861.69
7391,Riley Silva,riley.silva7391@example.com,CA,2020-04-09,Standard,3240.27
7392,Riley Müller,riley.müller7392@example.com,AU,2020-01-11,Standard,3317.74
7393,Priya Kim,priya.kim7393@example.com,UK,2020-02-23,Standard,13884.69
7394,Arjun Patel,arjun.patel7394@example.com,AU,2024-02-23,Premium,2385.47
7395,Priya Garcia,priya.garcia7395@example.com,CA,2025-04-01,Premium,1882.83
7396,Sofia Müller,sofia.müller7396@example.com,FR,2025-04-25,Basic,15227.35
7397,Arjun Smith,arjun.smith7397@example.com,AU,2021-05-15,Premium,19668.55
7398,Taylor Müller,taylor.müller7398@example.com,CA,2020-12-25,Basic,539.03
7399,Sam Singh,sam.singh7399@example.com,IN,2021-06-04,Premium,19357.08
7400,Alex Silva,alex.silva7400@example.com,CA,2020-06-19,Standard,14712.78
7401,Arjun Patel,arjun.patel7401@example.com,AU,2024-10-18,Basic,12093.96
7402,Morgan Kim,morgan.kim7402@example.com,UK,2025-04-20,Standard,14018.14
7403,Casey Nguyen,casey.nguyen7403@example.com,FR,2026-05-30,Basic,5341.31
7404,Avery Müller,avery.müller7404@example.com,JP,2022-04-11,Premium,11368.65
7405,Casey Khan,casey.khan7405@example.com,AU,2021-12-30,Premium,12074.47
7406,Neha Smith,neha.smith7406@example.com,AU,2024-08-17,Premium,8258.78
7407,Jordan Silva,jordan.silva7407@example.com,IN,2021-09-01,Standard,16597.29
7408,Taylor Kim,taylor.kim7408@example.com,JP,2022-04-20,Basic,16914.1
7409,Sam Garcia,sam.garcia7409@example.com,AU,2026-01-01,Premium,11371.47
7410,Omar Nguyen,omar.nguyen7410@example.com,SG,2023-03-22,Premium,8642.05
7411,Morgan Nguyen,morgan.nguyen7411@example.com,AU,2022-03-09,Premium,13172.86
7412,Priya Lopez,priya.lopez7412@example.com,SG,2023-02-20,Standard,19048.9
7413,Taylor Brown,taylor.brown7413@example.com,US,2026-02-02,Basic,6426.31
7414,Taylor Singh,taylor.singh7414@example.com,BR,2022-08-11,Basic,18585.28
7415,Taylor Müller,taylor.müller7415@example.com,JP,2026-03-05,Basic,9604.52
7416,Omar Kim,omar.kim7416@example.com,DE,2020-07-08,Premium,4009.59
7417,Quinn Garcia,quinn.garcia7417@example.com,DE,2022-09-12,Premium,13845.46
7418,Avery Patel,avery.patel7418@example.com,SG,2024-05-02,Premium,15381.9
7419,Priya Smith,priya.smith7419@example.com,SG,2021-09-20,Standard,372.29
7420,Alex Smith,alex.smith7420@example.com,CA,2022-10-01,Basic,18342.29
7421,Neha Nguyen,neha.nguyen7421@example.com,FR,2023-05-26,Standard,850.09
7422,Lucas Khan,lucas.khan7422@example.com,UK,2024-05-11,Premium,14777.53
7423,Sofia Brown,sofia.brown7423@example.com,JP,2025-09-04,Basic,8398.38
7424,Omar Kim,omar.kim7424@example.com,BR,2025-08-24,Premium,7170.62
7425,Lucas Kim,lucas.kim7425@example.com,FR,2020-08-25,Basic,15503.86
7426,Casey Kim,casey.kim7426@example.com,DE,2020-06-25,Basic,9234.86
7427,Sam Chen,sam.chen7427@example.com,SG,2026-01-29,Premium,5927.36
7428,Lucas Smith,lucas.smith7428@example.com,JP,2024-01-22,Premium,10496.58
7429,Neha Garcia,neha.garcia7429@example.com,IN,2020-01-14,Basic,10164.82
7430,Omar Kim,omar.kim7430@example.com,BR,2025-02-28,Basic,18693.37
7431,Riley Müller,riley.müller7431@example.com,IN,2024-10-01,Basic,18951.31
7432,Neha Smith,neha.smith7432@example.com,US,2024-03-29,Standard,17077.71
7433,Sam Garcia,sam.garcia7433@example.com,JP,2020-07-11,Standard,14551.9
7434,Riley Brown,riley.brown7434@example.com,UK,2026-02-07,Basic,5361.87
7435,Priya Müller,priya.müller7435@example.com,US,2024-09-25,Basic,15536.03
7436,Sofia Chen,sofia.chen7436@example.com,UK,2021-10-04,Basic,5745.42
7437,Sofia Chen,sofia.chen7437@example.com,JP,2020-02-04,Premium,2510.06
7438,Jordan Müller,jordan.müller7438@example.com,DE,2022-12-18,Basic,14511.37
7439,Arjun Lopez,arjun.lopez7439@example.com,CA,2022-11-20,Basic,19722.27
7440,Jordan Singh,jordan.singh7440@example.com,FR,2022-10-07,Premium,5136.81
7441,Priya Müller,priya.müller7441@example.com,BR,2025-02-18,Basic,12706.31
7442,Neha Smith,neha.smith7442@example.com,UK,2021-02-13,Premium,1451.37
7443,Alex Nguyen,alex.nguyen7443@example.com,BR,2024-08-26,Standard,1169.44
7444,Lucas Khan,lucas.khan7444@example.com,CA,2022-06-30,Basic,534.72
7445,Lucas Lopez,lucas.lopez7445@example.com,FR,2020-02-05,Basic,4272.36
7446,Riley Khan,riley.khan7446@example.com,AU,2022-09-14,Standard,2182.96
7447,Omar Lopez,omar.lopez7447@example.com,FR,2025-11-30,Standard,511.33
7448,Sam Brown,sam.brown7448@example.com,AU,2025-06-16,Basic,19011.61
7449,Taylor Kim,taylor.kim7449@example.com,JP,2022-03-31,Basic,1602.64
7450,Riley Patel,riley.patel7450@example.com,JP,2023-10-17,Standard,19644.59
7451,Quinn Silva,quinn.silva7451@example.com,SG,2023-02-02,Basic,5078.02
7452,Morgan Patel,morgan.patel7452@example.com,JP,2026-02-08,Premium,9019.18
7453,Jordan Brown,jordan.brown7453@example.com,SG,2025-05-10,Standard,8722.27
7454,Jordan Müller,jordan.müller7454@example.com,CA,2020-02-27,Standard,10441.03
7455,Neha Singh,neha.singh7455@example.com,US,2021-04-15,Standard,8872.25
7456,Jamie Nguyen,jamie.nguyen7456@example.com,BR,2021-07-22,Premium,12017.98
7457,Lucas Müller,lucas.müller7457@example.com,AU,2024-10-16,Standard,12640.99
7458,Priya Brown,priya.brown7458@example.com,CA,2021-09-05,Standard,6715.3
7459,Omar Nguyen,omar.nguyen7459@example.com,JP,2021-12-15,Basic,3614.18
7460,Jordan Silva,jordan.silva7460@example.com,UK,2021-07-08,Basic,8429.47
7461,Quinn Smith,quinn.smith7461@example.com,BR,2020-04-06,Premium,6322.95
7462,Quinn Patel,quinn.patel7462@example.com,DE,2025-10-17,Premium,8793.95
7463,Avery Müller,avery.müller7463@example.com,BR,2026-01-10,Basic,4411.69
7464,Avery Chen,avery.chen7464@example.com,UK,2022-04-11,Basic,13344.86
7465,Neha Garcia,neha.garcia7465@example.com,UK,2024-01-06,Basic,17629.4
7466,Omar Khan,omar.khan7466@example.com,FR,2024-09-21,Premium,11281.78
7467,Omar Patel,omar.patel7467@example.com,US,2022-07-17,Standard,8058.81
7468,Lucas Singh,lucas.singh7468@example.com,FR,2020-07-31,Basic,18282.62
7469,Morgan Silva,morgan.silva7469@example.com,IN,2023-06-04,Basic,3260.59
7470,Casey Silva,casey.silva7470@example.com,DE,2024-02-06,Premium,12968.17
7471,Jordan Smith,jordan.smith7471@example.com,IN,2021-08-31,Standard,8281.18
7472,Jamie Nguyen,jamie.nguyen7472@example.com,US,2026-07-26,Standard,1555.61
7473,Jordan Chen,jordan.chen7473@example.com,IN,2020-01-27,Premium,11965.97
7474,Omar Nguyen,omar.nguyen7474@example.com,AU,2023-08-16,Standard,6829.38
7475,Jamie Lopez,jamie.lopez7475@example.com,DE,2020-06-07,Premium,1966.92
7476,Quinn Nguyen,quinn.nguyen7476@example.com,UK,2025-07-03,Basic,5997.41
7477,Riley Smith,riley.smith7477@example.com,AU,2022-01-10,Basic,2654.15
7478,Sofia Khan,sofia.khan7478@example.com,DE,2020-08-19,Standard,15485.9
7479,Morgan Garcia,morgan.garcia7479@example.com,IN,2024-08-13,Standard,7501.65
7480,Neha Chen,neha.chen7480@example.com,IN,2020-07-06,Basic,8976.32
7481,Neha Patel,neha.patel7481@example.com,IN,2025-07-19,Premium,4307.31
7482,Quinn Smith,quinn.smith7482@example.com,UK,2024-01-04,Premium,19011.94
7483,Omar Singh,omar.singh7483@example.com,UK,2021-08-27,Standard,19879.26
7484,Quinn Kim,quinn.kim7484@example.com,CA,2026-06-14,Basic,6166.78
7485,Omar Brown,omar.brown7485@example.com,UK,2024-10-31,Basic,13732.01
7486,Arjun Smith,arjun.smith7486@example.com,AU,2022-02-27,Standard,10006.79
7487,Lucas Khan,lucas.khan7487@example.com,CA,2020-11-21,Premium,19919.57
7488,Alex Garcia,alex.garcia7488@example.com,FR,2024-03-11,Basic,11481.62
7489,Arjun Kim,arjun.kim7489@example.com,FR,2026-01-10,Basic,9995.73
7490,Arjun Chen,arjun.chen7490@example.com,FR,2025-07-14,Standard,11297.41
7491,Riley Smith,riley.smith7491@example.com,CA,2020-10-12,Basic,6918.09
7492,Priya Garcia,priya.garcia7492@example.com,FR,2021-11-05,Premium,1042.19
7493,Taylor Nguyen,taylor.nguyen7493@example.com,CA,2022-08-04,Premium,18210.28
7494,Avery Khan,avery.khan7494@example.com,UK,2025-07-20,Standard,14112.91
7495,Jamie Khan,jamie.khan7495@example.com,CA,2022-07-19,Premium,15525.34
7496,Casey Chen,casey.chen7496@example.com,CA,2023-11-14,Basic,9158.16
7497,Omar Silva,omar.silva7497@example.com,CA,2020-08-08,Standard,19942.48
7498,Lucas Silva,lucas.silva7498@example.com,UK,2022-12-08,Basic,12747.33
7499,Neha Lopez,neha.lopez7499@example.com,CA,2025-05-23,Premium,15752.59
7500,Morgan Khan,morgan.khan7500@example.com,CA,2021-02-24,Basic,15912.0
7501,Omar Silva,omar.silva7501@example.com,IN,2020-03-30,Premium,11948.91
7502,Sofia Müller,sofia.müller7502@example.com,CA,2023-04-09,Premium,12291.49
7503,Riley Chen,riley.chen7503@example.com,SG,2022-10-11,Premium,7616.44
7504,Quinn Garcia,quinn.garcia7504@example.com,IN,2021-06-11,Basic,2576.62
7505,Arjun Müller,arjun.müller7505@example.com,AU,2025-04-08,Premium,19351.85
7506,Riley Singh,riley.singh7506@example.com,FR,2020-10-19,Premium,6880.63
7507,Arjun Silva,arjun.silva7507@example.com,SG,2026-06-04,Basic,1817.45
7508,Quinn Kim,quinn.kim7508@example.com,CA,2023-12-07,Standard,7038.05
7509,Taylor Khan,taylor.khan7509@example.com,UK,2022-07-02,Standard,4131.28
7510,Quinn Singh,quinn.singh7510@example.com,US,2025-03-29,Basic,585.19
7511,Alex Nguyen,alex.nguyen7511@example.com,DE,2020-10-18,Basic,4824.84
7512,Priya Chen,priya.chen7512@example.com,CA,2022-09-04,Standard,18662.49
7513,Quinn Brown,quinn.brown7513@example.com,SG,2020-03-25,Basic,9478.05
7514,Taylor Garcia,taylor.garcia7514@example.com,FR,2021-10-31,Premium,12761.64
7515,Sam Garcia,sam.garcia7515@example.com,BR,2023-06-17,Basic,3086.16
7516,Sam Brown,sam.brown7516@example.com,CA,2022-12-11,Standard,19494.81
7517,Morgan Silva,morgan.silva7517@example.com,JP,2020-07-31,Standard,1211.88
7518,Alex Silva,alex.silva7518@example.com,US,2024-02-28,Basic,14444.59
7519,Neha Garcia,neha.garcia7519@example.com,BR,2022-06-09,Premium,8903.51
7520,Riley Singh,riley.singh7520@example.com,DE,2021-06-16,Standard,6727.47
7521,Casey Smith,casey.smith7521@example.com,JP,2025-11-21,Premium,5143.92
7522,Lucas Smith,lucas.smith7522@example.com,JP,2025-10-03,Basic,19975.0
7523,Avery Silva,avery.silva7523@example.com,SG,2025-10-19,Standard,9917.91
7524,Priya Garcia,priya.garcia7524@example.com,DE,2024-11-15,Premium,7806.62
7525,Taylor Müller,taylor.müller7525@example.com,CA,2024-01-22,Standard,5390.73
7526,Avery Müller,avery.müller7526@example.com,AU,2025-01-26,Basic,17811.39
7527,Casey Müller,casey.müller7527@example.com,UK,2024-06-25,Premium,14860.21
7528,Alex Patel,alex.patel7528@example.com,BR,2023-12-12,Premium,6347.81
7529,Priya Garcia,priya.garcia7529@example.com,JP,2023-03-09,Standard,17052.64
7530,Lucas Patel,lucas.patel7530@example.com,AU,2023-09-19,Basic,4516.43
7531,Morgan Patel,morgan.patel7531@example.com,JP,2026-06-09,Premium,1471.1
7532,Morgan Khan,morgan.khan7532@example.com,CA,2025-07-20,Standard,17940.04
7533,Sam Chen,sam.chen7533@example.com,BR,2021-01-23,Standard,7620.22
7534,Jordan Garcia,jordan.garcia7534@example.com,IN,2020-03-24,Premium,15728.62
7535,Riley Silva,riley.silva7535@example.com,FR,2024-10-03,Standard,13275.09
7536,Arjun Müller,arjun.müller7536@example.com,JP,2020-08-19,Premium,7053.15
7537,Casey Brown,casey.brown7537@example.com,DE,2025-10-01,Basic,1115.47
7538,Omar Kim,omar.kim7538@example.com,IN,2020-01-12,Standard,18011.77
7539,Lucas Nguyen,lucas.nguyen7539@example.com,SG,2022-05-02,Premium,14617.18
7540,Sofia Khan,sofia.khan7540@example.com,SG,2021-11-18,Basic,17426.31
7541,Lucas Singh,lucas.singh7541@example.com,BR,2022-02-06,Premium,7934.68
7542,Lucas Brown,lucas.brown7542@example.com,DE,2020-12-29,Premium,14949.87
7543,Arjun Garcia,arjun.garcia7543@example.com,CA,2022-04-25,Basic,9865.39
7544,Alex Silva,alex.silva7544@example.com,AU,2025-01-01,Basic,3896.66
7545,Taylor Singh,taylor.singh7545@example.com,CA,2022-10-25,Basic,12193.72
7546,Taylor Chen,taylor.chen7546@example.com,SG,2024-03-18,Basic,5439.81
7547,Neha Garcia,neha.garcia7547@example.com,CA,2022-04-09,Basic,5595.18
7548,Casey Silva,casey.silva7548@example.com,JP,2020-10-31,Standard,9036.81
7549,Avery Khan,avery.khan7549@example.com,BR,2025-12-02,Standard,160.51
7550,Sofia Smith,sofia.smith7550@example.com,AU,2021-03-25,Basic,3163.29
7551,Sam Khan,sam.khan7551@example.com,IN,2020-05-05,Premium,1838.46
7552,Omar Silva,omar.silva7552@example.com,UK,2020-03-18,Standard,7134.81
7553,Taylor Singh,taylor.singh7553@example.com,CA,2024-03-08,Standard,8621.2
7554,Sam Chen,sam.chen7554@example.com,BR,2024-07-06,Basic,9209.44
7555,Neha Smith,neha.smith7555@example.com,IN,2023-09-25,Premium,14341.79
7556,Avery Singh,avery.singh7556@example.com,US,2020-11-28,Premium,19745.47
7557,Neha Khan,neha.khan7557@example.com,AU,2023-11-02,Standard,7600.88
7558,Jamie Silva,jamie.silva7558@example.com,AU,2024-09-13,Basic,16927.55
7559,Neha Brown,neha.brown7559@example.com,JP,2022-02-27,Basic,2828.39
7560,Lucas Silva,lucas.silva7560@example.com,CA,2020-12-08,Premium,6784.37
7561,Omar Müller,omar.müller7561@example.com,AU,2020-03-27,Basic,3080.22
7562,Avery Smith,avery.smith7562@example.com,SG,2023-05-01,Standard,15227.1
7563,Riley Patel,riley.patel7563@example.com,CA,2025-06-10,Basic,517.35
7564,Omar Patel,omar.patel7564@example.com,BR,2023-10-01,Premium,17002.8
7565,Sofia Kim,sofia.kim7565@example.com,US,2023-08-11,Premium,15531.79
7566,Jamie Garcia,jamie.garcia7566@example.com,FR,2020-01-01,Standard,14201.36
7567,Sam Khan,sam.khan7567@example.com,BR,2021-09-02,Basic,4087.74
7568,Neha Patel,neha.patel7568@example.com,AU,2020-08-18,Standard,2275.49
7569,Jordan Nguyen,jordan.nguyen7569@example.com,BR,2021-05-13,Standard,12097.82
7570,Avery Nguyen,avery.nguyen7570@example.com,JP,2020-08-24,Standard,11544.79
7571,Quinn Patel,quinn.patel7571@example.com,IN,2025-02-27,Basic,16805.07
7572,Lucas Silva,lucas.silva7572@example.com,SG,2024-10-30,Basic,4094.5
7573,Jamie Nguyen,jamie.nguyen7573@example.com,JP,2020-05-12,Basic,18605.22
7574,Neha Khan,neha.khan7574@example.com,US,2026-02-28,Standard,5459.34
7575,Omar Patel,omar.patel7575@example.com,UK,2021-09-04,Basic,17263.26
7576,Avery Smith,avery.smith7576@example.com,FR,2025-06-30,Basic,10365.67
7577,Lucas Silva,lucas.silva7577@example.com,SG,2026-01-17,Basic,18131.14
7578,Casey Singh,casey.singh7578@example.com,DE,2025-02-07,Standard,12453.34
7579,Neha Müller,neha.müller7579@example.com,BR,2021-12-25,Standard,19730.93
7580,Riley Lopez,riley.lopez7580@example.com,DE,2020-02-20,Premium,11419.11
7581,Sofia Patel,sofia.patel7581@example.com,AU,2022-11-20,Standard,16296.75
7582,Arjun Smith,arjun.smith7582@example.com,IN,2022-03-07,Premium,7723.65
7583,Casey Lopez,casey.lopez7583@example.com,IN,2020-09-25,Standard,7668.07
7584,Sam Singh,sam.singh7584@example.com,US,2026-01-03,Premium,18130.57
7585,Riley Singh,riley.singh7585@example.com,BR,2023-06-17,Basic,12869.08
7586,Taylor Khan,taylor.khan7586@example.com,DE,2025-01-14,Premium,8431.8
7587,Priya Smith,priya.smith7587@example.com,SG,2023-02-14,Basic,12815.51
7588,Morgan Khan,morgan.khan7588@example.com,IN,2024-03-10,Basic,8195.85
7589,Avery Silva,avery.silva7589@example.com,FR,2020-12-17,Premium,2407.33
7590,Sam Brown,sam.brown7590@example.com,IN,2025-09-30,Basic,1537.49
7591,Avery Nguyen,avery.nguyen7591@example.com,SG,2020-04-05,Premium,5551.58
7592,Sofia Chen,sofia.chen7592@example.com,US,2023-05-29,Standard,14686.51
7593,Jamie Chen,jamie.chen7593@example.com,CA,2020-09-02,Standard,13662.96
7594,Sam Brown,sam.brown7594@example.com,IN,2022-07-01,Basic,5136.43
7595,Casey Silva,casey.silva7595@example.com,FR,2026-05-01,Premium,19993.18
7596,Sam Chen,sam.chen7596@example.com,UK,2024-11-12,Basic,11950.69
7597,Alex Chen,alex.chen7597@example.com,FR,2024-10-10,Basic,1047.11
7598,Omar Müller,omar.müller7598@example.com,IN,2023-04-08,Standard,17209.69
7599,Omar Khan,omar.khan7599@example.com,BR,2024-05-11,Premium,2101.39
7600,Sofia Khan,sofia.khan7600@example.com,UK,2023-02-13,Premium,19408.47
7601,Omar Silva,omar.silva7601@example.com,US,2026-03-31,Premium,6878.61
7602,Arjun Müller,arjun.müller7602@example.com,UK,2023-02-21,Basic,282.4
7603,Lucas Silva,lucas.silva7603@example.com,SG,2023-08-13,Basic,9709.04
7604,Jamie Smith,jamie.smith7604@example.com,US,2022-08-02,Premium,3986.05
7605,Arjun Patel,arjun.patel7605@example.com,FR,2024-08-21,Premium,8974.1
7606,Omar Garcia,omar.garcia7606@example.com,UK,2023-06-24,Basic,6109.8
7607,Sofia Nguyen,sofia.nguyen7607@example.com,CA,2021-02-15,Basic,5446.09
7608,Arjun Müller,arjun.müller7608@example.com,DE,2022-01-11,Standard,1551.9
7609,Jordan Patel,jordan.patel7609@example.com,US,2021-07-12,Standard,4686.49
7610,Quinn Chen,quinn.chen7610@example.com,UK,2021-08-16,Standard,18390.92
7611,Lucas Lopez,lucas.lopez7611@example.com,JP,2020-08-12,Basic,6581.11
7612,Jamie Khan,jamie.khan7612@example.com,UK,2024-09-27,Basic,3487.45
7613,Arjun Lopez,arjun.lopez7613@example.com,AU,2022-12-17,Premium,13897.79
7614,Quinn Müller,quinn.müller7614@example.com,UK,2021-01-09,Premium,10475.62
7615,Alex Patel,alex.patel7615@example.com,IN,2023-07-07,Basic,17161.0
7616,Lucas Nguyen,lucas.nguyen7616@example.com,SG,2023-02-06,Premium,13460.4
7617,Arjun Patel,arjun.patel7617@example.com,DE,2026-02-13,Standard,19654.28
7618,Avery Garcia,avery.garcia7618@example.com,DE,2025-04-11,Standard,327.8
7619,Morgan Chen,,JP,2022-09-19,Premium,9283.77
7620,Riley Brown,riley.brown7620@example.com,UK,2022-06-21,Premium,5611.26
7621,Quinn Lopez,quinn.lopez7621@example.com,UK,2021-01-28,Basic,4130.1
7622,Arjun Lopez,arjun.lopez7622@example.com,JP,2026-06-17,Standard,6551.63
7623,Omar Garcia,omar.garcia7623@example.com,FR,2020-01-27,Standard,3985.7
7624,Avery Brown,avery.brown7624@example.com,US,2020-02-20,Standard,14203.68
7625,Priya Brown,priya.brown7625@example.com,FR,2020-06-30,Standard,15649.42
7626,Riley Chen,riley.chen7626@example.com,CA,2020-06-19,Standard,17165.49
7627,Riley Müller,riley.müller7627@example.com,BR,2022-02-05,Standard,14706.69
7628,Sofia Lopez,sofia.lopez7628@example.com,UK,2026-06-19,Premium,17352.45
7629,Sofia Smith,sofia.smith7629@example.com,BR,2021-10-06,Basic,12813.9
7630,Sofia Lopez,sofia.lopez7630@example.com,DE,2024-04-07,Premium,10495.35
7631,Arjun Brown,arjun.brown7631@example.com,FR,2021-06-28,Basic,2760.86
7632,Casey Kim,casey.kim7632@example.com,IN,2024-08-01,Standard,7496.85
7633,Alex Patel,alex.patel7633@example.com,IN,2024-02-24,Premium,17009.78
7634,Sofia Lopez,sofia.lopez7634@example.com,US,2022-05-30,Standard,15351.2
7635,Jamie Silva,jamie.silva7635@example.com,JP,2023-10-14,Standard,17031.12
7636,Omar Kim,omar.kim7636@example.com,JP,2021-01-02,Premium,19745.56
7637,Lucas Smith,lucas.smith7637@example.com,FR,2020-05-07,Basic,19423.28
7638,Priya Kim,priya.kim7638@example.com,FR,2022-01-24,Basic,18703.86
7639,Sam Garcia,sam.garcia7639@example.com,UK,2022-07-02,Basic,17384.22
7640,Neha Brown,neha.brown7640@example.com,JP,2024-01-29,Premium,15201.36
7641,Lucas Nguyen,lucas.nguyen7641@example.com,CA,2023-03-26,Standard,2319.76
7642,Priya Nguyen,priya.nguyen7642@example.com,UK,2021-11-23,Premium,289.89
7643,Morgan Singh,morgan.singh7643@example.com,BR,2022-11-16,Basic,5413.11
7644,Casey Chen,casey.chen7644@example.com,SG,2024-05-02,Premium,4233.5
7645,Jordan Silva,jordan.silva7645@example.com,IN,2026-04-08,Basic,17653.62
7646,Neha Smith,neha.smith7646@example.com,BR,2026-05-24,Basic,15959.04
7647,Morgan Chen,morgan.chen7647@example.com,SG,2022-12-13,Standard,1531.06
7648,Neha Khan,neha.khan7648@example.com,FR,2022-03-28,Basic,14422.81
7649,Casey Patel,casey.patel7649@example.com,BR,2021-08-19,Basic,10350.12
7650,Neha Smith,neha.smith7650@example.com,CA,2022-01-29,Standard,10161.61
7651,Lucas Patel,lucas.patel7651@example.com,US,2022-10-02,Standard,13036.02
7652,Alex Brown,alex.brown7652@example.com,BR,2023-09-26,Basic,19071.61
7653,Omar Garcia,omar.garcia7653@example.com,AU,2020-05-21,Basic,11646.35
7654,Jamie Patel,jamie.patel7654@example.com,UK,2022-05-27,Standard,3403.82
7655,Alex Khan,alex.khan7655@example.com,FR,2025-10-08,Basic,18722.83
7656,Alex Müller,alex.müller7656@example.com,IN,2021-01-10,Premium,9234.78
7657,Jamie Chen,jamie.chen7657@example.com,UK,2022-04-16,Basic,8035.07
7658,Avery Nguyen,avery.nguyen7658@example.com,FR,2020-04-30,Basic,13020.57
7659,Jamie Singh,jamie.singh7659@example.com,CA,2022-05-07,Standard,2729.9
7660,Taylor Kim,taylor.kim7660@example.com,UK,2024-11-02,Basic,14231.28
7661,Lucas Nguyen,lucas.nguyen7661@example.com,DE,2026-04-08,Premium,15526.75
7662,Sam Lopez,sam.lopez7662@example.com,SG,2020-11-06,Basic,18448.59
7663,Jordan Singh,jordan.singh7663@example.com,DE,2025-09-30,Standard,13983.65
7664,Jordan Chen,jordan.chen7664@example.com,JP,2026-05-23,Standard,6622.53
7665,Neha Müller,neha.müller7665@example.com,CA,2021-12-24,Premium,11128.71
7666,Jordan Patel,jordan.patel7666@example.com,FR,2025-04-19,Standard,9279.92
7667,Sam Lopez,sam.lopez7667@example.com,DE,2021-03-05,Premium,3231.81
7668,Neha Brown,neha.brown7668@example.com,SG,2024-12-10,Standard,7783.59
7669,Morgan Smith,morgan.smith7669@example.com,UK,2022-05-20,Premium,2701.98
7670,Lucas Müller,lucas.müller7670@example.com,IN,2025-01-08,Premium,6202.98
7671,Avery Garcia,avery.garcia7671@example.com,JP,2023-07-13,Basic,10911.65
7672,Sam Patel,sam.patel7672@example.com,FR,2023-07-24,Basic,16247.6
7673,Alex Nguyen,alex.nguyen7673@example.com,DE,2020-04-09,Standard,2371.15
7674,Arjun Garcia,arjun.garcia7674@example.com,JP,2021-11-16,Standard,1834.15
7675,Taylor Smith,taylor.smith7675@example.com,SG,2023-11-10,Premium,1982.43
7676,Jordan Smith,jordan.smith7676@example.com,IN,2025-02-25,Basic,13193.29
7677,Riley Brown,riley.brown7677@example.com,IN,2022-07-12,Standard,17355.45
7678,Riley Garcia,riley.garcia7678@example.com,DE,2026-02-03,Basic,409.2
7679,Morgan Khan,morgan.khan7679@example.com,JP,2020-05-11,Premium,646.49
7680,Sam Chen,sam.chen7680@example.com,CA,2020-01-21,Premium,17318.29
7681,Quinn Nguyen,quinn.nguyen7681@example.com,SG,2024-05-06,Premium,17312.86
7682,Avery Nguyen,avery.nguyen7682@example.com,US,2025-03-21,Standard,2899.37
7683,Lucas Garcia,lucas.garcia7683@example.com,US,2023-03-02,Standard,1018.88
7684,Alex Nguyen,alex.nguyen7684@example.com,DE,2023-12-08,Premium,4857.5
7685,Morgan Brown,morgan.brown7685@example.com,US,2021-04-03,Standard,14219.63
7686,Omar Garcia,omar.garcia7686@example.com,AU,2020-10-06,Premium,6280.57
7687,Quinn Nguyen,quinn.nguyen7687@example.com,IN,2025-06-10,Premium,758.14
7688,Arjun Khan,arjun.khan7688@example.com,IN,2023-10-16,Premium,4178.46
7689,Casey Smith,casey.smith7689@example.com,SG,2024-06-09,Standard,4100.14
7690,Casey Singh,casey.singh7690@example.com,US,2025-05-10,Standard,1912.6
7691,Morgan Brown,morgan.brown7691@example.com,SG,2024-09-14,Standard,6781.81
7692,Avery Chen,avery.chen7692@example.com,US,2022-06-29,Standard,4544.49
7693,Arjun Silva,arjun.silva7693@example.com,CA,2022-04-01,Premium,12119.99
7694,Priya Müller,priya.müller7694@example.com,US,2020-02-17,Premium,15918.39
7695,Jamie Patel,jamie.patel7695@example.com,BR,2021-08-03,Basic,7575.02
7696,Arjun Smith,arjun.smith7696@example.com,IN,2023-06-24,Standard,10414.33
7697,Taylor Singh,taylor.singh7697@example.com,BR,2024-01-25,Premium,19303.51
7698,Alex Kim,alex.kim7698@example.com,SG,2022-11-13,Basic,18085.24
7699,Arjun Brown,arjun.brown7699@example.com,FR,2023-04-04,Standard,17213.94
7700,Jamie Khan,jamie.khan7700@example.com,UK,2020-08-28,Premium,10064.99
7701,Alex Garcia,alex.garcia7701@example.com,DE,2021-11-23,Premium,1943.7
7702,Arjun Patel,arjun.patel7702@example.com,SG,2025-11-09,Basic,18629.8
7703,Alex Nguyen,alex.nguyen7703@example.com,US,2021-04-04,Standard,15324.46
7704,Jordan Silva,jordan.silva7704@example.com,AU,2021-05-06,Basic,11588.47
7705,Riley Nguyen,riley.nguyen7705@example.com,JP,2025-04-22,Basic,7118.67
7706,Alex Singh,alex.singh7706@example.com,BR,2021-01-20,Standard,12967.69
7707,Casey Khan,casey.khan7707@example.com,FR,2023-03-08,Premium,14680.7
7708,Omar Brown,omar.brown7708@example.com,BR,2026-01-12,Basic,17414.37
7709,Lucas Garcia,lucas.garcia7709@example.com,US,2021-08-05,Premium,5178.97
7710,Lucas Patel,lucas.patel7710@example.com,US,2022-07-20,Standard,15670.75
7711,Priya Kim,priya.kim7711@example.com,CA,2025-06-21,Standard,15054.01
7712,Sam Singh,sam.singh7712@example.com,CA,2021-08-07,Basic,19278.28
7713,Lucas Patel,lucas.patel7713@example.com,SG,2024-11-28,Standard,6775.46
7714,Sam Singh,sam.singh7714@example.com,AU,2026-07-05,Standard,7134.85
7715,Jordan Smith,jordan.smith7715@example.com,UK,2020-03-16,Standard,14392.04
7716,Arjun Singh,arjun.singh7716@example.com,JP,2022-03-12,Standard,8523.27
7717,Quinn Garcia,quinn.garcia7717@example.com,JP,2021-07-23,Basic,5121.41
7718,Omar Khan,omar.khan7718@example.com,IN,2020-06-04,Basic,544.85
7719,Riley Singh,riley.singh7719@example.com,AU,2020-08-20,Basic,10454.26
7720,Quinn Lopez,quinn.lopez7720@example.com,BR,2023-05-02,Standard,872.04
7721,Morgan Nguyen,morgan.nguyen7721@example.com,US,2024-12-05,Standard,2291.3
7722,Jordan Nguyen,jordan.nguyen7722@example.com,US,2021-11-16,Premium,7291.96
7723,Priya Brown,priya.brown7723@example.com,DE,2020-11-24,Premium,5129.39
7724,Sam Silva,sam.silva7724@example.com,BR,2022-02-02,Premium,10942.49
7725,Arjun Singh,arjun.singh7725@example.com,IN,2025-07-07,Standard,5354.77
7726,Jordan Patel,jordan.patel7726@example.com,BR,2022-10-10,Standard,12300.48
7727,Arjun Müller,arjun.müller7727@example.com,CA,2026-03-21,Premium,11096.51
7728,Sofia Kim,sofia.kim7728@example.com,SG,2022-04-16,Premium,15115.09
7729,Neha Chen,neha.chen7729@example.com,IN,2020-04-17,Basic,3314.51
7730,Omar Khan,omar.khan7730@example.com,AU,2024-11-12,Premium,2775.53
7731,Jordan Nguyen,jordan.nguyen7731@example.com,CA,2024-05-01,Standard,14431.01
7732,Lucas Nguyen,lucas.nguyen7732@example.com,CA,2025-03-13,Basic,16341.08
7733,Neha Garcia,neha.garcia7733@example.com,AU,2020-07-14,Basic,5266.59
7734,Arjun Smith,arjun.smith7734@example.com,IN,2023-06-06,Premium,15896.17
7735,Casey Brown,casey.brown7735@example.com,JP,2020-03-04,Basic,11600.08
7736,Riley Müller,riley.müller7736@example.com,BR,2021-05-05,Premium,2927.87
7737,Arjun Khan,arjun.khan7737@example.com,AU,2021-03-14,Standard,4806.42
7738,Casey Brown,casey.brown7738@example.com,AU,2021-07-31,Premium,4959.99
7739,Omar Brown,omar.brown7739@example.com,SG,2021-04-27,Basic,15262.94
7740,Taylor Chen,taylor.chen7740@example.com,FR,2020-05-24,Standard,3754.24
7741,Morgan Chen,morgan.chen7741@example.com,US,2023-10-19,Premium,351.5
7742,Omar Silva,omar.silva7742@example.com,DE,2020-03-02,Basic,13431.35
7743,Avery Smith,avery.smith7743@example.com,DE,2026-04-21,Basic,5825.71
7744,Taylor Lopez,taylor.lopez7744@example.com,BR,2025-04-28,Standard,15845.37
7745,Casey Lopez,casey.lopez7745@example.com,IN,2026-07-10,Basic,2504.23
7746,Alex Brown,alex.brown7746@example.com,US,2025-06-28,Premium,11593.86
7747,Jordan Chen,jordan.chen7747@example.com,AU,2025-06-09,Standard,19432.55
7748,Jamie Brown,jamie.brown7748@example.com,CA,2020-04-10,Standard,11842.4
7749,Taylor Singh,taylor.singh7749@example.com,DE,2025-09-19,Standard,15979.7
7750,Lucas Kim,lucas.kim7750@example.com,FR,2023-06-04,Premium,2373.1
7751,Priya Lopez,priya.lopez7751@example.com,AU,2024-08-19,Standard,8520.98
7752,Priya Chen,priya.chen7752@example.com,JP,2021-10-31,Basic,7573.81
7753,Omar Kim,omar.kim7753@example.com,UK,2025-05-03,Premium,3389.61
7754,Quinn Kim,quinn.kim7754@example.com,JP,2020-06-24,Premium,13543.97
7755,Sam Chen,sam.chen7755@example.com,US,2023-08-30,Standard,8139.72
7756,Priya Khan,priya.khan7756@example.com,IN,2022-12-23,Premium,13720.3
7757,Jamie Kim,jamie.kim7757@example.com,US,2025-01-10,Standard,10391.35
7758,Avery Garcia,avery.garcia7758@example.com,SG,2025-09-07,Standard,7723.77
7759,Sam Khan,sam.khan7759@example.com,BR,2020-05-16,Standard,16216.48
7760,Sam Chen,sam.chen7760@example.com,IN,2025-04-12,Premium,3244.84
7761,Quinn Garcia,quinn.garcia7761@example.com,DE,2024-10-18,Basic,4844.28
7762,Quinn Lopez,quinn.lopez7762@example.com,DE,2025-03-09,Premium,10705.55
7763,Sam Kim,sam.kim7763@example.com,IN,2025-11-22,Standard,3895.93
7764,Sam Kim,sam.kim7764@example.com,AU,2025-05-26,Basic,2430.43
7765,Omar Lopez,omar.lopez7765@example.com,FR,2021-08-08,Standard,2530.49
7766,Taylor Lopez,taylor.lopez7766@example.com,CA,2025-03-04,Standard,18507.77
7767,Riley Smith,riley.smith7767@example.com,JP,2022-04-19,Standard,9252.2
7768,Lucas Kim,lucas.kim7768@example.com,AU,2023-07-02,Premium,5647.38
7769,Priya Brown,priya.brown7769@example.com,BR,2023-06-04,Standard,18059.13
7770,Morgan Patel,morgan.patel7770@example.com,IN,2024-06-11,Basic,10699.15
7771,Riley Nguyen,riley.nguyen7771@example.com,BR,2022-08-05,Standard,12759.91
7772,Alex Smith,alex.smith7772@example.com,FR,2025-11-10,Basic,5407.26
7773,Morgan Smith,morgan.smith7773@example.com,IN,2023-05-06,Basic,13374.52
7774,Lucas Müller,lucas.müller7774@example.com,IN,2024-07-15,Standard,18044.37
7775,Alex Müller,alex.müller7775@example.com,FR,2020-07-12,Basic,15854.45
7776,Quinn Patel,quinn.patel7776@example.com,FR,2020-06-03,Basic,2640.69
7777,Jamie Nguyen,jamie.nguyen7777@example.com,UK,2026-03-26,Basic,15645.88
7778,Omar Patel,omar.patel7778@example.com,JP,2022-04-20,Standard,13865.01
7779,Jordan Müller,jordan.müller7779@example.com,JP,2022-06-10,Standard,16698.25
7780,Sam Singh,sam.singh7780@example.com,SG,2022-03-10,Basic,1919.09
7781,Sam Kim,sam.kim7781@example.com,JP,2021-07-01,Premium,11809.97
7782,Morgan Müller,morgan.müller7782@example.com,US,2023-06-05,Standard,184.77
7783,Avery Smith,avery.smith7783@example.com,FR,2022-07-30,Standard,11375.34
7784,Sam Nguyen,sam.nguyen7784@example.com,CA,2025-06-30,Standard,5138.68
7785,Riley Lopez,riley.lopez7785@example.com,JP,2022-03-20,Basic,13824.23
7786,Omar Müller,omar.müller7786@example.com,IN,2022-04-13,Premium,18520.53
7787,Lucas Khan,lucas.khan7787@example.com,UK,2021-10-22,Basic,9773.28
7788,Taylor Müller,taylor.müller7788@example.com,IN,2024-01-30,Standard,17966.56
7789,Riley Brown,riley.brown7789@example.com,FR,2025-12-31,Premium,731.86
7790,Riley Patel,riley.patel7790@example.com,DE,2024-06-16,Standard,1316.02
7791,Jordan Khan,jordan.khan7791@example.com,DE,2022-09-27,Basic,6252.62
7792,Lucas Müller,,JP,2024-07-11,Premium,3133.08
7793,Lucas Singh,lucas.singh7793@example.com,SG,2020-02-28,Standard,3239.29
7794,Quinn Müller,quinn.müller7794@example.com,FR,2020-10-17,Premium,6803.14
7795,Alex Kim,alex.kim7795@example.com,SG,2020-12-26,Standard,9641.4
7796,Sam Garcia,sam.garcia7796@example.com,FR,2025-09-22,Basic,4904.77
7797,Avery Chen,avery.chen7797@example.com,FR,2023-09-09,Basic,11368.13
7798,Jordan Müller,jordan.müller7798@example.com,UK,2022-01-22,Standard,12942.65
7799,Taylor Singh,taylor.singh7799@example.com,BR,2026-06-01,Standard,5036.06
7800,Priya Kim,priya.kim7800@example.com,BR,2025-10-16,Basic,3015.46
7801,Riley Smith,riley.smith7801@example.com,JP,2021-11-16,Basic,6045.22
7802,Omar Patel,omar.patel7802@example.com,IN,2023-10-27,Standard,16005.42
7803,Riley Kim,riley.kim7803@example.com,US,2024-05-11,Standard,11073.18
7804,Sam Khan,sam.khan7804@example.com,SG,2023-02-18,Standard,9849.7
7805,Sam Singh,sam.singh7805@example.com,IN,2021-09-08,Basic,17753.15
7806,Alex Singh,alex.singh7806@example.com,CA,2024-11-27,Premium,19838.14
7807,Riley Smith,riley.smith7807@example.com,FR,2022-04-05,Standard,2606.8
7808,Sofia Singh,sofia.singh7808@example.com,FR,2023-09-12,Standard,3757.1
7809,Sofia Müller,sofia.müller7809@example.com,FR,2024-10-09,Basic,1450.97
7810,Avery Garcia,avery.garcia7810@example.com,JP,2025-02-23,Standard,555.41
7811,Omar Kim,omar.kim7811@example.com,SG,2023-09-21,Basic,1372.03
7812,Avery Nguyen,avery.nguyen7812@example.com,FR,2026-05-19,Basic,1032.28
7813,Arjun Silva,arjun.silva7813@example.com,CA,2020-10-31,Basic,8287.05
7814,Quinn Khan,quinn.khan7814@example.com,DE,2024-08-27,Standard,18633.21
7815,Avery Khan,avery.khan7815@example.com,DE,2025-05-02,Basic,16694.32
7816,Arjun Nguyen,arjun.nguyen7816@example.com,IN,2025-09-08,Standard,7103.23
7817,Priya Silva,priya.silva7817@example.com,JP,2025-05-26,Basic,9944.55
7818,Arjun Chen,arjun.chen7818@example.com,UK,2023-02-06,Standard,10126.77
7819,Omar Patel,omar.patel7819@example.com,FR,2025-10-02,Basic,3877.43
7820,Jamie Singh,jamie.singh7820@example.com,FR,2026-05-05,Premium,3842.68
7821,Neha Smith,neha.smith7821@example.com,CA,2021-06-18,Standard,5376.23
7822,Alex Garcia,alex.garcia7822@example.com,AU,2024-05-16,Standard,12826.61
7823,Casey Patel,casey.patel7823@example.com,JP,2025-10-18,Premium,12376.08
7824,Sam Nguyen,sam.nguyen7824@example.com,IN,2020-01-14,Premium,8791.26
7825,Omar Kim,omar.kim7825@example.com,UK,2023-04-10,Premium,4494.73
7826,Alex Singh,alex.singh7826@example.com,DE,2025-07-03,Standard,1846.04
7827,Riley Nguyen,riley.nguyen7827@example.com,SG,2026-02-26,Premium,10274.52
7828,Neha Brown,neha.brown7828@example.com,AU,2021-05-07,Premium,10503.98
7829,Taylor Chen,taylor.chen7829@example.com,SG,2025-03-09,Premium,17339.19
7830,Morgan Chen,morgan.chen7830@example.com,DE,2020-11-23,Premium,2601.71
7831,Jamie Smith,jamie.smith7831@example.com,UK,2025-04-13,Standard,11781.66
7832,Riley Brown,riley.brown7832@example.com,US,2020-09-27,Standard,7500.93
7833,Arjun Brown,arjun.brown7833@example.com,AU,2025-04-28,Standard,10452.47
7834,Morgan Khan,morgan.khan7834@example.com,UK,2026-03-24,Premium,19452.24
7835,Lucas Khan,lucas.khan7835@example.com,US,2023-10-28,Standard,1233.41
7836,Priya Brown,priya.brown7836@example.com,JP,2022-05-10,Basic,14355.64
7837,Jamie Patel,jamie.patel7837@example.com,US,2026-06-01,Standard,182.26
7838,Alex Lopez,alex.lopez7838@example.com,BR,2024-04-03,Premium,8190.0
7839,Sam Khan,sam.khan7839@example.com,AU,2022-03-04,Premium,8838.08
7840,Neha Smith,neha.smith7840@example.com,UK,2023-04-16,Standard,13887.7
7841,Neha Chen,neha.chen7841@example.com,JP,2021-01-09,Basic,1738.2
7842,Morgan Kim,morgan.kim7842@example.com,BR,2025-01-23,Standard,9190.51
7843,Arjun Singh,arjun.singh7843@example.com,BR,2020-03-09,Standard,11154.06
7844,Quinn Garcia,quinn.garcia7844@example.com,BR,2020-03-28,Standard,3927.4
7845,Riley Khan,riley.khan7845@example.com,CA,2024-11-17,Basic,8035.11
7846,Jordan Müller,jordan.müller7846@example.com,IN,2025-10-05,Standard,15168.08
7847,Jordan Singh,jordan.singh7847@example.com,IN,2023-03-30,Basic,442.04
7848,Omar Kim,omar.kim7848@example.com,CA,2025-11-26,Standard,5239.02
7849,Taylor Garcia,taylor.garcia7849@example.com,BR,2021-05-10,Basic,17602.71
7850,Sofia Chen,sofia.chen7850@example.com,US,2021-11-05,Premium,13116.35
7851,Morgan Smith,morgan.smith7851@example.com,SG,2023-04-07,Standard,4348.2
7852,Sam Khan,sam.khan7852@example.com,UK,2020-12-13,Premium,5529.83
7853,Priya Brown,priya.brown7853@example.com,JP,2020-05-05,Premium,9535.48
7854,Priya Nguyen,priya.nguyen7854@example.com,BR,2026-03-31,Standard,2665.84
7855,Avery Smith,avery.smith7855@example.com,BR,2022-05-09,Standard,7001.74
7856,Morgan Silva,morgan.silva7856@example.com,IN,2024-02-25,Premium,19300.02
7857,Jordan Singh,jordan.singh7857@example.com,IN,2022-08-25,Standard,9739.35
7858,Lucas Nguyen,lucas.nguyen7858@example.com,JP,2024-01-19,Basic,13145.73
7859,Morgan Lopez,morgan.lopez7859@example.com,UK,2021-06-27,Standard,17412.02
7860,Neha Silva,neha.silva7860@example.com,DE,2025-03-31,Premium,11807.6
7861,Lucas Brown,lucas.brown7861@example.com,AU,2025-01-23,Basic,19637.02
7862,Casey Smith,casey.smith7862@example.com,SG,2023-06-06,Standard,5316.24
7863,Alex Garcia,alex.garcia7863@example.com,FR,2023-02-11,Standard,4107.38
7864,Casey Nguyen,casey.nguyen7864@example.com,SG,2025-01-04,Standard,11449.91
7865,Taylor Kim,taylor.kim7865@example.com,BR,2024-05-03,Standard,5427.25
7866,Omar Müller,omar.müller7866@example.com,SG,2026-07-16,Standard,12070.35
7867,Alex Müller,alex.müller7867@example.com,JP,2025-10-23,Standard,4677.31
7868,Sam Singh,sam.singh7868@example.com,IN,2026-01-17,Basic,4825.03
7869,Jordan Lopez,jordan.lopez7869@example.com,SG,2023-03-14,Basic,1106.13
7870,Jamie Singh,jamie.singh7870@example.com,CA,2025-03-25,Standard,3765.84
7871,Jordan Silva,jordan.silva7871@example.com,UK,2024-01-23,Standard,5490.25
7872,Casey Silva,casey.silva7872@example.com,FR,2024-08-14,Premium,1265.2
7873,Priya Singh,priya.singh7873@example.com,JP,2021-10-30,Basic,9531.31
7874,Jordan Silva,jordan.silva7874@example.com,AU,2021-01-05,Basic,4951.48
7875,Taylor Singh,taylor.singh7875@example.com,BR,2020-01-30,Premium,9004.24
7876,Riley Müller,riley.müller7876@example.com,US,2022-07-24,Standard,8307.41
7877,Taylor Khan,taylor.khan7877@example.com,US,2026-04-12,Basic,12952.24
7878,Lucas Silva,lucas.silva7878@example.com,JP,2020-01-02,Basic,9420.35
7879,Alex Patel,alex.patel7879@example.com,DE,2026-06-16,Basic,13463.32
7880,Morgan Chen,morgan.chen7880@example.com,UK,2023-08-13,Standard,19369.77
7881,Sofia Chen,sofia.chen7881@example.com,JP,2023-06-01,Basic,16207.71
7882,Avery Patel,avery.patel7882@example.com,JP,2025-05-29,Premium,10399.54
7883,Riley Nguyen,riley.nguyen7883@example.com,BR,2024-12-05,Basic,15316.44
7884,Omar Patel,omar.patel7884@example.com,BR,2022-08-10,Premium,15323.8
7885,Neha Kim,neha.kim7885@example.com,FR,2021-05-03,Premium,256.5
7886,Morgan Garcia,morgan.garcia7886@example.com,BR,2021-06-15,Standard,13712.55
7887,Omar Singh,omar.singh7887@example.com,US,2022-11-01,Standard,7960.31
7888,Quinn Chen,quinn.chen7888@example.com,JP,2025-01-27,Premium,15565.76
7889,Avery Nguyen,avery.nguyen7889@example.com,CA,2023-01-06,Premium,16351.66
7890,Priya Singh,priya.singh7890@example.com,IN,2021-06-24,Premium,13072.48
7891,Neha Garcia,neha.garcia7891@example.com,US,2026-01-24,Basic,676.52
7892,Sam Lopez,sam.lopez7892@example.com,UK,2025-12-15,Basic,5028.18
7893,Quinn Müller,quinn.müller7893@example.com,UK,2025-12-21,Premium,18346.6
7894,Riley Smith,riley.smith7894@example.com,AU,2022-10-05,Standard,6460.85
7895,Jamie Khan,jamie.khan7895@example.com,AU,2024-06-23,Basic,8555.01
7896,Omar Chen,omar.chen7896@example.com,US,2020-06-06,Premium,12042.13
7897,Morgan Kim,morgan.kim7897@example.com,IN,2023-07-18,Premium,16132.63
7898,Alex Singh,alex.singh7898@example.com,IN,2023-07-07,Basic,9150.63
7899,Quinn Lopez,quinn.lopez7899@example.com,UK,2025-03-08,Standard,10369.53
7900,Sam Khan,sam.khan7900@example.com,UK,2025-05-21,Standard,16292.74
7901,Morgan Kim,morgan.kim7901@example.com,DE,2022-09-06,Standard,8746.0
7902,Jamie Garcia,jamie.garcia7902@example.com,US,2021-01-18,Basic,5391.63
7903,Priya Silva,priya.silva7903@example.com,BR,2024-03-29,Premium,8312.67
7904,Riley Chen,riley.chen7904@example.com,AU,2020-08-05,Basic,8317.64
7905,Sam Smith,sam.smith7905@example.com,DE,2020-11-14,Basic,6173.06
7906,Lucas Kim,lucas.kim7906@example.com,UK,2024-07-28,Standard,16536.37
7907,Morgan Singh,morgan.singh7907@example.com,BR,2024-02-22,Basic,17869.57
7908,Arjun Singh,arjun.singh7908@example.com,BR,2020-09-17,Premium,16373.23
7909,Jordan Kim,jordan.kim7909@example.com,FR,2023-02-22,Basic,19577.51
7910,Sofia Khan,sofia.khan7910@example.com,UK,2024-11-19,Standard,6089.16
7911,Jordan Patel,jordan.patel7911@example.com,SG,2025-10-02,Basic,3499.06
7912,Taylor Singh,taylor.singh7912@example.com,DE,2023-09-29,Premium,6826.03
7913,Quinn Garcia,quinn.garcia7913@example.com,AU,2024-10-26,Premium,16596.53
7914,Omar Lopez,omar.lopez7914@example.com,US,2025-07-26,Basic,19795.33
7915,Sam Kim,sam.kim7915@example.com,FR,2023-03-08,Basic,9119.67
7916,Priya Patel,priya.patel7916@example.com,DE,2022-11-19,Premium,9290.81
7917,Quinn Chen,quinn.chen7917@example.com,IN,2025-08-22,Basic,6379.97
7918,Arjun Lopez,arjun.lopez7918@example.com,FR,2021-07-21,Basic,5245.71
7919,Arjun Khan,arjun.khan7919@example.com,AU,2023-01-08,Standard,14262.71
7920,Sam Garcia,sam.garcia7920@example.com,US,2024-07-02,Basic,510.52
7921,Omar Patel,omar.patel7921@example.com,IN,2023-11-29,Basic,9113.95
7922,Sofia Garcia,sofia.garcia7922@example.com,AU,2022-09-03,Premium,4679.09
7923,Priya Müller,priya.müller7923@example.com,CA,2024-03-30,Standard,4596.61
7924,Quinn Singh,quinn.singh7924@example.com,UK,2026-02-18,Premium,13774.71
7925,Quinn Khan,quinn.khan7925@example.com,US,2020-09-07,Basic,19796.97
7926,Morgan Patel,morgan.patel7926@example.com,SG,2023-12-24,Premium,19118.96
7927,Lucas Kim,lucas.kim7927@example.com,US,2023-11-02,Basic,3819.54
7928,Alex Smith,alex.smith7928@example.com,DE,2023-01-17,Basic,14636.15
7929,Morgan Garcia,morgan.garcia7929@example.com,SG,2021-10-13,Standard,2886.65
7930,Priya Khan,priya.khan7930@example.com,AU,2024-02-15,Basic,6956.53
7931,Neha Garcia,neha.garcia7931@example.com,FR,2023-05-20,Basic,9981.62
7932,Neha Brown,neha.brown7932@example.com,JP,2026-02-15,Basic,4431.82
7933,Avery Chen,avery.chen7933@example.com,DE,2026-07-05,Standard,4190.04
7934,Alex Chen,alex.chen7934@example.com,AU,2020-11-21,Basic,10116.45
7935,Arjun Silva,arjun.silva7935@example.com,FR,2024-12-06,Basic,18426.55
7936,Alex Khan,alex.khan7936@example.com,SG,2023-10-25,Standard,3643.19
7937,Avery Chen,avery.chen7937@example.com,JP,2025-10-24,Premium,291.74
7938,Sam Müller,sam.müller7938@example.com,SG,2026-04-22,Standard,16281.78
7939,Jamie Nguyen,jamie.nguyen7939@example.com,US,2025-01-20,Standard,6862.38
7940,Omar Garcia,omar.garcia7940@example.com,AU,2024-03-24,Basic,9381.77
7941,Morgan Garcia,morgan.garcia7941@example.com,JP,2021-02-11,Basic,16154.3
7942,Sofia Brown,sofia.brown7942@example.com,FR,2025-01-25,Standard,1116.42
7943,Jordan Khan,jordan.khan7943@example.com,UK,2020-05-21,Standard,6860.96
7944,Casey Smith,casey.smith7944@example.com,CA,2024-06-27,Basic,18228.65
7945,Sofia Singh,sofia.singh7945@example.com,DE,2026-07-07,Premium,12674.11
7946,Quinn Müller,quinn.müller7946@example.com,CA,2025-05-20,Standard,3843.36
7947,Riley Smith,riley.smith7947@example.com,UK,2023-05-05,Basic,15898.81
7948,Quinn Smith,quinn.smith7948@example.com,JP,2022-08-22,Basic,2069.77
7949,Lucas Patel,lucas.patel7949@example.com,FR,2020-01-02,Premium,1397.97
7950,Jordan Kim,jordan.kim7950@example.com,BR,2025-06-23,Premium,12227.96
7951,Sam Lopez,sam.lopez7951@example.com,BR,2022-10-31,Premium,17869.48
7952,Sam Khan,sam.khan7952@example.com,BR,2024-08-27,Basic,8434.9
7953,Lucas Patel,lucas.patel7953@example.com,US,2025-06-24,Basic,11484.14
7954,Arjun Garcia,arjun.garcia7954@example.com,JP,2023-10-31,Standard,7365.05
7955,Alex Müller,alex.müller7955@example.com,DE,2021-03-11,Basic,18026.74
7956,Morgan Smith,morgan.smith7956@example.com,US,2020-11-04,Basic,7755.81
7957,Avery Garcia,avery.garcia7957@example.com,IN,2023-09-15,Premium,19783.95
7958,Jordan Smith,jordan.smith7958@example.com,JP,2023-04-24,Premium,16156.4
7959,Neha Nguyen,neha.nguyen7959@example.com,CA,2022-05-13,Premium,11019.31
7960,Alex Singh,alex.singh7960@example.com,UK,2026-03-28,Basic,4741.07
7961,Neha Silva,neha.silva7961@example.com,UK,2022-05-19,Premium,17033.49
7962,Jamie Nguyen,jamie.nguyen7962@example.com,CA,2023-02-24,Standard,2357.84
7963,Neha Smith,neha.smith7963@example.com,BR,2020-09-08,Standard,9111.71
7964,Avery Silva,avery.silva7964@example.com,JP,2025-12-04,Basic,17716.64
7965,Riley Patel,riley.patel7965@example.com,CA,2021-05-15,Basic,2401.67
7966,Jordan Silva,jordan.silva7966@example.com,UK,2020-04-14,Basic,13231.02
7967,Lucas Chen,lucas.chen7967@example.com,FR,2020-07-09,Basic,2139.41
7968,Taylor Silva,taylor.silva7968@example.com,US,2023-11-13,Standard,5464.9
7969,Omar Lopez,omar.lopez7969@example.com,AU,2026-01-18,Basic,7438.77
7970,Arjun Silva,arjun.silva7970@example.com,SG,2020-03-28,Premium,16120.84
7971,Avery Nguyen,avery.nguyen7971@example.com,JP,2023-08-04,Basic,11801.95
7972,Quinn Silva,quinn.silva7972@example.com,SG,2020-12-06,Premium,16375.88
7973,Morgan Lopez,morgan.lopez7973@example.com,JP,2025-12-07,Standard,10821.68
7974,Neha Brown,neha.brown7974@example.com,UK,2022-06-08,Premium,10784.03
7975,Jamie Brown,jamie.brown7975@example.com,DE,2022-03-03,Standard,17545.69
7976,Alex Singh,alex.singh7976@example.com,SG,2026-02-08,Premium,569.51
7977,Sofia Smith,sofia.smith7977@example.com,US,2020-04-06,Premium,7883.35
7978,Sofia Brown,sofia.brown7978@example.com,AU,2022-12-08,Standard,6976.99
7979,Omar Singh,omar.singh7979@example.com,IN,2024-10-04,Premium,10603.62
7980,Priya Patel,priya.patel7980@example.com,IN,2025-04-13,Premium,16412.89
7981,Morgan Smith,morgan.smith7981@example.com,DE,2023-11-30,Basic,3318.89
7982,Lucas Garcia,lucas.garcia7982@example.com,BR,2022-07-11,Basic,5001.52
7983,Alex Müller,alex.müller7983@example.com,US,2022-11-23,Basic,18667.97
7984,Alex Müller,alex.müller7984@example.com,FR,2024-10-24,Basic,1627.53
7985,Riley Brown,riley.brown7985@example.com,FR,2020-03-25,Standard,6125.74
7986,Avery Smith,avery.smith7986@example.com,BR,2023-07-28,Basic,16587.19
7987,Sofia Silva,sofia.silva7987@example.com,UK,2021-01-14,Premium,2714.09
7988,Taylor Lopez,taylor.lopez7988@example.com,BR,2025-10-16,Premium,65.78
7989,Taylor Khan,taylor.khan7989@example.com,JP,2024-08-29,Standard,19484.81
7990,Arjun Garcia,arjun.garcia7990@example.com,IN,2023-09-29,Premium,18645.61
7991,Lucas Kim,lucas.kim7991@example.com,JP,2021-04-14,Premium,299.28
7992,Alex Nguyen,alex.nguyen7992@example.com,FR,2024-08-08,Basic,12913.33
7993,Quinn Nguyen,quinn.nguyen7993@example.com,CA,2021-02-17,Standard,9479.55
7994,Avery Brown,avery.brown7994@example.com,SG,2023-06-27,Standard,11007.66
7995,Priya Kim,priya.kim7995@example.com,JP,2023-04-10,Premium,6888.7
7996,Priya Silva,priya.silva7996@example.com,JP,2024-04-04,Basic,11679.68
7997,Lucas Lopez,lucas.lopez7997@example.com,JP,2022-06-24,Basic,16601.07
7998,Arjun Patel,arjun.patel7998@example.com,BR,2024-04-29,Premium,4529.84
7999,Riley Khan,riley.khan7999@example.com,DE,2025-05-21,Basic,16582.79
8000,Taylor Singh,taylor.singh8000@example.com,US,2023-12-16,Basic,12947.31
8001,Jordan Khan,jordan.khan8001@example.com,JP,2020-11-10,Standard,12900.47
8002,Taylor Chen,taylor.chen8002@example.com,SG,2024-04-05,Basic,13365.21
8003,Avery Garcia,avery.garcia8003@example.com,DE,2020-08-25,Basic,6173.79
8004,Lucas Garcia,lucas.garcia8004@example.com,AU,2024-09-10,Premium,14055.26
8005,Arjun Khan,arjun.khan8005@example.com,SG,2023-11-12,Basic,13710.26
8006,Avery Kim,avery.kim8006@example.com,FR,2023-04-07,Premium,7901.25
8007,Alex Nguyen,alex.nguyen8007@example.com,UK,2026-02-20,Basic,15290.67
8008,Sam Brown,sam.brown8008@example.com,BR,2024-06-16,Premium,13249.71
8009,Morgan Smith,morgan.smith8009@example.com,SG,2025-12-31,Premium,7059.61
8010,Sam Khan,sam.khan8010@example.com,FR,2022-06-01,Standard,18624.6
8011,Quinn Chen,quinn.chen8011@example.com,DE,2024-07-26,Premium,6468.55
8012,Jordan Lopez,jordan.lopez8012@example.com,FR,2025-08-04,Standard,12330.05
8013,Avery Singh,avery.singh8013@example.com,JP,2021-08-16,Standard,18047.07
8014,Quinn Patel,quinn.patel8014@example.com,BR,2025-03-14,Standard,2927.7
8015,Lucas Lopez,lucas.lopez8015@example.com,CA,2022-09-15,Premium,12363.82
8016,Jamie Silva,jamie.silva8016@example.com,CA,2021-06-18,Basic,12823.59
8017,Casey Nguyen,casey.nguyen8017@example.com,FR,2022-08-25,Basic,6071.61
8018,Lucas Smith,lucas.smith8018@example.com,SG,2021-12-06,Basic,16978.28
8019,Taylor Nguyen,taylor.nguyen8019@example.com,UK,2026-04-13,Basic,11805.18
8020,Jamie Brown,jamie.brown8020@example.com,CA,2025-11-25,Premium,7583.66
8021,Sofia Silva,sofia.silva8021@example.com,DE,2022-07-03,Premium,17237.95
8022,Riley Brown,riley.brown8022@example.com,FR,2021-01-28,Premium,13424.56
8023,Sofia Nguyen,sofia.nguyen8023@example.com,BR,2022-07-02,Standard,190.06
8024,Taylor Chen,taylor.chen8024@example.com,JP,2022-10-30,Standard,18404.56
8025,Sofia Nguyen,sofia.nguyen8025@example.com,AU,2022-01-15,Premium,6101.85
8026,Neha Müller,neha.müller8026@example.com,AU,2021-04-15,Standard,11874.73
8027,Sam Silva,sam.silva8027@example.com,AU,2020-10-22,Standard,2131.03
8028,Arjun Lopez,arjun.lopez8028@example.com,UK,2026-03-16,Standard,6587.7
8029,Sofia Smith,sofia.smith8029@example.com,AU,2020-01-30,Basic,509.03
8030,Sofia Singh,sofia.singh8030@example.com,AU,2025-11-26,Premium,9719.69
8031,Omar Singh,omar.singh8031@example.com,FR,2025-02-25,Basic,5997.44
8032,Avery Müller,avery.müller8032@example.com,DE,2021-05-02,Premium,9149.94
8033,Jordan Silva,jordan.silva8033@example.com,FR,2022-08-20,Premium,7035.44
8034,Jamie Müller,jamie.müller8034@example.com,UK,2021-06-06,Standard,7278.04
8035,Jamie Müller,jamie.müller8035@example.com,FR,2021-05-01,Standard,17459.4
8036,Morgan Brown,morgan.brown8036@example.com,DE,2023-06-20,Premium,9769.7
8037,Arjun Singh,arjun.singh8037@example.com,BR,2021-03-12,Standard,2019.19
8038,Taylor Smith,taylor.smith8038@example.com,IN,2023-04-14,Basic,15528.72
8039,Avery Chen,avery.chen8039@example.com,IN,2021-11-24,Basic,10153.57
8040,Avery Brown,avery.brown8040@example.com,FR,2022-10-22,Standard,11223.07
8041,Alex Khan,alex.khan8041@example.com,IN,2021-07-05,Standard,9522.78
8042,Casey Silva,casey.silva8042@example.com,JP,2021-03-06,Standard,7734.26
8043,Priya Kim,priya.kim8043@example.com,SG,2020-01-19,Basic,1967.42
8044,Sofia Singh,sofia.singh8044@example.com,CA,2025-06-19,Basic,18205.57
8045,Quinn Smith,quinn.smith8045@example.com,FR,2020-01-09,Basic,3886.37
8046,Riley Garcia,riley.garcia8046@example.com,SG,2020-07-02,Standard,5265.42
8047,Taylor Chen,taylor.chen8047@example.com,SG,2024-05-12,Standard,11139.18
8048,Jamie Smith,jamie.smith8048@example.com,UK,2026-05-03,Premium,9318.44
8049,Quinn Brown,quinn.brown8049@example.com,UK,2024-08-30,Basic,6413.77
8050,Sofia Garcia,sofia.garcia8050@example.com,FR,2020-02-28,Premium,4798.16
8051,Neha Brown,neha.brown8051@example.com,BR,2021-12-31,Standard,922.77
8052,Alex Müller,alex.müller8052@example.com,US,2024-02-04,Basic,10897.81
8053,Taylor Müller,taylor.müller8053@example.com,FR,2025-09-25,Premium,188.19
8054,Avery Smith,avery.smith8054@example.com,US,2023-09-22,Premium,9148.49
8055,Casey Müller,casey.müller8055@example.com,BR,2025-11-15,Basic,9607.29
8056,Riley Lopez,riley.lopez8056@example.com,UK,2020-07-28,Premium,251.11
8057,Sam Smith,sam.smith8057@example.com,FR,2020-09-13,Standard,11443.51
8058,Riley Garcia,riley.garcia8058@example.com,DE,2025-03-29,Standard,18897.98
8059,Neha Garcia,neha.garcia8059@example.com,IN,2024-02-09,Standard,1428.43
8060,Sam Chen,sam.chen8060@example.com,FR,2020-08-31,Standard,102.04
8061,Casey Silva,casey.silva8061@example.com,UK,2021-11-13,Basic,11907.33
8062,Casey Khan,casey.khan8062@example.com,FR,2024-08-01,Premium,6676.05
8063,Avery Singh,avery.singh8063@example.com,SG,2021-11-17,Basic,17646.41
8064,Morgan Müller,morgan.müller8064@example.com,SG,2026-01-23,Standard,12915.06
8065,Quinn Chen,quinn.chen8065@example.com,AU,2023-12-09,Basic,1814.51
8066,Casey Lopez,casey.lopez8066@example.com,DE,2022-09-09,Standard,7296.69
8067,Arjun Silva,arjun.silva8067@example.com,UK,2025-10-12,Basic,4460.26
8068,Neha Khan,neha.khan8068@example.com,DE,2025-10-13,Basic,1994.05
8069,Omar Patel,omar.patel8069@example.com,SG,2020-04-19,Standard,6457.53
8070,Lucas Brown,lucas.brown8070@example.com,DE,2020-03-16,Basic,12743.09
8071,Omar Patel,omar.patel8071@example.com,CA,2026-07-24,Basic,13401.4
8072,Jordan Khan,jordan.khan8072@example.com,SG,2023-05-04,Premium,8600.49
8073,Priya Khan,priya.khan8073@example.com,UK,2020-06-21,Premium,9310.82
8074,Taylor Singh,taylor.singh8074@example.com,AU,2022-12-14,Basic,1663.5
8075,Sam Müller,sam.müller8075@example.com,SG,2021-05-10,Standard,12545.37
8076,Quinn Brown,quinn.brown8076@example.com,FR,2023-05-17,Basic,14786.6
8077,Quinn Chen,quinn.chen8077@example.com,CA,2020-06-24,Premium,11547.52
8078,Riley Nguyen,riley.nguyen8078@example.com,UK,2026-03-13,Basic,19404.66
8079,Arjun Lopez,arjun.lopez8079@example.com,FR,2020-03-31,Standard,13152.88
8080,Alex Smith,alex.smith8080@example.com,FR,2020-04-02,Standard,9163.78
8081,Alex Patel,alex.patel8081@example.com,SG,2025-07-31,Standard,17288.07
8082,Priya Silva,priya.silva8082@example.com,AU,2021-08-24,Basic,18157.28
8083,Casey Brown,casey.brown8083@example.com,AU,2024-03-10,Basic,8462.28
8084,Alex Lopez,alex.lopez8084@example.com,FR,2023-01-04,Standard,16368.13
8085,Alex Smith,alex.smith8085@example.com,IN,2023-10-22,Basic,13083.57
8086,Taylor Garcia,taylor.garcia8086@example.com,DE,2024-04-06,Premium,5500.31
8087,Riley Singh,riley.singh8087@example.com,SG,2023-03-15,Standard,13583.76
8088,Alex Garcia,alex.garcia8088@example.com,AU,2021-04-20,Basic,13867.75
8089,Neha Khan,neha.khan8089@example.com,JP,2021-07-23,Standard,13903.5
8090,Omar Smith,omar.smith8090@example.com,SG,2024-01-12,Standard,13797.46
8091,Riley Singh,,FR,2025-05-16,Standard,5812.46
8092,Neha Kim,neha.kim8092@example.com,US,2025-12-16,Premium,6699.35
8093,Casey Khan,casey.khan8093@example.com,FR,2020-05-01,Basic,1935.08
8094,Jordan Smith,jordan.smith8094@example.com,BR,2022-10-20,Standard,12836.84
8095,Jamie Khan,jamie.khan8095@example.com,IN,2025-08-30,Premium,16408.44
8096,Casey Smith,casey.smith8096@example.com,UK,2021-10-04,Premium,357.43
8097,Lucas Brown,lucas.brown8097@example.com,JP,2022-10-17,Premium,19682.54
8098,Omar Müller,omar.müller8098@example.com,UK,2025-08-15,Standard,7594.02
8099,Sofia Brown,sofia.brown8099@example.com,AU,2023-11-22,Premium,6670.67
8100,Omar Müller,omar.müller8100@example.com,AU,2024-04-22,Basic,7233.79
8101,Omar Nguyen,omar.nguyen8101@example.com,CA,2025-08-13,Standard,10526.61
8102,Neha Singh,neha.singh8102@example.com,FR,2025-04-21,Premium,4522.07
8103,Jordan Smith,jordan.smith8103@example.com,UK,2023-11-07,Standard,5260.81
8104,Quinn Brown,quinn.brown8104@example.com,DE,2022-09-04,Standard,8922.24
8105,Arjun Garcia,arjun.garcia8105@example.com,SG,2022-12-23,Basic,12552.21
8106,Jamie Singh,jamie.singh8106@example.com,JP,2020-01-25,Standard,16374.28
8107,Jamie Brown,jamie.brown8107@example.com,US,2023-09-09,Basic,14916.53
8108,Morgan Kim,morgan.kim8108@example.com,JP,2020-06-14,Standard,12086.99
8109,Priya Khan,priya.khan8109@example.com,IN,2020-09-25,Basic,2133.74
8110,Neha Khan,neha.khan8110@example.com,IN,2022-03-21,Basic,12916.52
8111,Arjun Khan,arjun.khan8111@example.com,SG,2023-11-27,Standard,11298.77
8112,Riley Garcia,riley.garcia8112@example.com,SG,2025-11-18,Premium,13320.17
8113,Avery Khan,avery.khan8113@example.com,UK,2023-03-28,Premium,12339.17
8114,Sofia Silva,sofia.silva8114@example.com,IN,2020-11-27,Basic,165.88
8115,Taylor Lopez,taylor.lopez8115@example.com,BR,2024-12-13,Basic,15686.3
8116,Jamie Kim,jamie.kim8116@example.com,BR,2020-07-30,Standard,10932.8
8117,Alex Chen,alex.chen8117@example.com,FR,2023-09-21,Basic,3147.25
8118,Taylor Singh,taylor.singh8118@example.com,DE,2024-08-29,Basic,15404.61
8119,Lucas Singh,lucas.singh8119@example.com,SG,2022-04-21,Basic,6150.04
8120,Lucas Nguyen,lucas.nguyen8120@example.com,FR,2025-12-24,Basic,4284.08
8121,Omar Patel,omar.patel8121@example.com,BR,2021-01-06,Basic,18454.21
8122,Lucas Silva,lucas.silva8122@example.com,BR,2023-06-11,Basic,6361.98
8123,Jordan Müller,jordan.müller8123@example.com,CA,2022-02-13,Premium,15798.83
8124,Omar Khan,omar.khan8124@example.com,AU,2021-10-27,Basic,1393.51
8125,Sofia Chen,sofia.chen8125@example.com,US,2020-04-23,Standard,3914.63
8126,Sam Garcia,sam.garcia8126@example.com,BR,2020-03-22,Standard,6405.18
8127,Lucas Singh,lucas.singh8127@example.com,US,2021-07-27,Basic,19899.91
8128,Jamie Brown,jamie.brown8128@example.com,SG,2024-02-13,Basic,15262.23
8129,Sofia Nguyen,sofia.nguyen8129@example.com,SG,2023-08-07,Standard,11327.32
8130,Taylor Khan,taylor.khan8130@example.com,UK,2024-08-29,Basic,1854.83
8131,Jordan Silva,jordan.silva8131@example.com,FR,2022-09-17,Standard,17343.07
8132,Taylor Müller,taylor.müller8132@example.com,DE,2023-11-28,Basic,18379.04
8133,Taylor Garcia,taylor.garcia8133@example.com,DE,2022-12-07,Standard,11680.87
8134,Riley Kim,riley.kim8134@example.com,UK,2024-02-23,Basic,10350.82
8135,Riley Singh,riley.singh8135@example.com,AU,2023-07-31,Standard,1597.34
8136,Taylor Nguyen,taylor.nguyen8136@example.com,UK,2025-03-20,Standard,15440.69
8137,Priya Patel,priya.patel8137@example.com,CA,2021-05-29,Basic,16441.28
8138,Morgan Garcia,morgan.garcia8138@example.com,JP,2020-08-12,Premium,4150.41
8139,Sofia Singh,sofia.singh8139@example.com,US,2021-06-15,Basic,14885.02
8140,Jordan Nguyen,jordan.nguyen8140@example.com,US,2025-06-07,Standard,4686.7
8141,Jamie Singh,jamie.singh8141@example.com,DE,2022-04-30,Standard,13610.48
8142,Alex Garcia,alex.garcia8142@example.com,BR,2022-05-02,Premium,14504.99
8143,Neha Singh,neha.singh8143@example.com,IN,2024-07-10,Basic,3625.6
8144,Lucas Smith,lucas.smith8144@example.com,UK,2023-09-16,Premium,1938.03
8145,Sam Singh,sam.singh8145@example.com,DE,2023-12-08,Premium,9523.21
8146,Morgan Khan,morgan.khan8146@example.com,BR,2025-09-09,Standard,918.96
8147,Jamie Müller,jamie.müller8147@example.com,AU,2021-11-25,Standard,1073.27
8148,Casey Lopez,casey.lopez8148@example.com,DE,2023-09-29,Standard,13120.0
8149,Casey Garcia,casey.garcia8149@example.com,CA,2020-05-25,Standard,18555.63
8150,Arjun Kim,arjun.kim8150@example.com,US,2024-07-19,Premium,19225.91
8151,Avery Chen,avery.chen8151@example.com,US,2020-01-18,Standard,7343.14
8152,Casey Silva,casey.silva8152@example.com,AU,2021-11-07,Premium,5395.76
8153,Lucas Smith,lucas.smith8153@example.com,AU,2024-09-11,Basic,15904.44
8154,Avery Kim,avery.kim8154@example.com,AU,2024-02-08,Standard,8066.81
8155,Arjun Chen,arjun.chen8155@example.com,FR,2020-09-16,Basic,15414.24
8156,Quinn Kim,quinn.kim8156@example.com,SG,2026-04-28,Standard,5976.91
8157,Neha Chen,neha.chen8157@example.com,FR,2020-06-22,Premium,17490.89
8158,Arjun Silva,arjun.silva8158@example.com,DE,2022-04-09,Basic,115.79
8159,Casey Nguyen,casey.nguyen8159@example.com,BR,2020-01-04,Basic,13492.23
8160,Alex Singh,alex.singh8160@example.com,CA,2025-02-10,Standard,573.21
8161,Sofia Brown,sofia.brown8161@example.com,US,2023-09-26,Standard,13604.18
8162,Neha Brown,neha.brown8162@example.com,AU,2025-10-13,Basic,15318.31
8163,Jordan Khan,jordan.khan8163@example.com,BR,2023-08-16,Basic,18669.58
8164,Lucas Lopez,lucas.lopez8164@example.com,UK,2021-11-01,Premium,3426.34
8165,Riley Smith,riley.smith8165@example.com,CA,2022-09-10,Premium,1272.11
8166,Avery Lopez,avery.lopez8166@example.com,IN,2026-06-09,Premium,17354.7
8167,Omar Chen,omar.chen8167@example.com,JP,2021-02-16,Basic,16962.49
8168,Neha Kim,neha.kim8168@example.com,AU,2020-11-17,Basic,15949.55
8169,Sam Singh,sam.singh8169@example.com,UK,2020-07-21,Premium,10974.36
8170,Taylor Garcia,taylor.garcia8170@example.com,UK,2022-06-04,Premium,11097.77
8171,Taylor Singh,taylor.singh8171@example.com,US,2021-06-23,Basic,5786.92
8172,Priya Singh,priya.singh8172@example.com,UK,2021-08-19,Standard,14777.96
8173,Casey Garcia,casey.garcia8173@example.com,CA,2022-09-09,Premium,3015.84
8174,Casey Lopez,casey.lopez8174@example.com,US,2020-03-02,Premium,1975.36
8175,Casey Silva,casey.silva8175@example.com,FR,2021-12-02,Basic,13202.92
8176,Riley Singh,riley.singh8176@example.com,DE,2023-09-25,Premium,12831.84
8177,Lucas Chen,lucas.chen8177@example.com,IN,2022-08-13,Standard,4643.55
8178,Riley Chen,riley.chen8178@example.com,AU,2024-04-08,Premium,12742.55
8179,Lucas Nguyen,lucas.nguyen8179@example.com,UK,2023-02-23,Basic,13941.84
8180,Quinn Nguyen,quinn.nguyen8180@example.com,JP,2024-03-19,Standard,1167.29
8181,Sofia Silva,sofia.silva8181@example.com,SG,2024-01-26,Premium,7550.48
8182,Quinn Smith,quinn.smith8182@example.com,FR,2022-02-14,Premium,12856.68
8183,Jordan Chen,jordan.chen8183@example.com,US,2024-05-25,Premium,17927.65
8184,Avery Nguyen,avery.nguyen8184@example.com,US,2021-06-11,Standard,18970.87
8185,Taylor Lopez,taylor.lopez8185@example.com,AU,2024-09-28,Standard,16798.31
8186,Riley Nguyen,riley.nguyen8186@example.com,IN,2025-06-29,Basic,18653.79
8187,Morgan Nguyen,morgan.nguyen8187@example.com,UK,2021-08-19,Standard,6458.96
8188,Lucas Lopez,lucas.lopez8188@example.com,JP,2025-02-06,Premium,10900.63
8189,Riley Lopez,riley.lopez8189@example.com,CA,2022-03-06,Basic,3166.19
8190,Quinn Nguyen,quinn.nguyen8190@example.com,UK,2021-10-17,Premium,3762.16
8191,Riley Müller,riley.müller8191@example.com,DE,2022-03-17,Basic,14428.37
8192,Sam Kim,sam.kim8192@example.com,FR,2023-08-25,Premium,14451.32
8193,Morgan Brown,morgan.brown8193@example.com,SG,2020-04-24,Standard,2933.73
8194,Alex Chen,alex.chen8194@example.com,CA,2020-06-22,Basic,13764.41
8195,Quinn Singh,quinn.singh8195@example.com,IN,2021-12-04,Standard,6800.96
8196,Riley Garcia,riley.garcia8196@example.com,SG,2021-09-26,Standard,16228.9
8197,Neha Silva,neha.silva8197@example.com,US,2025-11-09,Basic,16491.68
8198,Avery Chen,avery.chen8198@example.com,DE,2023-11-28,Premium,5626.86
8199,Riley Lopez,riley.lopez8199@example.com,SG,2022-02-13,Premium,12872.32
8200,Sofia Singh,sofia.singh8200@example.com,IN,2023-12-14,Premium,17188.4
8201,Avery Kim,avery.kim8201@example.com,FR,2025-01-04,Basic,12896.46
8202,Arjun Chen,arjun.chen8202@example.com,IN,2020-03-29,Standard,4884.07
8203,Jordan Chen,jordan.chen8203@example.com,CA,2023-10-25,Basic,9670.25
8204,Arjun Smith,arjun.smith8204@example.com,FR,2022-01-28,Standard,16182.0
8205,Lucas Garcia,lucas.garcia8205@example.com,DE,2022-01-15,Basic,13977.95
8206,Morgan Smith,morgan.smith8206@example.com,US,2025-05-28,Premium,11213.2
8207,Sam Müller,sam.müller8207@example.com,BR,2023-05-28,Basic,16524.78
8208,Neha Khan,neha.khan8208@example.com,JP,2023-03-13,Standard,14395.96
8209,Arjun Garcia,arjun.garcia8209@example.com,SG,2021-02-05,Standard,10976.86
8210,Arjun Khan,arjun.khan8210@example.com,BR,2024-01-27,Premium,11142.18
8211,Neha Chen,neha.chen8211@example.com,UK,2021-07-24,Standard,16896.63
8212,Alex Lopez,alex.lopez8212@example.com,UK,2023-09-25,Premium,13565.87
8213,Arjun Khan,arjun.khan8213@example.com,CA,2021-02-27,Premium,14932.61
8214,Jordan Brown,jordan.brown8214@example.com,AU,2024-08-08,Premium,13084.21
8215,Sam Garcia,sam.garcia8215@example.com,BR,2024-07-29,Standard,8446.57
8216,Alex Khan,alex.khan8216@example.com,SG,2022-12-22,Premium,14792.42
8217,Neha Singh,neha.singh8217@example.com,JP,2020-05-25,Premium,4047.56
8218,Quinn Garcia,quinn.garcia8218@example.com,CA,2023-08-23,Premium,19569.34
8219,Casey Smith,casey.smith8219@example.com,BR,2023-08-04,Standard,17014.4
8220,Avery Garcia,avery.garcia8220@example.com,BR,2020-10-02,Standard,19771.47
8221,Jamie Smith,jamie.smith8221@example.com,DE,2025-05-13,Premium,6937.34
8222,Quinn Kim,quinn.kim8222@example.com,IN,2020-06-25,Basic,1345.92
8223,Omar Müller,omar.müller8223@example.com,DE,2020-05-03,Basic,18278.01
8224,Arjun Kim,arjun.kim8224@example.com,IN,2022-02-02,Premium,19828.37
8225,Riley Lopez,riley.lopez8225@example.com,BR,2023-02-03,Basic,8912.11
8226,Sofia Müller,sofia.müller8226@example.com,JP,2020-09-09,Standard,8794.43
8227,Neha Singh,neha.singh8227@example.com,CA,2021-10-30,Basic,8300.87
8228,Avery Smith,avery.smith8228@example.com,JP,2020-05-02,Standard,10507.8
8229,Jordan Lopez,jordan.lopez8229@example.com,IN,2020-05-30,Premium,2747.38
8230,Jamie Müller,jamie.müller8230@example.com,US,2024-03-03,Standard,12139.72
8231,Jamie Garcia,jamie.garcia8231@example.com,IN,2021-04-05,Basic,10209.88
8232,Jamie Lopez,jamie.lopez8232@example.com,SG,2020-03-21,Premium,5625.34
8233,Sam Smith,sam.smith8233@example.com,US,2024-12-04,Premium,13987.71
8234,Sam Lopez,sam.lopez8234@example.com,CA,2026-05-23,Premium,19983.89
8235,Jamie Chen,jamie.chen8235@example.com,SG,2022-05-01,Premium,14273.18
8236,Omar Singh,omar.singh8236@example.com,US,2022-12-21,Premium,2645.33
8237,Jordan Silva,jordan.silva8237@example.com,US,2023-01-29,Basic,19356.9
8238,Sam Smith,sam.smith8238@example.com,AU,2024-02-26,Premium,4379.69
8239,Arjun Lopez,arjun.lopez8239@example.com,FR,2025-10-04,Standard,11015.2
8240,Jordan Nguyen,jordan.nguyen8240@example.com,BR,2020-03-04,Standard,8925.2
8241,Arjun Khan,arjun.khan8241@example.com,IN,2022-12-30,Premium,5334.34
8242,Avery Brown,avery.brown8242@example.com,IN,2023-09-22,Standard,469.34
8243,Arjun Patel,arjun.patel8243@example.com,CA,2021-06-22,Standard,9508.87
8244,Casey Patel,casey.patel8244@example.com,AU,2022-08-01,Basic,7796.21
8245,Taylor Brown,taylor.brown8245@example.com,IN,2021-04-26,Premium,18148.94
8246,Omar Garcia,omar.garcia8246@example.com,JP,2021-01-29,Standard,4195.73
8247,Arjun Chen,arjun.chen8247@example.com,DE,2022-12-14,Premium,763.44
8248,Taylor Khan,taylor.khan8248@example.com,BR,2023-08-26,Premium,12654.49
8249,Lucas Garcia,lucas.garcia8249@example.com,AU,2023-11-25,Premium,2473.65
8250,Jordan Silva,jordan.silva8250@example.com,DE,2025-08-06,Premium,3778.51
8251,Alex Silva,alex.silva8251@example.com,UK,2023-08-11,Basic,685.23
8252,Jamie Brown,jamie.brown8252@example.com,UK,2023-05-16,Premium,10998.43
8253,Omar Lopez,omar.lopez8253@example.com,US,2024-10-21,Basic,11879.97
8254,Priya Kim,priya.kim8254@example.com,DE,2024-07-27,Premium,2027.73
8255,Alex Chen,alex.chen8255@example.com,SG,2026-06-13,Premium,15653.69
8256,Taylor Lopez,taylor.lopez8256@example.com,CA,2020-08-29,Premium,16236.18
8257,Taylor Garcia,taylor.garcia8257@example.com,SG,2025-01-24,Basic,2256.4
8258,Casey Khan,casey.khan8258@example.com,UK,2025-10-15,Basic,8976.91
8259,Jamie Lopez,jamie.lopez8259@example.com,IN,2023-10-05,Basic,11843.58
8260,Quinn Chen,quinn.chen8260@example.com,UK,2023-12-28,Standard,12736.66
8261,Jamie Lopez,jamie.lopez8261@example.com,AU,2020-06-29,Premium,8133.24
8262,Quinn Khan,quinn.khan8262@example.com,UK,2025-05-16,Premium,10674.3
8263,Omar Khan,omar.khan8263@example.com,SG,2024-05-31,Standard,17890.0
8264,Sam Patel,sam.patel8264@example.com,US,2023-10-01,Premium,19046.28
8265,Riley Chen,riley.chen8265@example.com,UK,2025-04-02,Premium,16392.91
8266,Morgan Smith,morgan.smith8266@example.com,BR,2025-07-11,Standard,9978.85
8267,Avery Khan,avery.khan8267@example.com,BR,2025-02-08,Standard,10176.6
8268,Alex Silva,alex.silva8268@example.com,US,2025-09-22,Basic,17820.81
8269,Quinn Smith,quinn.smith8269@example.com,FR,2022-07-02,Basic,7202.28
8270,Avery Kim,avery.kim8270@example.com,IN,2023-12-26,Standard,11547.85
8271,Jordan Müller,jordan.müller8271@example.com,UK,2022-10-16,Standard,7737.62
8272,Neha Khan,neha.khan8272@example.com,UK,2020-03-07,Premium,8952.02
8273,Casey Chen,casey.chen8273@example.com,AU,2021-04-24,Basic,2851.46
8274,Neha Smith,neha.smith8274@example.com,FR,2024-09-10,Basic,8494.24
8275,Taylor Patel,taylor.patel8275@example.com,US,2026-03-21,Standard,82.83
8276,Avery Chen,avery.chen8276@example.com,US,2026-05-15,Premium,13182.87
8277,Lucas Nguyen,lucas.nguyen8277@example.com,JP,2022-06-05,Standard,461.74
8278,Omar Kim,omar.kim8278@example.com,DE,2022-06-14,Basic,11930.77
8279,Arjun Smith,arjun.smith8279@example.com,BR,2024-05-20,Basic,8117.83
8280,Lucas Nguyen,lucas.nguyen8280@example.com,US,2023-10-26,Standard,445.02
8281,Alex Khan,alex.khan8281@example.com,US,2023-10-23,Premium,13591.6
8282,Jordan Müller,jordan.müller8282@example.com,DE,2020-06-25,Standard,12533.38
8283,Riley Brown,riley.brown8283@example.com,US,2025-08-30,Premium,7062.12
8284,Arjun Nguyen,arjun.nguyen8284@example.com,CA,2023-06-30,Premium,11721.52
8285,Jamie Patel,jamie.patel8285@example.com,UK,2022-12-06,Premium,8384.71
8286,Neha Smith,neha.smith8286@example.com,AU,2020-02-22,Basic,3642.17
8287,Jordan Silva,jordan.silva8287@example.com,BR,2021-01-12,Basic,2397.13
8288,Taylor Lopez,taylor.lopez8288@example.com,CA,2026-01-06,Premium,8290.49
8289,Quinn Chen,quinn.chen8289@example.com,US,2022-08-28,Premium,16759.83
8290,Sam Silva,sam.silva8290@example.com,JP,2023-02-17,Basic,16678.8
8291,Sam Patel,sam.patel8291@example.com,JP,2024-11-18,Standard,6690.17
8292,Alex Lopez,alex.lopez8292@example.com,US,2023-02-17,Premium,16523.27
8293,Priya Khan,priya.khan8293@example.com,DE,2021-03-06,Standard,16379.57
8294,Arjun Khan,arjun.khan8294@example.com,UK,2021-12-27,Basic,6478.73
8295,Avery Müller,avery.müller8295@example.com,BR,2020-05-26,Premium,18939.22
8296,Jordan Kim,jordan.kim8296@example.com,BR,2025-07-23,Standard,11126.55
8297,Sofia Brown,sofia.brown8297@example.com,BR,2025-04-17,Standard,17075.83
8298,Priya Patel,priya.patel8298@example.com,AU,2022-10-14,Standard,13244.78
8299,Lucas Singh,lucas.singh8299@example.com,DE,2021-07-13,Standard,70.73
8300,Taylor Garcia,taylor.garcia8300@example.com,US,2025-02-19,Basic,943.06
8301,Alex Kim,alex.kim8301@example.com,JP,2026-01-19,Premium,17132.13
8302,Taylor Smith,taylor.smith8302@example.com,DE,2021-08-09,Premium,10080.42
8303,Avery Singh,avery.singh8303@example.com,IN,2024-07-16,Premium,11965.72
8304,Alex Chen,alex.chen8304@example.com,JP,2023-11-24,Standard,14100.66
8305,Arjun Patel,arjun.patel8305@example.com,BR,2024-06-20,Premium,11272.01
8306,Lucas Nguyen,lucas.nguyen8306@example.com,CA,2023-07-03,Standard,17921.12
8307,Jordan Singh,jordan.singh8307@example.com,DE,2023-03-29,Basic,13444.3
8308,Neha Lopez,neha.lopez8308@example.com,IN,2024-11-13,Basic,2869.14
8309,Riley Silva,riley.silva8309@example.com,JP,2021-06-25,Standard,2137.86
8310,Priya Singh,priya.singh8310@example.com,US,2021-11-24,Basic,7662.22
8311,Riley Müller,riley.müller8311@example.com,CA,2024-08-15,Standard,14434.56
8312,Casey Patel,casey.patel8312@example.com,FR,2023-07-22,Standard,10841.54
8313,Neha Singh,neha.singh8313@example.com,SG,2026-06-17,Premium,17003.72
8314,Sofia Singh,sofia.singh8314@example.com,AU,2022-02-18,Basic,19269.62
8315,Jordan Garcia,jordan.garcia8315@example.com,DE,2026-01-25,Standard,11151.34
8316,Omar Patel,omar.patel8316@example.com,CA,2023-05-28,Standard,4515.96
8317,Avery Khan,avery.khan8317@example.com,JP,2022-08-07,Standard,15434.18
8318,Jordan Chen,jordan.chen8318@example.com,US,2025-09-28,Standard,8795.21
8319,Avery Lopez,avery.lopez8319@example.com,JP,2023-06-07,Standard,7877.29
8320,Morgan Patel,morgan.patel8320@example.com,FR,2022-06-11,Basic,5135.8
8321,Alex Smith,alex.smith8321@example.com,UK,2023-03-15,Basic,3360.5
8322,Lucas Müller,lucas.müller8322@example.com,AU,2021-10-05,Premium,5943.29
8323,Sam Brown,sam.brown8323@example.com,IN,2021-10-15,Premium,15122.11
8324,Omar Silva,omar.silva8324@example.com,BR,2020-01-19,Basic,18631.02
8325,Omar Smith,omar.smith8325@example.com,IN,2020-03-21,Standard,18911.26
8326,Omar Brown,omar.brown8326@example.com,FR,2024-12-30,Basic,13569.59
8327,Jamie Garcia,jamie.garcia8327@example.com,AU,2024-09-22,Standard,11069.67
8328,Morgan Müller,morgan.müller8328@example.com,AU,2022-10-23,Basic,12790.43
8329,Jordan Khan,jordan.khan8329@example.com,CA,2023-04-21,Basic,6768.13
8330,Avery Chen,avery.chen8330@example.com,FR,2024-06-23,Premium,10563.76
8331,Morgan Lopez,morgan.lopez8331@example.com,CA,2024-03-24,Standard,12073.33
8332,Alex Müller,alex.müller8332@example.com,IN,2022-11-20,Standard,12162.83
8333,Neha Smith,neha.smith8333@example.com,UK,2024-07-14,Standard,19764.87
8334,Riley Khan,riley.khan8334@example.com,FR,2022-07-02,Premium,6923.84
8335,Morgan Smith,morgan.smith8335@example.com,JP,2020-03-09,Standard,17845.98
8336,Taylor Chen,taylor.chen8336@example.com,US,2023-04-08,Basic,10560.82
8337,Lucas Müller,lucas.müller8337@example.com,BR,2020-04-03,Premium,7210.32
8338,Avery Kim,avery.kim8338@example.com,CA,2023-07-29,Premium,3628.0
8339,Casey Chen,casey.chen8339@example.com,CA,2023-11-22,Standard,15083.77
8340,Morgan Kim,morgan.kim8340@example.com,JP,2026-04-13,Basic,2205.61
8341,Lucas Lopez,lucas.lopez8341@example.com,CA,2021-08-15,Standard,521.52
8342,Jamie Kim,jamie.kim8342@example.com,FR,2021-06-28,Premium,16424.57
8343,Arjun Khan,arjun.khan8343@example.com,US,2020-08-15,Standard,10191.82
8344,Sofia Silva,sofia.silva8344@example.com,AU,2023-09-30,Premium,739.6
8345,Priya Kim,priya.kim8345@example.com,AU,2025-06-06,Basic,12664.18
8346,Neha Lopez,neha.lopez8346@example.com,US,2022-06-19,Standard,17179.64
8347,Morgan Kim,morgan.kim8347@example.com,BR,2020-10-05,Standard,3656.23
8348,Quinn Silva,quinn.silva8348@example.com,CA,2020-12-12,Standard,15301.39
8349,Sam Nguyen,sam.nguyen8349@example.com,DE,2021-09-05,Basic,6353.97
8350,Omar Lopez,omar.lopez8350@example.com,IN,2023-02-01,Basic,17625.34
8351,Riley Lopez,riley.lopez8351@example.com,CA,2022-09-18,Standard,6069.59
8352,Priya Patel,priya.patel8352@example.com,JP,2025-11-30,Premium,13922.97
8353,Arjun Lopez,arjun.lopez8353@example.com,JP,2025-04-25,Premium,1250.46
8354,Neha Patel,neha.patel8354@example.com,CA,2024-05-20,Premium,1646.51
8355,Quinn Patel,quinn.patel8355@example.com,SG,2024-03-27,Standard,561.74
8356,Jordan Smith,jordan.smith8356@example.com,SG,2021-09-27,Standard,8275.76
8357,Morgan Khan,morgan.khan8357@example.com,AU,2024-10-13,Premium,8949.88
8358,Avery Khan,avery.khan8358@example.com,FR,2025-04-24,Standard,9596.89
8359,Priya Singh,priya.singh8359@example.com,US,2021-07-03,Premium,5988.34
8360,Lucas Patel,lucas.patel8360@example.com,CA,2023-11-12,Premium,17724.67
8361,Sofia Singh,sofia.singh8361@example.com,US,2021-06-07,Basic,12967.47
8362,Riley Nguyen,riley.nguyen8362@example.com,AU,2024-11-02,Standard,3657.74
8363,Avery Khan,avery.khan8363@example.com,BR,2025-05-14,Standard,7800.44
8364,Sofia Brown,sofia.brown8364@example.com,CA,2023-10-28,Basic,16507.57
8365,Alex Kim,alex.kim8365@example.com,CA,2026-07-20,Basic,19374.52
8366,Avery Chen,avery.chen8366@example.com,JP,2024-01-19,Basic,7192.72
8367,Avery Nguyen,avery.nguyen8367@example.com,CA,2021-11-25,Premium,13732.49
8368,Quinn Silva,quinn.silva8368@example.com,US,2023-09-20,Standard,17714.52
8369,Lucas Nguyen,lucas.nguyen8369@example.com,AU,2025-08-27,Basic,13981.11
8370,Alex Patel,alex.patel8370@example.com,FR,2025-04-02,Standard,15461.63
8371,Riley Silva,riley.silva8371@example.com,US,2023-01-21,Premium,10253.28
8372,Priya Lopez,priya.lopez8372@example.com,UK,2025-10-28,Standard,1302.41
8373,Arjun Lopez,arjun.lopez8373@example.com,FR,2022-08-13,Standard,13046.19
8374,Quinn Kim,quinn.kim8374@example.com,US,2021-06-22,Basic,12416.51
8375,Sofia Lopez,sofia.lopez8375@example.com,DE,2026-02-27,Standard,6249.1
8376,Riley Singh,riley.singh8376@example.com,US,2021-09-30,Basic,17945.13
8377,Quinn Müller,quinn.müller8377@example.com,US,2023-05-20,Basic,8515.01
8378,Neha Lopez,neha.lopez8378@example.com,SG,2026-04-04,Basic,12455.16
8379,Sofia Nguyen,sofia.nguyen8379@example.com,DE,2022-11-10,Basic,3523.27
8380,Riley Singh,riley.singh8380@example.com,JP,2025-03-21,Premium,2273.09
8381,Sofia Müller,sofia.müller8381@example.com,JP,2022-03-03,Standard,15651.87
8382,Sam Brown,sam.brown8382@example.com,BR,2021-05-17,Standard,3179.35
8383,Lucas Kim,lucas.kim8383@example.com,BR,2025-04-24,Premium,4729.21
8384,Lucas Kim,lucas.kim8384@example.com,IN,2023-04-10,Premium,13989.03
8385,Morgan Patel,morgan.patel8385@example.com,SG,2021-04-25,Standard,8531.98
8386,Taylor Nguyen,taylor.nguyen8386@example.com,UK,2023-06-26,Basic,13502.88
8387,Neha Chen,neha.chen8387@example.com,FR,2025-11-11,Basic,11564.79
8388,Omar Silva,omar.silva8388@example.com,BR,2021-12-06,Basic,1566.13
8389,Casey Garcia,casey.garcia8389@example.com,CA,2025-03-17,Basic,19474.43
8390,Riley Garcia,riley.garcia8390@example.com,CA,2025-07-16,Standard,13062.46
8391,Omar Silva,omar.silva8391@example.com,US,2025-02-10,Premium,7878.84
8392,Sofia Patel,sofia.patel8392@example.com,CA,2025-10-26,Basic,11437.09
8393,Sofia Chen,sofia.chen8393@example.com,UK,2023-09-29,Standard,10758.7
8394,Riley Kim,riley.kim8394@example.com,AU,2021-09-11,Basic,10079.97
8395,Alex Chen,alex.chen8395@example.com,DE,2023-04-12,Premium,4492.96
8396,Sofia Kim,sofia.kim8396@example.com,CA,2023-10-29,Standard,2615.1
8397,Jamie Silva,jamie.silva8397@example.com,IN,2020-09-25,Standard,17522.36
8398,Riley Garcia,riley.garcia8398@example.com,IN,2026-04-01,Premium,16541.72
8399,Priya Patel,priya.patel8399@example.com,JP,2021-01-12,Basic,19360.58
8400,Sofia Smith,sofia.smith8400@example.com,BR,2025-02-11,Standard,13080.52
8401,Morgan Patel,morgan.patel8401@example.com,DE,2021-02-02,Standard,18039.78
8402,Jamie Brown,jamie.brown8402@example.com,DE,2026-03-17,Premium,3903.61
8403,Jamie Garcia,jamie.garcia8403@example.com,AU,2023-08-13,Premium,17112.23
8404,Arjun Kim,arjun.kim8404@example.com,DE,2021-12-17,Basic,1816.49
8405,Taylor Garcia,taylor.garcia8405@example.com,AU,2023-05-13,Basic,8099.78
8406,Priya Chen,priya.chen8406@example.com,IN,2023-04-11,Basic,11795.82
8407,Arjun Chen,arjun.chen8407@example.com,JP,2025-04-14,Premium,4687.83
8408,Lucas Smith,lucas.smith8408@example.com,AU,2024-10-21,Basic,13176.04
8409,Casey Brown,casey.brown8409@example.com,FR,2022-03-14,Premium,870.2
8410,Quinn Kim,quinn.kim8410@example.com,AU,2023-06-09,Standard,7797.63
8411,Morgan Nguyen,morgan.nguyen8411@example.com,JP,2025-09-21,Basic,13744.87
8412,Avery Nguyen,avery.nguyen8412@example.com,FR,2024-11-10,Premium,8416.17
8413,Jamie Khan,jamie.khan8413@example.com,CA,2023-06-21,Basic,10179.79
8414,Taylor Smith,taylor.smith8414@example.com,BR,2022-03-05,Premium,15690.5
8415,Sofia Kim,sofia.kim8415@example.com,SG,2021-07-25,Basic,591.06
8416,Alex Singh,alex.singh8416@example.com,UK,2026-07-05,Standard,2979.09
8417,Casey Patel,casey.patel8417@example.com,IN,2021-12-17,Standard,8965.63
8418,Morgan Khan,morgan.khan8418@example.com,AU,2020-07-24,Standard,12060.92
8419,Lucas Müller,lucas.müller8419@example.com,UK,2020-09-01,Basic,11601.58
8420,Morgan Müller,morgan.müller8420@example.com,JP,2021-07-04,Premium,1933.27
8421,Alex Kim,alex.kim8421@example.com,FR,2021-09-10,Basic,11861.31
8422,Morgan Chen,morgan.chen8422@example.com,SG,2020-06-16,Premium,7413.16
8423,Alex Khan,alex.khan8423@example.com,AU,2023-12-02,Standard,9826.92
8424,Omar Patel,omar.patel8424@example.com,BR,2026-04-07,Premium,14476.02
8425,Neha Müller,neha.müller8425@example.com,US,2022-08-30,Premium,6241.65
8426,Alex Smith,alex.smith8426@example.com,AU,2023-01-11,Standard,10440.17
8427,Sam Lopez,sam.lopez8427@example.com,DE,2021-04-30,Standard,4263.91
8428,Avery Nguyen,avery.nguyen8428@example.com,US,2024-01-05,Standard,5276.7
8429,Riley Patel,riley.patel8429@example.com,IN,2021-05-05,Standard,5357.99
8430,Priya Chen,priya.chen8430@example.com,SG,2021-06-16,Basic,1685.94
8431,Lucas Chen,lucas.chen8431@example.com,IN,2024-04-01,Basic,15996.54
8432,Jordan Chen,jordan.chen8432@example.com,IN,2022-08-20,Standard,5891.19
8433,Lucas Khan,lucas.khan8433@example.com,BR,2023-07-22,Basic,11401.21
8434,Alex Brown,alex.brown8434@example.com,SG,2023-05-24,Basic,12707.85
8435,Neha Smith,neha.smith8435@example.com,SG,2020-04-21,Premium,8439.88
8436,Alex Patel,alex.patel8436@example.com,IN,2023-10-25,Basic,4372.95
8437,Omar Smith,omar.smith8437@example.com,SG,2024-04-25,Standard,4243.73
8438,Jamie Brown,jamie.brown8438@example.com,DE,2022-12-28,Basic,9883.38
8439,Casey Smith,,US,2026-07-17,Standard,715.77
8440,Taylor Brown,taylor.brown8440@example.com,DE,2023-10-03,Premium,16091.68
8441,Alex Brown,alex.brown8441@example.com,DE,2022-01-03,Standard,19306.37
8442,Riley Singh,riley.singh8442@example.com,FR,2026-02-17,Basic,17176.25
8443,Alex Singh,alex.singh8443@example.com,SG,2025-07-22,Premium,5331.34
8444,Quinn Müller,quinn.müller8444@example.com,AU,2023-08-14,Standard,19632.51
8445,Taylor Khan,taylor.khan8445@example.com,BR,2026-05-24,Basic,4245.85
8446,Jamie Smith,jamie.smith8446@example.com,AU,2025-01-19,Basic,19070.54
8447,Jamie Patel,jamie.patel8447@example.com,IN,2026-05-06,Premium,7423.62
8448,Taylor Khan,taylor.khan8448@example.com,US,2022-08-18,Basic,12896.74
8449,Sam Lopez,sam.lopez8449@example.com,BR,2024-06-27,Standard,8840.14
8450,Alex Chen,alex.chen8450@example.com,AU,2021-09-27,Premium,19646.64
8451,Priya Khan,priya.khan8451@example.com,FR,2024-03-31,Basic,17512.66
8452,Jordan Singh,jordan.singh8452@example.com,DE,2022-12-02,Premium,11818.81
8453,Jordan Müller,jordan.müller8453@example.com,FR,2026-08-01,Premium,6564.92
8454,Priya Silva,priya.silva8454@example.com,FR,2022-03-29,Basic,14315.34
8455,Jordan Kim,jordan.kim8455@example.com,JP,2020-04-07,Premium,9071.29
8456,Morgan Patel,morgan.patel8456@example.com,UK,2020-07-30,Standard,19344.89
8457,Omar Chen,omar.chen8457@example.com,CA,2025-10-28,Standard,4144.78
8458,Jordan Silva,jordan.silva8458@example.com,CA,2025-11-01,Standard,18949.81
8459,Sam Kim,sam.kim8459@example.com,CA,2020-04-01,Basic,11870.9
8460,Taylor Singh,taylor.singh8460@example.com,US,2023-08-01,Premium,14885.3
8461,Taylor Kim,taylor.kim8461@example.com,BR,2020-11-03,Standard,17578.89
8462,Alex Smith,alex.smith8462@example.com,CA,2025-10-09,Standard,6123.18
8463,Taylor Lopez,taylor.lopez8463@example.com,UK,2022-02-26,Basic,5054.2
8464,Taylor Smith,taylor.smith8464@example.com,SG,2023-03-10,Basic,6540.91
8465,Priya Brown,priya.brown8465@example.com,DE,2026-06-01,Standard,2964.85
8466,Arjun Nguyen,arjun.nguyen8466@example.com,IN,2023-01-17,Standard,2067.51
8467,Casey Khan,casey.khan8467@example.com,SG,2026-01-29,Standard,1271.85
8468,Jordan Chen,jordan.chen8468@example.com,DE,2021-06-13,Premium,6699.87
8469,Quinn Patel,quinn.patel8469@example.com,JP,2024-11-01,Premium,2258.12
8470,Jamie Müller,jamie.müller8470@example.com,DE,2021-10-07,Standard,15015.19
8471,Jordan Chen,jordan.chen8471@example.com,BR,2023-11-05,Premium,18631.84
8472,Omar Patel,omar.patel8472@example.com,UK,2021-05-20,Standard,16365.21
8473,Omar Lopez,omar.lopez8473@example.com,SG,2023-05-07,Basic,1806.44
8474,Jordan Smith,jordan.smith8474@example.com,IN,2020-09-20,Premium,14206.68
8475,Avery Lopez,avery.lopez8475@example.com,US,2021-05-17,Standard,9122.39
8476,Neha Brown,neha.brown8476@example.com,AU,2024-05-17,Basic,9320.78
8477,Avery Garcia,avery.garcia8477@example.com,DE,2026-02-24,Basic,12960.34
8478,Morgan Nguyen,morgan.nguyen8478@example.com,FR,2023-06-13,Premium,5903.95
8479,Jamie Singh,jamie.singh8479@example.com,BR,2021-11-26,Premium,16048.97
8480,Alex Lopez,alex.lopez8480@example.com,JP,2022-12-16,Basic,12074.87
8481,Jordan Brown,jordan.brown8481@example.com,DE,2025-09-29,Basic,19916.22
8482,Alex Brown,alex.brown8482@example.com,SG,2024-02-13,Premium,12314.48
8483,Quinn Garcia,quinn.garcia8483@example.com,FR,2020-10-08,Standard,10890.84
8484,Neha Garcia,neha.garcia8484@example.com,AU,2024-12-30,Standard,3623.6
8485,Alex Lopez,alex.lopez8485@example.com,FR,2025-07-01,Premium,9363.95
8486,Taylor Smith,taylor.smith8486@example.com,AU,2026-07-15,Premium,18331.35
8487,Arjun Lopez,arjun.lopez8487@example.com,JP,2026-06-03,Basic,14966.89
8488,Sam Brown,sam.brown8488@example.com,AU,2023-10-08,Premium,11058.6
8489,Arjun Lopez,arjun.lopez8489@example.com,AU,2021-11-16,Basic,8512.31
8490,Avery Khan,avery.khan8490@example.com,AU,2021-07-29,Premium,1965.76
8491,Morgan Garcia,morgan.garcia8491@example.com,FR,2023-06-05,Premium,5326.55
8492,Lucas Khan,lucas.khan8492@example.com,UK,2026-05-09,Basic,1241.42
8493,Riley Smith,riley.smith8493@example.com,UK,2020-11-07,Basic,18587.11
8494,Riley Nguyen,riley.nguyen8494@example.com,AU,2021-03-11,Basic,12974.8
8495,Quinn Garcia,quinn.garcia8495@example.com,US,2023-07-03,Basic,6745.32
8496,Lucas Müller,lucas.müller8496@example.com,IN,2022-09-27,Premium,5855.65
8497,Neha Garcia,neha.garcia8497@example.com,AU,2022-07-19,Premium,4412.66
8498,Casey Singh,casey.singh8498@example.com,IN,2022-06-18,Premium,353.4
8499,Taylor Kim,taylor.kim8499@example.com,IN,2023-02-27,Standard,6082.23
8500,Jamie Garcia,jamie.garcia8500@example.com,IN,2023-03-01,Premium,9326.2
8501,Lucas Müller,lucas.müller8501@example.com,US,2024-02-29,Standard,13292.62
8502,Casey Lopez,casey.lopez8502@example.com,UK,2025-05-13,Standard,519.57
8503,Casey Nguyen,casey.nguyen8503@example.com,US,2023-06-06,Basic,9354.27
8504,Lucas Chen,lucas.chen8504@example.com,SG,2025-10-23,Standard,13931.83
8505,Arjun Nguyen,arjun.nguyen8505@example.com,SG,2024-11-21,Basic,15606.53
8506,Sam Patel,sam.patel8506@example.com,DE,2023-11-25,Premium,17088.26
8507,Omar Singh,omar.singh8507@example.com,SG,2024-04-06,Standard,3399.46
8508,Sofia Lopez,sofia.lopez8508@example.com,BR,2022-02-17,Premium,11316.5
8509,Alex Smith,alex.smith8509@example.com,JP,2021-04-08,Premium,12338.32
8510,Jamie Silva,jamie.silva8510@example.com,AU,2020-07-14,Basic,18978.73
8511,Arjun Khan,arjun.khan8511@example.com,UK,2021-06-08,Premium,1948.25
8512,Casey Silva,casey.silva8512@example.com,US,2023-02-28,Premium,2615.3
8513,Arjun Chen,arjun.chen8513@example.com,DE,2022-08-22,Basic,14368.83
8514,Casey Kim,casey.kim8514@example.com,FR,2020-12-17,Standard,4684.37
8515,Taylor Nguyen,taylor.nguyen8515@example.com,IN,2024-11-01,Standard,14786.04
8516,Lucas Singh,lucas.singh8516@example.com,CA,2024-08-19,Basic,9756.94
8517,Lucas Patel,lucas.patel8517@example.com,IN,2025-11-28,Basic,11621.81
8518,Sam Patel,sam.patel8518@example.com,IN,2024-02-24,Standard,10925.8
8519,Sofia Garcia,sofia.garcia8519@example.com,DE,2026-07-15,Premium,18274.41
8520,Lucas Patel,lucas.patel8520@example.com,AU,2024-02-20,Basic,8042.97
8521,Riley Nguyen,riley.nguyen8521@example.com,CA,2021-06-17,Premium,8093.98
8522,Riley Lopez,riley.lopez8522@example.com,CA,2023-10-20,Basic,10777.62
8523,Jamie Lopez,jamie.lopez8523@example.com,BR,2026-07-06,Premium,8947.3
8524,Quinn Silva,quinn.silva8524@example.com,FR,2025-07-28,Standard,17293.08
8525,Alex Brown,alex.brown8525@example.com,JP,2020-09-25,Premium,17784.99
8526,Lucas Müller,lucas.müller8526@example.com,CA,2023-06-10,Standard,1029.19
8527,Casey Lopez,casey.lopez8527@example.com,JP,2022-12-02,Basic,12067.51
8528,Riley Singh,riley.singh8528@example.com,CA,2022-08-04,Standard,12168.27
8529,Morgan Nguyen,morgan.nguyen8529@example.com,BR,2024-10-18,Premium,5767.52
8530,Neha Lopez,neha.lopez8530@example.com,JP,2021-04-23,Premium,10794.39
8531,Sam Nguyen,sam.nguyen8531@example.com,IN,2025-11-24,Premium,14809.54
8532,Sofia Khan,sofia.khan8532@example.com,DE,2023-04-26,Standard,9299.83
8533,Omar Silva,omar.silva8533@example.com,FR,2023-04-09,Standard,14020.21
8534,Sofia Kim,sofia.kim8534@example.com,DE,2021-02-23,Basic,10353.89
8535,Taylor Brown,taylor.brown8535@example.com,BR,2025-07-22,Standard,17106.5
8536,Taylor Kim,taylor.kim8536@example.com,AU,2023-02-09,Basic,15361.24
8537,Arjun Brown,arjun.brown8537@example.com,JP,2025-02-13,Basic,16152.77
8538,Sofia Chen,sofia.chen8538@example.com,US,2025-05-04,Standard,12856.61
8539,Jamie Khan,jamie.khan8539@example.com,AU,2023-10-13,Premium,584.67
8540,Alex Patel,alex.patel8540@example.com,JP,2022-03-13,Premium,15535.65
8541,Quinn Patel,quinn.patel8541@example.com,UK,2025-04-12,Premium,19232.69
8542,Riley Patel,riley.patel8542@example.com,UK,2026-06-11,Basic,11106.72
8543,Neha Silva,neha.silva8543@example.com,UK,2022-11-24,Premium,7366.23
8544,Priya Khan,priya.khan8544@example.com,UK,2023-08-30,Premium,9986.45
8545,Jamie Khan,jamie.khan8545@example.com,FR,2023-12-25,Standard,6448.31
8546,Neha Singh,neha.singh8546@example.com,UK,2023-01-09,Premium,8783.43
8547,Casey Müller,casey.müller8547@example.com,UK,2021-09-22,Premium,3737.49
8548,Jordan Singh,jordan.singh8548@example.com,IN,2020-01-15,Standard,5886.78
8549,Neha Smith,neha.smith8549@example.com,JP,2021-10-25,Standard,6842.08
8550,Jordan Khan,jordan.khan8550@example.com,IN,2023-02-15,Basic,9253.5
8551,Jordan Chen,jordan.chen8551@example.com,BR,2025-01-22,Premium,8810.47
8552,Arjun Smith,arjun.smith8552@example.com,US,2026-06-07,Premium,19826.75
8553,Taylor Lopez,taylor.lopez8553@example.com,SG,2023-11-03,Standard,14427.41
8554,Morgan Garcia,morgan.garcia8554@example.com,US,2024-03-13,Basic,71.34
8555,Arjun Smith,arjun.smith8555@example.com,BR,2026-05-16,Standard,18212.49
8556,Taylor Khan,taylor.khan8556@example.com,AU,2026-01-24,Basic,5105.7
8557,Arjun Garcia,arjun.garcia8557@example.com,DE,2024-06-13,Standard,11628.45
8558,Quinn Patel,quinn.patel8558@example.com,IN,2020-04-21,Premium,15905.5
8559,Riley Smith,riley.smith8559@example.com,FR,2026-05-22,Standard,9858.91
8560,Jordan Singh,jordan.singh8560@example.com,US,2024-08-14,Premium,4936.81
8561,Riley Patel,riley.patel8561@example.com,AU,2021-05-05,Basic,19266.68
8562,Sofia Brown,sofia.brown8562@example.com,IN,2024-03-21,Standard,11825.3
8563,Riley Chen,riley.chen8563@example.com,BR,2020-04-22,Standard,10484.07
8564,Arjun Kim,arjun.kim8564@example.com,IN,2023-01-13,Basic,15941.71
8565,Quinn Garcia,quinn.garcia8565@example.com,UK,2020-05-14,Standard,16544.83
8566,Jamie Kim,jamie.kim8566@example.com,IN,2020-07-04,Standard,9175.39
8567,Riley Garcia,riley.garcia8567@example.com,FR,2025-03-26,Standard,12377.08
8568,Priya Müller,priya.müller8568@example.com,SG,2022-02-27,Basic,8034.26
8569,Jamie Garcia,jamie.garcia8569@example.com,FR,2024-06-16,Premium,1686.73
8570,Neha Lopez,neha.lopez8570@example.com,JP,2025-12-10,Standard,19110.61
8571,Jordan Patel,jordan.patel8571@example.com,IN,2020-09-18,Premium,710.07
8572,Arjun Garcia,arjun.garcia8572@example.com,SG,2021-09-08,Premium,10616.13
8573,Arjun Garcia,arjun.garcia8573@example.com,UK,2022-05-11,Standard,9901.25
8574,Jordan Singh,jordan.singh8574@example.com,CA,2025-11-17,Premium,7980.78
8575,Avery Khan,avery.khan8575@example.com,UK,2022-12-17,Standard,11027.68
8576,Neha Müller,neha.müller8576@example.com,CA,2024-08-05,Premium,5610.86
8577,Taylor Lopez,taylor.lopez8577@example.com,UK,2024-09-08,Premium,7950.53
8578,Arjun Brown,arjun.brown8578@example.com,CA,2021-06-15,Standard,11731.57
8579,Morgan Khan,morgan.khan8579@example.com,SG,2026-05-27,Standard,1161.05
8580,Taylor Singh,taylor.singh8580@example.com,BR,2020-11-13,Basic,7741.28
8581,Jordan Singh,jordan.singh8581@example.com,JP,2024-04-05,Premium,1056.61
8582,Omar Khan,omar.khan8582@example.com,AU,2022-12-15,Standard,1696.74
8583,Jordan Singh,jordan.singh8583@example.com,DE,2025-06-27,Standard,17344.11
8584,Riley Chen,riley.chen8584@example.com,BR,2025-02-20,Premium,6636.47
8585,Morgan Brown,morgan.brown8585@example.com,BR,2021-11-20,Premium,18989.1
8586,Riley Singh,riley.singh8586@example.com,BR,2023-01-04,Standard,19644.14
8587,Neha Smith,neha.smith8587@example.com,CA,2026-01-09,Standard,17452.87
8588,Sam Chen,sam.chen8588@example.com,SG,2020-05-08,Standard,6438.51
8589,Neha Lopez,neha.lopez8589@example.com,DE,2021-12-21,Premium,13482.09
8590,Lucas Chen,lucas.chen8590@example.com,IN,2021-04-17,Premium,16293.83
8591,Priya Patel,priya.patel8591@example.com,UK,2023-11-24,Basic,14242.9
8592,Sofia Garcia,sofia.garcia8592@example.com,SG,2020-11-12,Standard,11957.24
8593,Casey Garcia,casey.garcia8593@example.com,UK,2021-08-04,Standard,4972.91
8594,Quinn Patel,quinn.patel8594@example.com,FR,2024-12-19,Standard,15823.33
8595,Lucas Nguyen,lucas.nguyen8595@example.com,IN,2025-06-29,Standard,7518.62
8596,Lucas Garcia,lucas.garcia8596@example.com,UK,2022-11-24,Standard,16821.01
8597,Avery Nguyen,avery.nguyen8597@example.com,BR,2020-02-27,Standard,11726.87
8598,Morgan Kim,morgan.kim8598@example.com,CA,2020-07-14,Basic,4060.4
8599,Morgan Silva,morgan.silva8599@example.com,FR,2022-06-12,Standard,17013.12
8600,Taylor Brown,taylor.brown8600@example.com,SG,2022-01-17,Standard,8322.23
8601,Neha Nguyen,neha.nguyen8601@example.com,FR,2020-04-06,Basic,18893.98
8602,Lucas Chen,lucas.chen8602@example.com,AU,2024-09-04,Standard,4809.7
8603,Alex Smith,alex.smith8603@example.com,UK,2021-08-09,Standard,19975.43
8604,Alex Chen,alex.chen8604@example.com,DE,2024-08-02,Basic,16293.54
8605,Quinn Silva,quinn.silva8605@example.com,US,2021-09-28,Basic,761.29
8606,Avery Silva,avery.silva8606@example.com,IN,2022-12-20,Premium,13660.19
8607,Morgan Silva,morgan.silva8607@example.com,CA,2025-01-15,Premium,10001.48
8608,Avery Chen,avery.chen8608@example.com,UK,2021-08-12,Basic,8182.42
8609,Quinn Chen,quinn.chen8609@example.com,AU,2022-12-01,Premium,9999.98
8610,Omar Lopez,omar.lopez8610@example.com,UK,2022-10-06,Basic,14591.64
8611,Avery Nguyen,avery.nguyen8611@example.com,SG,2025-09-23,Premium,2869.12
8612,Jamie Smith,jamie.smith8612@example.com,JP,2021-12-13,Basic,1755.17
8613,Arjun Chen,arjun.chen8613@example.com,FR,2021-03-05,Basic,18204.07
8614,Omar Patel,omar.patel8614@example.com,FR,2020-04-14,Basic,15998.57
8615,Alex Chen,alex.chen8615@example.com,FR,2026-04-18,Basic,1294.85
8616,Alex Chen,alex.chen8616@example.com,DE,2022-08-04,Standard,14477.37
8617,Sofia Garcia,sofia.garcia8617@example.com,CA,2023-05-22,Standard,16589.8
8618,Riley Silva,riley.silva8618@example.com,AU,2022-11-26,Premium,7824.68
8619,Avery Garcia,avery.garcia8619@example.com,JP,2022-01-05,Premium,17918.24
8620,Taylor Brown,taylor.brown8620@example.com,AU,2022-09-02,Premium,6435.72
8621,Taylor Nguyen,taylor.nguyen8621@example.com,SG,2026-06-27,Premium,15557.44
8622,Riley Chen,riley.chen8622@example.com,JP,2022-11-04,Standard,1977.22
8623,Neha Brown,neha.brown8623@example.com,IN,2024-09-24,Premium,10955.59
8624,Riley Singh,riley.singh8624@example.com,SG,2023-08-24,Premium,4533.52
8625,Omar Nguyen,omar.nguyen8625@example.com,US,2023-10-28,Standard,6507.96
8626,Casey Khan,casey.khan8626@example.com,SG,2024-07-21,Standard,14890.22
8627,Lucas Patel,lucas.patel8627@example.com,IN,2025-09-28,Premium,4283.33
8628,Casey Khan,casey.khan8628@example.com,US,2025-01-31,Premium,3906.51
8629,Taylor Chen,taylor.chen8629@example.com,IN,2026-01-09,Standard,19468.86
8630,Priya Brown,priya.brown8630@example.com,US,2024-08-09,Premium,8680.99
8631,Priya Patel,priya.patel8631@example.com,BR,2025-02-19,Basic,17408.79
8632,Arjun Brown,arjun.brown8632@example.com,SG,2026-07-05,Premium,18833.83
8633,Neha Nguyen,neha.nguyen8633@example.com,SG,2024-12-18,Standard,1275.77
8634,Riley Garcia,riley.garcia8634@example.com,DE,2024-03-29,Standard,19669.66
8635,Arjun Khan,arjun.khan8635@example.com,IN,2023-03-31,Premium,9033.73
8636,Alex Lopez,alex.lopez8636@example.com,CA,2022-03-18,Basic,5076.24
8637,Casey Singh,casey.singh8637@example.com,SG,2021-02-28,Standard,3148.88
8638,Morgan Patel,morgan.patel8638@example.com,JP,2025-03-31,Standard,15290.81
8639,Quinn Garcia,quinn.garcia8639@example.com,UK,2021-08-17,Premium,17164.03
8640,Jamie Garcia,jamie.garcia8640@example.com,IN,2025-05-18,Premium,19467.07
8641,Sam Khan,sam.khan8641@example.com,SG,2020-04-25,Premium,5184.6
8642,Morgan Patel,morgan.patel8642@example.com,JP,2023-08-31,Premium,673.54
8643,Riley Chen,riley.chen8643@example.com,AU,2026-01-22,Premium,14588.4
8644,Priya Smith,priya.smith8644@example.com,FR,2022-04-22,Premium,3407.42
8645,Taylor Smith,taylor.smith8645@example.com,CA,2023-07-10,Premium,14734.14
8646,Priya Patel,priya.patel8646@example.com,DE,2023-07-25,Basic,8558.47
8647,Morgan Khan,morgan.khan8647@example.com,CA,2022-07-11,Premium,13950.62
8648,Sam Chen,sam.chen8648@example.com,IN,2024-04-08,Premium,18598.83
8649,Morgan Brown,morgan.brown8649@example.com,CA,2025-01-01,Basic,1748.03
8650,Arjun Singh,arjun.singh8650@example.com,DE,2022-09-22,Basic,12693.5
8651,Riley Brown,riley.brown8651@example.com,CA,2021-03-17,Standard,16026.2
8652,Casey Lopez,casey.lopez8652@example.com,UK,2020-05-13,Standard,18464.75
8653,Casey Chen,casey.chen8653@example.com,SG,2022-11-09,Standard,15461.29
8654,Jordan Garcia,jordan.garcia8654@example.com,FR,2023-05-28,Standard,9244.19
8655,Omar Chen,omar.chen8655@example.com,IN,2026-04-29,Basic,12905.88
8656,Sam Nguyen,sam.nguyen8656@example.com,UK,2024-02-21,Standard,11958.59
8657,Morgan Patel,morgan.patel8657@example.com,CA,2023-08-12,Premium,14606.54
8658,Priya Patel,priya.patel8658@example.com,DE,2022-06-07,Basic,19328.69
8659,Taylor Kim,taylor.kim8659@example.com,BR,2025-03-23,Basic,5851.2
8660,Neha Patel,neha.patel8660@example.com,BR,2021-02-15,Standard,16529.38
8661,Priya Singh,priya.singh8661@example.com,DE,2022-07-16,Standard,13654.95
8662,Lucas Khan,lucas.khan8662@example.com,DE,2024-04-15,Standard,1610.64
8663,Lucas Lopez,lucas.lopez8663@example.com,CA,2025-06-04,Premium,8381.21
8664,Arjun Kim,arjun.kim8664@example.com,IN,2021-12-14,Premium,9095.92
8665,Jamie Smith,jamie.smith8665@example.com,BR,2025-01-21,Premium,19746.16
8666,Omar Silva,omar.silva8666@example.com,UK,2020-08-03,Standard,1827.0
8667,Omar Garcia,omar.garcia8667@example.com,SG,2022-03-11,Premium,12336.42
8668,Taylor Khan,taylor.khan8668@example.com,BR,2024-12-22,Basic,18515.94
8669,Sofia Brown,sofia.brown8669@example.com,FR,2024-04-26,Basic,5194.04
8670,Quinn Smith,quinn.smith8670@example.com,IN,2021-08-12,Basic,7304.26
8671,Avery Patel,avery.patel8671@example.com,JP,2023-10-03,Standard,15995.17
8672,Quinn Nguyen,quinn.nguyen8672@example.com,IN,2024-11-14,Premium,5934.45
8673,Avery Müller,avery.müller8673@example.com,CA,2020-07-19,Premium,12079.96
8674,Sofia Garcia,sofia.garcia8674@example.com,BR,2025-05-06,Standard,5662.77
8675,Sofia Nguyen,sofia.nguyen8675@example.com,SG,2020-08-23,Basic,5920.74
8676,Quinn Garcia,quinn.garcia8676@example.com,AU,2020-09-10,Basic,7085.05
8677,Morgan Nguyen,morgan.nguyen8677@example.com,US,2022-06-12,Basic,6635.28
8678,Priya Garcia,priya.garcia8678@example.com,FR,2025-11-11,Premium,3837.09
8679,Morgan Garcia,morgan.garcia8679@example.com,SG,2024-10-17,Standard,10259.26
8680,Jamie Kim,jamie.kim8680@example.com,AU,2026-01-03,Basic,13678.39
8681,Arjun Chen,arjun.chen8681@example.com,SG,2021-03-18,Basic,9291.67
8682,Sofia Nguyen,sofia.nguyen8682@example.com,DE,2025-09-29,Standard,10260.69
8683,Neha Lopez,neha.lopez8683@example.com,SG,2021-08-29,Premium,6715.38
8684,Quinn Kim,quinn.kim8684@example.com,JP,2024-07-25,Premium,8447.63
8685,Riley Müller,riley.müller8685@example.com,JP,2021-02-01,Premium,9256.1
8686,Taylor Nguyen,taylor.nguyen8686@example.com,AU,2022-05-19,Basic,6882.73
8687,Priya Brown,priya.brown8687@example.com,DE,2023-01-08,Standard,16145.43
8688,Omar Khan,omar.khan8688@example.com,SG,2025-11-05,Basic,6770.87
8689,Casey Chen,casey.chen8689@example.com,CA,2026-01-13,Standard,4747.66
8690,Jordan Chen,jordan.chen8690@example.com,SG,2025-03-06,Basic,3051.86
8691,Priya Brown,priya.brown8691@example.com,CA,2021-05-12,Standard,11628.73
8692,Jamie Kim,jamie.kim8692@example.com,IN,2023-07-02,Basic,14111.03
8693,Quinn Garcia,quinn.garcia8693@example.com,IN,2023-12-30,Standard,6234.94
8694,Jordan Chen,jordan.chen8694@example.com,BR,2025-03-09,Standard,2983.29
8695,Casey Müller,casey.müller8695@example.com,AU,2025-07-18,Standard,708.23
8696,Alex Brown,alex.brown8696@example.com,UK,2025-06-09,Basic,13830.03
8697,Alex Kim,alex.kim8697@example.com,AU,2022-10-27,Standard,8648.57
8698,Avery Smith,avery.smith8698@example.com,JP,2024-12-13,Basic,16247.98
8699,Lucas Brown,lucas.brown8699@example.com,IN,2020-01-02,Basic,611.77
8700,Arjun Patel,arjun.patel8700@example.com,SG,2023-03-04,Premium,9778.93
8701,Avery Singh,avery.singh8701@example.com,BR,2021-02-24,Standard,14541.48
8702,Quinn Patel,quinn.patel8702@example.com,IN,2025-08-06,Premium,10291.81
8703,Casey Garcia,casey.garcia8703@example.com,US,2021-08-10,Standard,1806.41
8704,Morgan Chen,morgan.chen8704@example.com,US,2020-01-18,Premium,11723.6
8705,Arjun Smith,arjun.smith8705@example.com,IN,2021-01-18,Standard,8852.04
8706,Sofia Garcia,sofia.garcia8706@example.com,SG,2026-06-01,Premium,14180.46
8707,Arjun Brown,arjun.brown8707@example.com,UK,2022-09-12,Standard,10105.16
8708,Alex Singh,alex.singh8708@example.com,SG,2025-07-18,Standard,9627.78
8709,Jamie Brown,jamie.brown8709@example.com,BR,2026-02-06,Standard,5706.88
8710,Neha Kim,neha.kim8710@example.com,DE,2022-05-13,Premium,15547.97
8711,Jamie Lopez,jamie.lopez8711@example.com,BR,2023-11-04,Premium,11436.1
8712,Jordan Kim,jordan.kim8712@example.com,CA,2026-04-18,Premium,15850.06
8713,Casey Singh,casey.singh8713@example.com,IN,2022-05-03,Premium,2394.31
8714,Jordan Nguyen,jordan.nguyen8714@example.com,CA,2022-12-13,Basic,868.35
8715,Arjun Khan,arjun.khan8715@example.com,SG,2022-09-22,Standard,18548.88
8716,Taylor Silva,taylor.silva8716@example.com,JP,2022-03-07,Premium,5729.87
8717,Avery Lopez,avery.lopez8717@example.com,US,2025-02-02,Premium,10963.61
8718,Casey Patel,casey.patel8718@example.com,FR,2021-10-15,Premium,16026.77
8719,Alex Nguyen,alex.nguyen8719@example.com,DE,2026-05-19,Premium,19233.58
8720,Sam Müller,sam.müller8720@example.com,BR,2025-03-04,Basic,13332.79
8721,Taylor Khan,taylor.khan8721@example.com,IN,2020-04-21,Basic,16058.33
8722,Jordan Garcia,jordan.garcia8722@example.com,DE,2026-01-27,Basic,4857.87
8723,Neha Chen,neha.chen8723@example.com,JP,2020-01-26,Basic,2851.67
8724,Arjun Silva,arjun.silva8724@example.com,SG,2023-07-20,Premium,15657.63
8725,Omar Singh,omar.singh8725@example.com,CA,2020-09-18,Premium,12134.2
8726,Morgan Brown,morgan.brown8726@example.com,CA,2025-01-22,Basic,3737.09
8727,Neha Kim,neha.kim8727@example.com,SG,2026-05-05,Basic,7873.35
8728,Jamie Smith,jamie.smith8728@example.com,UK,2022-08-06,Basic,14062.68
8729,Casey Smith,casey.smith8729@example.com,DE,2020-10-15,Standard,12691.83
8730,Sam Singh,sam.singh8730@example.com,AU,2020-02-11,Basic,935.62
8731,Alex Khan,alex.khan8731@example.com,DE,2024-02-04,Standard,2811.87
8732,Neha Chen,neha.chen8732@example.com,DE,2023-10-24,Premium,11547.54
8733,Sam Smith,sam.smith8733@example.com,BR,2025-05-23,Premium,4442.57
8734,Riley Silva,riley.silva8734@example.com,BR,2023-08-03,Premium,18963.32
8735,Jamie Müller,jamie.müller8735@example.com,US,2021-12-30,Basic,6033.96
8736,Neha Nguyen,neha.nguyen8736@example.com,FR,2026-06-12,Basic,3466.83
8737,Arjun Müller,arjun.müller8737@example.com,AU,2023-09-18,Basic,3689.26
8738,Sam Smith,sam.smith8738@example.com,IN,2024-01-31,Basic,6236.54
8739,Jamie Müller,jamie.müller8739@example.com,CA,2025-07-05,Basic,2867.03
8740,Sofia Singh,sofia.singh8740@example.com,US,2024-02-09,Premium,15980.83
8741,Sofia Smith,sofia.smith8741@example.com,DE,2021-07-05,Premium,2098.44
8742,Sofia Silva,sofia.silva8742@example.com,AU,2020-08-11,Premium,6920.7
8743,Quinn Lopez,quinn.lopez8743@example.com,SG,2025-12-09,Premium,11504.71
8744,Alex Kim,alex.kim8744@example.com,UK,2020-01-26,Basic,5522.41
8745,Jordan Kim,jordan.kim8745@example.com,JP,2021-06-21,Basic,15250.68
8746,Jordan Garcia,jordan.garcia8746@example.com,SG,2025-02-02,Premium,11929.01
8747,Sofia Brown,sofia.brown8747@example.com,AU,2021-04-13,Premium,8654.8
8748,Sofia Smith,sofia.smith8748@example.com,US,2025-07-15,Basic,8555.65
8749,Morgan Kim,morgan.kim8749@example.com,US,2022-01-10,Premium,7011.56
8750,Sofia Nguyen,sofia.nguyen8750@example.com,BR,2024-11-24,Basic,12478.71
8751,Riley Patel,riley.patel8751@example.com,UK,2025-06-26,Standard,8386.97
8752,Taylor Kim,taylor.kim8752@example.com,DE,2023-05-25,Standard,11563.22
8753,Arjun Müller,arjun.müller8753@example.com,UK,2024-02-14,Standard,18737.87
8754,Neha Garcia,neha.garcia8754@example.com,IN,2026-07-03,Premium,11978.67
8755,Priya Chen,priya.chen8755@example.com,US,2026-07-17,Basic,11358.07
8756,Jamie Patel,jamie.patel8756@example.com,CA,2025-08-03,Standard,18375.21
8757,Sofia Nguyen,sofia.nguyen8757@example.com,DE,2025-01-24,Basic,18146.82
8758,Riley Brown,riley.brown8758@example.com,BR,2023-04-11,Basic,7110.18
8759,Omar Singh,omar.singh8759@example.com,JP,2024-11-24,Standard,11691.96
8760,Priya Khan,priya.khan8760@example.com,JP,2025-06-14,Basic,139.29
8761,Taylor Müller,taylor.müller8761@example.com,BR,2024-02-05,Premium,7956.42
8762,Omar Singh,omar.singh8762@example.com,AU,2020-09-29,Premium,7512.42
8763,Alex Brown,alex.brown8763@example.com,SG,2021-07-16,Standard,8285.96
8764,Sofia Smith,sofia.smith8764@example.com,CA,2021-11-09,Standard,5283.69
8765,Lucas Chen,lucas.chen8765@example.com,AU,2020-07-08,Basic,10931.9
8766,Jamie Lopez,jamie.lopez8766@example.com,BR,2024-07-26,Premium,13867.82
8767,Neha Kim,neha.kim8767@example.com,FR,2022-01-21,Basic,7457.05
8768,Jamie Patel,jamie.patel8768@example.com,BR,2021-08-05,Standard,6638.28
8769,Riley Smith,riley.smith8769@example.com,SG,2021-10-08,Premium,6725.87
8770,Taylor Garcia,taylor.garcia8770@example.com,DE,2026-04-17,Premium,3532.44
8771,Jamie Singh,jamie.singh8771@example.com,BR,2021-07-04,Standard,7591.76
8772,Priya Lopez,priya.lopez8772@example.com,IN,2023-04-17,Basic,9307.51
8773,Lucas Khan,lucas.khan8773@example.com,IN,2023-07-14,Basic,1996.02
8774,Priya Singh,priya.singh8774@example.com,AU,2026-04-14,Basic,4845.97
8775,Priya Kim,priya.kim8775@example.com,DE,2023-09-19,Basic,17280.76
8776,Jamie Chen,jamie.chen8776@example.com,SG,2020-09-29,Standard,11828.27
8777,Avery Brown,avery.brown8777@example.com,SG,2023-10-23,Premium,2712.73
8778,Lucas Khan,lucas.khan8778@example.com,AU,2020-11-20,Premium,19829.0
8779,Jordan Patel,jordan.patel8779@example.com,FR,2021-01-02,Standard,13363.98
8780,Sofia Kim,sofia.kim8780@example.com,IN,2021-05-16,Premium,5778.26
8781,Omar Kim,omar.kim8781@example.com,DE,2024-10-01,Premium,11312.4
8782,Taylor Smith,taylor.smith8782@example.com,AU,2020-01-12,Standard,13467.51
8783,Priya Chen,priya.chen8783@example.com,BR,2021-02-21,Basic,13105.44
8784,Quinn Smith,quinn.smith8784@example.com,US,2024-01-23,Basic,9840.5
8785,Morgan Singh,morgan.singh8785@example.com,CA,2024-01-04,Basic,14721.24
8786,Riley Patel,riley.patel8786@example.com,US,2023-05-12,Premium,383.08
8787,Jamie Patel,jamie.patel8787@example.com,FR,2022-02-04,Basic,12562.3
8788,Omar Brown,omar.brown8788@example.com,CA,2026-05-24,Premium,16671.53
8789,Sofia Garcia,sofia.garcia8789@example.com,AU,2023-09-09,Premium,14136.53
8790,Jamie Patel,jamie.patel8790@example.com,AU,2021-05-09,Basic,1010.72
8791,Morgan Silva,morgan.silva8791@example.com,AU,2025-01-07,Standard,19628.59
8792,Sofia Chen,sofia.chen8792@example.com,BR,2020-05-01,Basic,8068.36
8793,Omar Chen,omar.chen8793@example.com,CA,2021-04-06,Premium,15220.76
8794,Taylor Garcia,taylor.garcia8794@example.com,FR,2022-12-11,Basic,4139.34
8795,Priya Brown,priya.brown8795@example.com,SG,2024-02-01,Basic,19389.55
8796,Lucas Silva,lucas.silva8796@example.com,US,2024-08-03,Basic,12406.66
8797,Casey Garcia,casey.garcia8797@example.com,BR,2021-03-28,Standard,7803.83
8798,Quinn Chen,quinn.chen8798@example.com,US,2024-11-16,Premium,17025.86
8799,Riley Silva,riley.silva8799@example.com,BR,2021-05-24,Premium,264.85
8800,Avery Brown,avery.brown8800@example.com,IN,2021-07-17,Premium,18461.74
8801,Quinn Brown,quinn.brown8801@example.com,SG,2024-04-20,Basic,2238.08
8802,Lucas Kim,lucas.kim8802@example.com,CA,2022-12-06,Premium,11271.26
8803,Omar Kim,omar.kim8803@example.com,DE,2025-05-06,Standard,11363.42
8804,Quinn Chen,quinn.chen8804@example.com,IN,2022-09-21,Basic,10835.21
8805,Lucas Lopez,lucas.lopez8805@example.com,FR,2025-08-01,Premium,2304.31
8806,Sam Khan,sam.khan8806@example.com,IN,2021-05-06,Basic,4648.05
8807,Lucas Chen,lucas.chen8807@example.com,AU,2021-10-16,Premium,4080.63
8808,Quinn Kim,quinn.kim8808@example.com,UK,2023-02-02,Premium,12608.5
8809,Sofia Smith,sofia.smith8809@example.com,JP,2021-02-06,Premium,9818.96
8810,Lucas Chen,lucas.chen8810@example.com,BR,2022-09-09,Premium,14926.3
8811,Lucas Chen,lucas.chen8811@example.com,US,2025-09-30,Basic,1418.41
8812,Riley Garcia,riley.garcia8812@example.com,US,2025-09-09,Premium,3661.94
8813,Jordan Singh,jordan.singh8813@example.com,CA,2025-10-27,Standard,13193.24
8814,Avery Brown,avery.brown8814@example.com,IN,2025-07-03,Basic,15537.34
8815,Taylor Nguyen,taylor.nguyen8815@example.com,CA,2026-07-28,Standard,9542.43
8816,Jordan Singh,jordan.singh8816@example.com,UK,2023-10-27,Basic,11844.52
8817,Alex Lopez,alex.lopez8817@example.com,UK,2025-09-24,Standard,3323.05
8818,Quinn Patel,quinn.patel8818@example.com,JP,2020-06-28,Basic,2531.84
8819,Avery Khan,avery.khan8819@example.com,IN,2022-09-04,Standard,9869.28
8820,Quinn Kim,quinn.kim8820@example.com,CA,2020-05-23,Premium,19739.89
8821,Jordan Brown,jordan.brown8821@example.com,JP,2026-06-08,Premium,6675.27
8822,Sam Silva,sam.silva8822@example.com,DE,2022-07-02,Premium,18438.6
8823,Taylor Kim,taylor.kim8823@example.com,BR,2025-08-13,Premium,15213.17
8824,Jordan Patel,jordan.patel8824@example.com,AU,2021-09-30,Basic,19121.77
8825,Lucas Chen,lucas.chen8825@example.com,BR,2026-03-15,Standard,19985.82
8826,Neha Garcia,neha.garcia8826@example.com,IN,2021-01-13,Standard,19063.71
8827,Alex Khan,alex.khan8827@example.com,US,2024-09-04,Premium,918.96
8828,Casey Patel,casey.patel8828@example.com,UK,2023-01-02,Premium,9168.37
8829,Neha Nguyen,neha.nguyen8829@example.com,CA,2023-10-15,Basic,16352.69
8830,Neha Garcia,neha.garcia8830@example.com,SG,2021-06-07,Premium,15139.3
8831,Avery Lopez,avery.lopez8831@example.com,AU,2020-06-28,Basic,17080.93
8832,Taylor Kim,taylor.kim8832@example.com,CA,2022-11-15,Basic,7570.68
8833,Priya Smith,priya.smith8833@example.com,SG,2021-06-27,Basic,1698.26
8834,Jamie Müller,jamie.müller8834@example.com,SG,2022-11-16,Standard,5467.94
8835,Quinn Lopez,quinn.lopez8835@example.com,SG,2024-12-03,Premium,7068.43
8836,Sofia Garcia,sofia.garcia8836@example.com,US,2023-03-29,Standard,5051.59
8837,Jamie Garcia,jamie.garcia8837@example.com,IN,2025-01-08,Standard,8267.92
8838,Quinn Chen,quinn.chen8838@example.com,US,2022-12-12,Standard,6544.97
8839,Jamie Singh,jamie.singh8839@example.com,CA,2023-06-03,Standard,13890.62
8840,Arjun Silva,arjun.silva8840@example.com,CA,2025-10-17,Premium,15974.35
8841,Priya Garcia,priya.garcia8841@example.com,AU,2021-07-05,Basic,17753.25
8842,Neha Singh,neha.singh8842@example.com,BR,2023-07-26,Premium,17701.34
8843,Avery Smith,avery.smith8843@example.com,CA,2022-09-02,Premium,9539.4
8844,Jamie Garcia,jamie.garcia8844@example.com,IN,2022-08-31,Basic,2003.46
8845,Omar Lopez,omar.lopez8845@example.com,SG,2025-08-06,Standard,5249.62
8846,Avery Chen,avery.chen8846@example.com,DE,2025-06-20,Standard,9700.07
8847,Casey Lopez,casey.lopez8847@example.com,JP,2021-05-14,Standard,5064.62
8848,Casey Garcia,casey.garcia8848@example.com,CA,2021-04-18,Premium,19910.91
8849,Alex Lopez,alex.lopez8849@example.com,DE,2025-11-28,Basic,4250.75
8850,Taylor Garcia,taylor.garcia8850@example.com,CA,2025-04-28,Premium,3649.53
8851,Sofia Garcia,sofia.garcia8851@example.com,US,2024-12-25,Standard,18284.31
8852,Lucas Brown,lucas.brown8852@example.com,DE,2025-05-09,Premium,18862.17
8853,Jordan Nguyen,jordan.nguyen8853@example.com,DE,2021-10-22,Premium,11935.43
8854,Lucas Silva,lucas.silva8854@example.com,DE,2022-07-15,Standard,3228.03
8855,Alex Müller,alex.müller8855@example.com,AU,2025-12-08,Premium,19354.87
8856,Sofia Brown,sofia.brown8856@example.com,AU,2026-02-14,Premium,19388.39
8857,Avery Garcia,avery.garcia8857@example.com,IN,2025-11-30,Basic,5658.89
8858,Arjun Patel,arjun.patel8858@example.com,US,2026-03-30,Basic,6965.97
8859,Sam Müller,sam.müller8859@example.com,IN,2021-02-12,Basic,12426.08
8860,Riley Müller,riley.müller8860@example.com,IN,2025-07-28,Basic,11227.71
8861,Jamie Garcia,jamie.garcia8861@example.com,US,2024-08-13,Standard,3834.51
8862,Priya Brown,priya.brown8862@example.com,DE,2023-06-18,Premium,3792.36
8863,Sofia Lopez,sofia.lopez8863@example.com,IN,2024-12-26,Premium,12527.64
8864,Quinn Smith,quinn.smith8864@example.com,SG,2022-06-02,Premium,5856.26
8865,Quinn Kim,quinn.kim8865@example.com,US,2020-04-10,Basic,12922.0
8866,Sofia Kim,sofia.kim8866@example.com,IN,2024-03-20,Premium,4469.93
8867,Jamie Khan,jamie.khan8867@example.com,DE,2020-01-16,Basic,10339.63
8868,Lucas Garcia,lucas.garcia8868@example.com,CA,2022-11-08,Standard,10079.39
8869,Alex Silva,alex.silva8869@example.com,IN,2021-07-08,Premium,18218.74
8870,Riley Brown,riley.brown8870@example.com,JP,2026-01-19,Basic,8661.9
8871,Sam Smith,sam.smith8871@example.com,UK,2023-05-27,Premium,11399.59
8872,Riley Silva,riley.silva8872@example.com,UK,2023-02-24,Standard,13046.45
8873,Arjun Garcia,arjun.garcia8873@example.com,US,2024-12-09,Standard,11432.27
8874,Sam Brown,sam.brown8874@example.com,UK,2026-01-22,Premium,1750.94
8875,Sofia Silva,sofia.silva8875@example.com,FR,2026-06-18,Standard,2179.49
8876,Neha Brown,neha.brown8876@example.com,US,2021-03-12,Basic,1013.91
8877,Arjun Singh,arjun.singh8877@example.com,CA,2020-03-26,Premium,9362.07
8878,Neha Smith,neha.smith8878@example.com,IN,2021-06-01,Premium,1991.22
8879,Casey Brown,casey.brown8879@example.com,JP,2024-02-15,Premium,538.85
8880,Jordan Smith,jordan.smith8880@example.com,DE,2024-04-29,Standard,15020.5
8881,Arjun Silva,arjun.silva8881@example.com,CA,2022-09-06,Basic,15585.62
8882,Lucas Khan,lucas.khan8882@example.com,DE,2026-02-25,Standard,17159.41
8883,Sofia Khan,sofia.khan8883@example.com,IN,2026-02-17,Standard,16048.48
8884,Arjun Müller,arjun.müller8884@example.com,IN,2024-05-09,Premium,17226.72
8885,Riley Patel,riley.patel8885@example.com,UK,2020-11-14,Basic,3220.79
8886,Omar Kim,omar.kim8886@example.com,JP,2021-07-03,Standard,16516.29
8887,Sam Garcia,sam.garcia8887@example.com,SG,2025-11-05,Premium,14891.53
8888,Morgan Lopez,morgan.lopez8888@example.com,IN,2020-08-03,Premium,7643.96
8889,Avery Silva,avery.silva8889@example.com,US,2024-01-26,Premium,7702.68
8890,Sofia Khan,sofia.khan8890@example.com,CA,2026-03-31,Basic,18657.01
8891,Arjun Garcia,arjun.garcia8891@example.com,UK,2026-06-16,Premium,6553.87
8892,Neha Brown,neha.brown8892@example.com,CA,2025-07-17,Standard,4489.66
8893,Sam Nguyen,sam.nguyen8893@example.com,SG,2021-01-12,Standard,7443.13
8894,Jordan Kim,jordan.kim8894@example.com,BR,2023-10-17,Premium,7132.24
8895,Jamie Garcia,jamie.garcia8895@example.com,DE,2024-12-11,Premium,19763.98
8896,Quinn Nguyen,quinn.nguyen8896@example.com,BR,2025-01-24,Standard,14919.85
8897,Casey Garcia,casey.garcia8897@example.com,BR,2025-05-27,Standard,1523.82
8898,Jamie Khan,jamie.khan8898@example.com,JP,2020-02-18,Standard,16104.7
8899,Priya Garcia,priya.garcia8899@example.com,UK,2023-04-20,Basic,15148.45
8900,Jordan Brown,jordan.brown8900@example.com,SG,2024-10-14,Standard,19403.29
8901,Casey Brown,casey.brown8901@example.com,CA,2025-01-16,Basic,1099.34
8902,Quinn Kim,quinn.kim8902@example.com,JP,2020-12-06,Basic,16847.15
8903,Neha Smith,neha.smith8903@example.com,DE,2023-04-03,Basic,12466.21
8904,Avery Patel,avery.patel8904@example.com,IN,2024-10-19,Premium,2501.08
8905,Neha Brown,neha.brown8905@example.com,DE,2026-05-07,Basic,7441.9
8906,Sam Patel,sam.patel8906@example.com,AU,2023-02-20,Premium,5138.6
8907,Sam Brown,sam.brown8907@example.com,US,2022-12-05,Premium,16820.34
8908,Sofia Chen,sofia.chen8908@example.com,US,2025-11-19,Standard,16762.94
8909,Alex Müller,alex.müller8909@example.com,FR,2022-09-13,Standard,10569.68
8910,Arjun Brown,arjun.brown8910@example.com,FR,2022-07-08,Standard,5254.17
8911,Quinn Khan,quinn.khan8911@example.com,FR,2025-01-10,Standard,15322.28
8912,Sofia Chen,sofia.chen8912@example.com,SG,2025-06-01,Standard,2703.07
8913,Jamie Garcia,jamie.garcia8913@example.com,SG,2020-08-24,Basic,15384.69
8914,Jamie Kim,jamie.kim8914@example.com,BR,2025-12-11,Premium,15955.39
8915,Priya Nguyen,priya.nguyen8915@example.com,FR,2022-11-13,Basic,19592.04
8916,Priya Smith,priya.smith8916@example.com,JP,2025-11-10,Basic,17486.35
8917,Lucas Garcia,lucas.garcia8917@example.com,AU,2022-08-10,Premium,15199.47
8918,Taylor Brown,taylor.brown8918@example.com,FR,2020-01-24,Basic,17177.72
8919,Sofia Müller,sofia.müller8919@example.com,SG,2022-12-07,Standard,2210.74
8920,Avery Khan,avery.khan8920@example.com,UK,2023-03-06,Standard,9672.61
8921,Casey Silva,casey.silva8921@example.com,AU,2021-12-01,Premium,8810.13
8922,Taylor Smith,taylor.smith8922@example.com,US,2021-08-24,Basic,15946.07
8923,Arjun Chen,arjun.chen8923@example.com,BR,2022-02-19,Standard,1521.09
8924,Lucas Brown,lucas.brown8924@example.com,JP,2020-08-15,Standard,4118.0
8925,Riley Smith,riley.smith8925@example.com,SG,2022-10-03,Standard,1572.31
8926,Alex Patel,alex.patel8926@example.com,CA,2023-06-30,Standard,5508.19
8927,Taylor Chen,taylor.chen8927@example.com,JP,2021-10-07,Basic,11309.57
8928,Jamie Patel,jamie.patel8928@example.com,US,2022-05-15,Standard,9886.69
8929,Alex Nguyen,alex.nguyen8929@example.com,SG,2022-06-28,Premium,14197.74
8930,Quinn Smith,quinn.smith8930@example.com,IN,2021-01-09,Standard,1598.38
8931,Morgan Smith,morgan.smith8931@example.com,DE,2025-06-07,Premium,12401.22
8932,Taylor Müller,taylor.müller8932@example.com,CA,2024-08-14,Standard,11841.64
8933,Sofia Silva,sofia.silva8933@example.com,DE,2025-05-02,Premium,19423.43
8934,Taylor Nguyen,taylor.nguyen8934@example.com,SG,2021-08-09,Standard,6933.47
8935,Riley Silva,riley.silva8935@example.com,CA,2024-08-21,Premium,1732.5
8936,Alex Nguyen,alex.nguyen8936@example.com,SG,2024-12-17,Standard,5876.53
8937,Alex Chen,alex.chen8937@example.com,JP,2020-08-13,Premium,10297.0
8938,Casey Brown,casey.brown8938@example.com,BR,2024-04-10,Basic,17337.66
8939,Alex Nguyen,alex.nguyen8939@example.com,IN,2020-01-14,Basic,18212.64
8940,Avery Silva,avery.silva8940@example.com,US,2020-01-27,Standard,1294.08
8941,Alex Patel,alex.patel8941@example.com,US,2021-09-05,Premium,2691.55
8942,Taylor Garcia,taylor.garcia8942@example.com,BR,2026-04-11,Premium,17485.73
8943,Jordan Brown,jordan.brown8943@example.com,IN,2020-05-26,Premium,18457.94
8944,Sam Müller,sam.müller8944@example.com,IN,2024-03-31,Basic,3958.84
8945,Quinn Lopez,quinn.lopez8945@example.com,SG,2021-04-03,Premium,15668.83
8946,Sofia Nguyen,sofia.nguyen8946@example.com,SG,2025-10-23,Standard,16869.6
8947,Jordan Patel,jordan.patel8947@example.com,CA,2023-06-02,Premium,1677.18
8948,Omar Kim,omar.kim8948@example.com,UK,2026-04-07,Premium,14886.51
8949,Arjun Patel,arjun.patel8949@example.com,SG,2024-04-10,Standard,15471.54
8950,Priya Müller,priya.müller8950@example.com,BR,2021-05-12,Standard,8949.04
8951,Taylor Patel,taylor.patel8951@example.com,JP,2020-03-21,Premium,16264.22
8952,Quinn Singh,quinn.singh8952@example.com,SG,2024-05-18,Standard,6570.45
8953,Riley Lopez,riley.lopez8953@example.com,CA,2021-10-03,Basic,1718.39
8954,Casey Brown,casey.brown8954@example.com,CA,2025-11-19,Premium,6660.13
8955,Sofia Brown,sofia.brown8955@example.com,SG,2023-09-08,Premium,19658.39
8956,Riley Singh,riley.singh8956@example.com,UK,2022-10-28,Basic,15358.65
8957,Omar Kim,omar.kim8957@example.com,DE,2024-03-15,Premium,4581.55
8958,Sofia Khan,sofia.khan8958@example.com,AU,2023-03-23,Basic,8880.51
8959,Taylor Khan,taylor.khan8959@example.com,DE,2021-09-21,Premium,3133.7
8960,Neha Patel,neha.patel8960@example.com,DE,2021-06-17,Premium,4740.36
8961,Omar Silva,omar.silva8961@example.com,BR,2025-03-08,Standard,6179.09
8962,Riley Garcia,riley.garcia8962@example.com,FR,2025-06-26,Basic,267.01
8963,Morgan Chen,morgan.chen8963@example.com,US,2020-06-28,Standard,12262.18
8964,Avery Smith,avery.smith8964@example.com,SG,2024-05-02,Standard,7858.58
8965,Sofia Nguyen,sofia.nguyen8965@example.com,UK,2026-05-14,Standard,681.35
8966,Riley Lopez,riley.lopez8966@example.com,SG,2024-11-13,Basic,6272.14
8967,Sam Khan,sam.khan8967@example.com,US,2022-11-18,Basic,9880.47
8968,Omar Singh,omar.singh8968@example.com,SG,2023-09-04,Standard,19749.18
8969,Priya Khan,priya.khan8969@example.com,FR,2022-12-20,Basic,6128.45
8970,Omar Brown,omar.brown8970@example.com,JP,2025-03-06,Basic,18934.42
8971,Avery Lopez,avery.lopez8971@example.com,JP,2021-03-31,Standard,3990.54
8972,Riley Silva,riley.silva8972@example.com,FR,2026-07-11,Premium,12730.46
8973,Riley Müller,riley.müller8973@example.com,JP,2022-05-30,Premium,18748.81
8974,Riley Silva,riley.silva8974@example.com,BR,2024-10-11,Standard,5178.32
8975,Jamie Garcia,jamie.garcia8975@example.com,JP,2023-06-03,Basic,15420.36
8976,Jamie Nguyen,jamie.nguyen8976@example.com,CA,2023-11-04,Basic,5538.99
8977,Jordan Kim,jordan.kim8977@example.com,US,2020-04-24,Premium,12881.85
8978,Jamie Kim,jamie.kim8978@example.com,BR,2024-08-29,Standard,15148.28
8979,Jamie Brown,jamie.brown8979@example.com,DE,2026-03-19,Basic,3485.41
8980,Morgan Garcia,morgan.garcia8980@example.com,DE,2023-06-05,Standard,14478.72
8981,Morgan Brown,morgan.brown8981@example.com,BR,2024-09-04,Basic,16190.69
8982,Casey Müller,casey.müller8982@example.com,SG,2024-08-28,Standard,15418.78
8983,Arjun Singh,arjun.singh8983@example.com,SG,2021-09-01,Basic,155.68
8984,Avery Lopez,avery.lopez8984@example.com,SG,2026-02-19,Premium,2305.18
8985,Avery Khan,avery.khan8985@example.com,JP,2024-06-12,Premium,15857.14
8986,Sam Brown,sam.brown8986@example.com,JP,2025-05-27,Premium,2031.01
8987,Jamie Patel,jamie.patel8987@example.com,IN,2020-11-19,Standard,14986.46
8988,Taylor Khan,taylor.khan8988@example.com,BR,2021-09-21,Premium,1429.22
8989,Avery Chen,avery.chen8989@example.com,CA,2021-10-19,Basic,1512.54
8990,Arjun Müller,arjun.müller8990@example.com,JP,2024-07-16,Standard,829.1
8991,Sam Nguyen,sam.nguyen8991@example.com,DE,2025-01-11,Basic,7317.59
8992,Arjun Silva,arjun.silva8992@example.com,SG,2021-07-15,Premium,17441.48
8993,Arjun Patel,arjun.patel8993@example.com,US,2026-03-30,Premium,1289.3
8994,Quinn Singh,quinn.singh8994@example.com,DE,2020-03-02,Premium,2825.87
8995,Lucas Kim,lucas.kim8995@example.com,UK,2020-02-27,Basic,7532.65
8996,Neha Chen,neha.chen8996@example.com,CA,2021-08-21,Standard,12882.68
8997,Morgan Müller,morgan.müller8997@example.com,US,2025-11-25,Premium,7683.83
8998,Morgan Garcia,morgan.garcia8998@example.com,BR,2024-12-28,Standard,14744.95
8999,Taylor Patel,taylor.patel8999@example.com,CA,2022-10-06,Premium,14944.74
9000,Sofia Brown,sofia.brown9000@example.com,DE,2025-08-22,Standard,19850.41
9001,Quinn Patel,quinn.patel9001@example.com,CA,2022-01-31,Standard,14438.08
9002,Jamie Garcia,jamie.garcia9002@example.com,SG,2022-06-23,Premium,15892.64
9003,Quinn Lopez,quinn.lopez9003@example.com,BR,2021-04-03,Standard,18812.97
9004,Morgan Lopez,morgan.lopez9004@example.com,FR,2020-09-16,Standard,9969.58
9005,Casey Lopez,casey.lopez9005@example.com,FR,2023-07-05,Standard,17447.85
9006,Arjun Müller,arjun.müller9006@example.com,CA,2025-04-27,Standard,4960.2
9007,Jamie Silva,jamie.silva9007@example.com,AU,2021-07-01,Basic,18975.46
9008,Lucas Garcia,lucas.garcia9008@example.com,CA,2023-09-28,Basic,9192.06
9009,Riley Garcia,riley.garcia9009@example.com,CA,2023-10-24,Standard,13854.09
9010,Alex Lopez,alex.lopez9010@example.com,CA,2021-09-12,Premium,475.52
9011,Taylor Singh,taylor.singh9011@example.com,SG,2024-06-24,Premium,2234.84
9012,Lucas Silva,lucas.silva9012@example.com,FR,2023-08-10,Standard,7466.71
9013,Jordan Lopez,jordan.lopez9013@example.com,AU,2024-12-07,Basic,12417.92
9014,Neha Nguyen,neha.nguyen9014@example.com,UK,2024-10-31,Basic,3575.69
9015,Morgan Kim,morgan.kim9015@example.com,SG,2023-10-18,Premium,18531.45
9016,Alex Smith,alex.smith9016@example.com,UK,2023-11-19,Basic,7057.38
9017,Morgan Chen,morgan.chen9017@example.com,AU,2022-01-20,Basic,7416.19
9018,Morgan Silva,morgan.silva9018@example.com,JP,2022-06-12,Premium,3555.43
9019,Arjun Garcia,arjun.garcia9019@example.com,CA,2024-01-23,Basic,14401.88
9020,Lucas Smith,lucas.smith9020@example.com,IN,2022-06-23,Premium,14774.89
9021,Taylor Patel,taylor.patel9021@example.com,JP,2023-12-08,Premium,9836.14
9022,Morgan Brown,morgan.brown9022@example.com,FR,2022-03-14,Standard,2884.28
9023,Jamie Chen,jamie.chen9023@example.com,UK,2021-05-24,Standard,1776.54
9024,Omar Chen,omar.chen9024@example.com,CA,2023-06-29,Premium,11086.23
9025,Lucas Patel,lucas.patel9025@example.com,JP,2020-10-07,Premium,6506.97
9026,Morgan Brown,morgan.brown9026@example.com,FR,2026-07-22,Premium,18264.13
9027,Arjun Singh,arjun.singh9027@example.com,FR,2021-12-14,Standard,8692.72
9028,Lucas Kim,lucas.kim9028@example.com,SG,2024-10-04,Standard,4022.19
9029,Morgan Patel,morgan.patel9029@example.com,BR,2020-12-03,Premium,53.94
9030,Casey Müller,casey.müller9030@example.com,BR,2025-12-25,Basic,14460.85
9031,Lucas Müller,lucas.müller9031@example.com,CA,2021-09-19,Basic,13908.13
9032,Lucas Brown,lucas.brown9032@example.com,IN,2023-07-12,Premium,7970.49
9033,Sofia Garcia,sofia.garcia9033@example.com,US,2024-12-05,Basic,18899.68
9034,Jordan Nguyen,jordan.nguyen9034@example.com,BR,2021-03-01,Basic,18667.98
9035,Casey Lopez,casey.lopez9035@example.com,FR,2023-07-09,Basic,7945.88
9036,Priya Chen,priya.chen9036@example.com,CA,2023-04-08,Premium,8436.41
9037,Avery Kim,avery.kim9037@example.com,IN,2020-12-09,Premium,6430.84
9038,Priya Singh,priya.singh9038@example.com,US,2021-11-27,Standard,14982.93
9039,Casey Patel,casey.patel9039@example.com,FR,2020-06-18,Standard,14345.57
9040,Alex Lopez,alex.lopez9040@example.com,DE,2024-08-01,Premium,3437.14
9041,Arjun Lopez,arjun.lopez9041@example.com,IN,2026-03-02,Standard,17346.03
9042,Casey Chen,casey.chen9042@example.com,IN,2024-10-17,Standard,8009.59
9043,Morgan Lopez,morgan.lopez9043@example.com,US,2024-12-08,Basic,16245.98
9044,Sofia Patel,sofia.patel9044@example.com,CA,2025-09-24,Standard,13648.22
9045,Quinn Singh,quinn.singh9045@example.com,DE,2020-05-01,Premium,9310.9
9046,Jamie Brown,jamie.brown9046@example.com,JP,2025-06-24,Standard,18409.59
9047,Taylor Khan,taylor.khan9047@example.com,CA,2024-09-16,Basic,16509.61
9048,Arjun Patel,arjun.patel9048@example.com,FR,2022-05-10,Premium,8057.44
9049,Morgan Garcia,morgan.garcia9049@example.com,AU,2022-06-27,Premium,14130.52
9050,Morgan Smith,morgan.smith9050@example.com,AU,2025-02-13,Basic,7096.09
9051,Neha Nguyen,neha.nguyen9051@example.com,US,2025-01-30,Premium,3777.44
9052,Priya Smith,priya.smith9052@example.com,JP,2024-04-12,Standard,8563.8
9053,Neha Chen,neha.chen9053@example.com,AU,2020-03-19,Basic,18733.1
9054,Casey Nguyen,casey.nguyen9054@example.com,IN,2020-07-12,Standard,10282.29
9055,Omar Brown,omar.brown9055@example.com,AU,2022-05-06,Premium,7740.56
9056,Quinn Silva,quinn.silva9056@example.com,CA,2021-03-15,Basic,14197.31
9057,Sam Garcia,sam.garcia9057@example.com,CA,2020-02-27,Basic,15063.54
9058,Quinn Kim,quinn.kim9058@example.com,SG,2024-11-20,Basic,5706.49
9059,Morgan Brown,morgan.brown9059@example.com,SG,2024-05-07,Premium,192.11
9060,Sam Müller,sam.müller9060@example.com,UK,2020-02-01,Basic,9790.98
9061,Neha Khan,neha.khan9061@example.com,DE,2025-12-15,Basic,2478.96
9062,Morgan Lopez,morgan.lopez9062@example.com,SG,2021-08-17,Standard,1670.41
9063,Taylor Müller,taylor.müller9063@example.com,SG,2026-06-16,Premium,11202.69
9064,Taylor Chen,taylor.chen9064@example.com,FR,2025-05-11,Basic,2615.08
9065,Omar Brown,omar.brown9065@example.com,US,2021-02-02,Basic,19104.21
9066,Sofia Lopez,sofia.lopez9066@example.com,AU,2025-02-13,Standard,14902.13
9067,Taylor Müller,taylor.müller9067@example.com,US,2025-10-30,Standard,14270.24
9068,Priya Lopez,priya.lopez9068@example.com,UK,2021-05-31,Standard,2666.79
9069,Sam Brown,sam.brown9069@example.com,UK,2025-10-24,Basic,4535.67
9070,Taylor Nguyen,taylor.nguyen9070@example.com,BR,2023-10-12,Basic,1654.48
9071,Lucas Kim,lucas.kim9071@example.com,IN,2022-04-24,Premium,16922.71
9072,Sofia Singh,sofia.singh9072@example.com,SG,2022-10-04,Premium,4823.82
9073,Casey Lopez,casey.lopez9073@example.com,JP,2024-10-13,Premium,15679.22
9074,Arjun Brown,arjun.brown9074@example.com,SG,2022-10-08,Standard,8490.31
9075,Arjun Patel,arjun.patel9075@example.com,IN,2025-10-25,Premium,6443.74
9076,Omar Khan,omar.khan9076@example.com,AU,2021-03-27,Standard,4329.24
9077,Taylor Silva,taylor.silva9077@example.com,UK,2025-04-04,Premium,15356.99
9078,Quinn Müller,quinn.müller9078@example.com,DE,2024-08-20,Premium,10723.34
9079,Morgan Singh,morgan.singh9079@example.com,IN,2022-08-17,Standard,518.67
9080,Morgan Singh,morgan.singh9080@example.com,BR,2020-02-20,Basic,9494.13
9081,Omar Khan,omar.khan9081@example.com,FR,2024-12-11,Standard,8944.75
9082,Jamie Nguyen,jamie.nguyen9082@example.com,AU,2023-06-01,Basic,5096.31
9083,Casey Patel,casey.patel9083@example.com,FR,2025-06-23,Premium,12315.07
9084,Riley Patel,riley.patel9084@example.com,UK,2023-09-13,Standard,10226.57
9085,Lucas Silva,lucas.silva9085@example.com,CA,2020-06-12,Standard,1208.78
9086,Sam Brown,sam.brown9086@example.com,IN,2022-05-01,Standard,15294.74
9087,Neha Brown,neha.brown9087@example.com,US,2026-02-12,Basic,13271.94
9088,Priya Lopez,priya.lopez9088@example.com,BR,2026-04-23,Standard,13810.18
9089,Avery Müller,avery.müller9089@example.com,JP,2022-12-27,Standard,9612.42
9090,Lucas Patel,lucas.patel9090@example.com,DE,2023-06-15,Premium,3348.55
9091,Avery Khan,avery.khan9091@example.com,FR,2022-10-16,Standard,17285.19
9092,Sam Smith,sam.smith9092@example.com,BR,2024-02-18,Standard,16548.84
9093,Casey Chen,casey.chen9093@example.com,SG,2024-12-29,Standard,16785.54
9094,Arjun Nguyen,arjun.nguyen9094@example.com,UK,2020-06-23,Standard,16368.97
9095,Jordan Kim,jordan.kim9095@example.com,SG,2022-08-12,Premium,19580.26
9096,Sofia Khan,sofia.khan9096@example.com,JP,2025-02-03,Standard,6262.3
9097,Taylor Smith,taylor.smith9097@example.com,FR,2022-10-28,Premium,11728.92
9098,Taylor Lopez,taylor.lopez9098@example.com,IN,2025-10-29,Premium,19725.71
9099,Jordan Smith,jordan.smith9099@example.com,DE,2023-02-01,Premium,12464.28
9100,Avery Brown,avery.brown9100@example.com,FR,2022-01-20,Standard,14733.32
9101,Taylor Silva,taylor.silva9101@example.com,DE,2021-07-07,Premium,4262.74
9102,Alex Nguyen,alex.nguyen9102@example.com,BR,2024-06-04,Standard,18027.68
9103,Arjun Patel,arjun.patel9103@example.com,FR,2022-12-28,Standard,10200.06
9104,Lucas Lopez,lucas.lopez9104@example.com,SG,2025-03-27,Basic,11004.7
9105,Jamie Brown,jamie.brown9105@example.com,FR,2025-07-06,Basic,14662.58
9106,Arjun Silva,arjun.silva9106@example.com,SG,2025-05-08,Premium,2024.12
9107,Sam Silva,sam.silva9107@example.com,SG,2023-04-18,Standard,1387.38
9108,Jordan Nguyen,jordan.nguyen9108@example.com,SG,2021-12-25,Premium,12790.41
9109,Arjun Patel,arjun.patel9109@example.com,US,2026-01-16,Basic,19256.73
9110,Morgan Garcia,morgan.garcia9110@example.com,JP,2025-10-17,Standard,7880.02
9111,Omar Müller,omar.müller9111@example.com,SG,2026-05-29,Basic,6068.32
9112,Alex Smith,alex.smith9112@example.com,DE,2022-02-06,Standard,18789.43
9113,Priya Smith,priya.smith9113@example.com,DE,2020-07-22,Standard,18321.46
9114,Quinn Patel,quinn.patel9114@example.com,IN,2023-01-21,Premium,834.77
9115,Sofia Nguyen,sofia.nguyen9115@example.com,AU,2021-01-24,Premium,4359.23
9116,Riley Chen,riley.chen9116@example.com,CA,2024-03-10,Standard,8772.99
9117,Avery Lopez,avery.lopez9117@example.com,SG,2024-09-06,Basic,1459.57
9118,Alex Müller,alex.müller9118@example.com,CA,2026-05-12,Premium,15115.59
9119,Lucas Smith,lucas.smith9119@example.com,CA,2023-07-23,Premium,10454.09
9120,Omar Müller,omar.müller9120@example.com,JP,2024-06-19,Premium,2912.38
9121,Sofia Nguyen,sofia.nguyen9121@example.com,JP,2024-03-23,Premium,2315.01
9122,Morgan Brown,morgan.brown9122@example.com,CA,2023-08-07,Standard,15024.83
9123,Quinn Lopez,quinn.lopez9123@example.com,DE,2021-05-08,Standard,14833.68
9124,Morgan Khan,morgan.khan9124@example.com,CA,2026-04-06,Basic,11548.81
9125,Arjun Kim,arjun.kim9125@example.com,IN,2021-12-31,Premium,686.13
9126,Priya Chen,priya.chen9126@example.com,US,2023-07-01,Premium,19448.93
9127,Alex Garcia,alex.garcia9127@example.com,CA,2021-03-01,Basic,9050.71
9128,Morgan Nguyen,morgan.nguyen9128@example.com,CA,2022-01-20,Premium,15974.48
9129,Avery Kim,avery.kim9129@example.com,IN,2022-04-17,Standard,16354.14
9130,Casey Singh,casey.singh9130@example.com,IN,2023-04-12,Basic,8824.56
9131,Lucas Nguyen,lucas.nguyen9131@example.com,UK,2020-11-02,Standard,15684.1
9132,Lucas Chen,lucas.chen9132@example.com,CA,2021-07-31,Basic,12213.49
9133,Taylor Smith,taylor.smith9133@example.com,IN,2025-07-20,Premium,9939.81
9134,Quinn Müller,quinn.müller9134@example.com,UK,2020-11-27,Basic,6846.02
9135,Sam Silva,sam.silva9135@example.com,AU,2020-03-22,Basic,18666.8
9136,Omar Kim,omar.kim9136@example.com,IN,2022-07-10,Premium,5513.49
9137,Jordan Khan,jordan.khan9137@example.com,CA,2026-07-31,Standard,16338.57
9138,Omar Lopez,omar.lopez9138@example.com,AU,2021-01-12,Basic,7958.08
9139,Riley Silva,riley.silva9139@example.com,IN,2023-02-05,Standard,9710.5
9140,Omar Brown,omar.brown9140@example.com,FR,2024-11-10,Basic,8745.71
9141,Morgan Silva,morgan.silva9141@example.com,FR,2024-03-03,Basic,15027.95
9142,Sofia Patel,sofia.patel9142@example.com,JP,2021-05-18,Premium,1363.4
9143,Morgan Lopez,morgan.lopez9143@example.com,SG,2020-12-19,Standard,7624.7
9144,Lucas Smith,lucas.smith9144@example.com,JP,2020-02-16,Premium,2582.81
9145,Sofia Chen,sofia.chen9145@example.com,BR,2021-10-20,Basic,5569.13
9146,Priya Garcia,priya.garcia9146@example.com,JP,2025-09-02,Standard,18982.52
9147,Alex Lopez,alex.lopez9147@example.com,US,2022-06-17,Basic,10924.72
9148,Jordan Nguyen,jordan.nguyen9148@example.com,CA,2024-10-01,Standard,16678.22
9149,Jamie Lopez,jamie.lopez9149@example.com,SG,2020-12-25,Basic,15267.79
9150,Omar Müller,omar.müller9150@example.com,CA,2025-09-24,Standard,13954.25
9151,Morgan Lopez,morgan.lopez9151@example.com,UK,2020-02-01,Premium,14447.89
9152,Casey Garcia,casey.garcia9152@example.com,BR,2026-03-14,Standard,10049.08
9153,Alex Khan,alex.khan9153@example.com,DE,2025-04-10,Standard,7474.53
9154,Lucas Müller,lucas.müller9154@example.com,AU,2023-03-21,Standard,9708.02
9155,Neha Brown,neha.brown9155@example.com,DE,2020-01-18,Basic,2909.07
9156,Omar Singh,omar.singh9156@example.com,DE,2020-03-14,Basic,2276.91
9157,Casey Garcia,casey.garcia9157@example.com,UK,2023-11-18,Standard,7444.3
9158,Quinn Patel,quinn.patel9158@example.com,UK,2021-11-01,Standard,7895.04
9159,Avery Lopez,avery.lopez9159@example.com,AU,2020-01-13,Basic,5660.85
9160,Priya Brown,priya.brown9160@example.com,JP,2022-08-09,Premium,5765.08
9161,Casey Khan,casey.khan9161@example.com,BR,2024-09-24,Premium,2952.5
9162,Quinn Silva,quinn.silva9162@example.com,JP,2024-10-21,Premium,4068.62
9163,Casey Khan,casey.khan9163@example.com,FR,2020-08-31,Standard,19237.88
9164,Jordan Smith,jordan.smith9164@example.com,UK,2022-11-10,Standard,10536.08
9165,Omar Singh,omar.singh9165@example.com,IN,2025-02-26,Basic,11771.36
9166,Neha Chen,neha.chen9166@example.com,JP,2022-09-28,Basic,17473.8
9167,Avery Chen,avery.chen9167@example.com,DE,2022-10-03,Basic,3954.05
9168,Morgan Müller,morgan.müller9168@example.com,JP,2024-10-25,Basic,10271.75
9169,Neha Müller,neha.müller9169@example.com,SG,2025-12-08,Premium,6942.68
9170,Taylor Silva,taylor.silva9170@example.com,DE,2026-04-01,Basic,8701.98
9171,Taylor Nguyen,taylor.nguyen9171@example.com,AU,2022-01-09,Basic,2883.91
9172,Priya Smith,priya.smith9172@example.com,JP,2022-08-23,Standard,10891.23
9173,Lucas Kim,lucas.kim9173@example.com,AU,2021-06-29,Premium,11616.3
9174,Alex Nguyen,alex.nguyen9174@example.com,FR,2022-11-13,Basic,8107.31
9175,Morgan Kim,morgan.kim9175@example.com,CA,2021-12-23,Basic,18178.59
9176,Arjun Smith,arjun.smith9176@example.com,FR,2024-06-04,Standard,3121.64
9177,Casey Nguyen,casey.nguyen9177@example.com,BR,2022-01-28,Basic,1809.12
9178,Jordan Silva,jordan.silva9178@example.com,BR,2024-12-08,Standard,14833.0
9179,Sofia Müller,sofia.müller9179@example.com,BR,2024-12-20,Basic,14254.48
9180,Lucas Patel,lucas.patel9180@example.com,FR,2020-10-03,Basic,955.87
9181,Sofia Singh,sofia.singh9181@example.com,BR,2025-08-15,Basic,17899.24
9182,Avery Kim,avery.kim9182@example.com,US,2024-01-20,Premium,13858.41
9183,Quinn Smith,quinn.smith9183@example.com,BR,2021-10-08,Standard,2848.7
9184,Taylor Smith,taylor.smith9184@example.com,DE,2022-09-16,Premium,5629.11
9185,Lucas Silva,lucas.silva9185@example.com,DE,2024-05-14,Standard,2218.1
9186,Quinn Chen,quinn.chen9186@example.com,IN,2026-01-06,Standard,15098.15
9187,Sam Kim,sam.kim9187@example.com,UK,2026-07-04,Standard,477.69
9188,Avery Brown,avery.brown9188@example.com,JP,2022-01-17,Standard,9368.78
9189,Morgan Chen,morgan.chen9189@example.com,FR,2023-11-27,Standard,15321.3
9190,Neha Khan,neha.khan9190@example.com,FR,2023-08-15,Premium,274.34
9191,Casey Müller,casey.müller9191@example.com,CA,2022-07-17,Basic,12984.3
9192,Arjun Müller,arjun.müller9192@example.com,US,2020-04-20,Basic,12457.22
9193,Omar Nguyen,omar.nguyen9193@example.com,SG,2021-10-21,Basic,19519.62
9194,Priya Lopez,priya.lopez9194@example.com,US,2023-08-31,Premium,17431.11
9195,Alex Singh,alex.singh9195@example.com,FR,2025-03-28,Basic,4508.6
9196,Lucas Brown,lucas.brown9196@example.com,CA,2022-07-13,Standard,19028.65
9197,Priya Kim,priya.kim9197@example.com,BR,2023-04-17,Basic,11328.45
9198,Taylor Lopez,taylor.lopez9198@example.com,US,2025-06-19,Standard,14445.88
9199,Sofia Silva,sofia.silva9199@example.com,UK,2021-09-04,Premium,2870.64
9200,Omar Singh,omar.singh9200@example.com,BR,2020-12-12,Standard,18689.73
9201,Avery Smith,avery.smith9201@example.com,US,2021-08-28,Standard,271.61
9202,Sofia Brown,sofia.brown9202@example.com,US,2025-05-04,Standard,16108.4
9203,Lucas Lopez,lucas.lopez9203@example.com,BR,2026-04-25,Premium,17134.89
9204,Jordan Brown,jordan.brown9204@example.com,IN,2022-10-29,Standard,4844.39
9205,Neha Khan,neha.khan9205@example.com,SG,2020-02-10,Premium,18616.37
9206,Sam Garcia,sam.garcia9206@example.com,US,2025-08-01,Standard,17453.47
9207,Jordan Smith,jordan.smith9207@example.com,BR,2020-11-27,Standard,7350.66
9208,Arjun Chen,arjun.chen9208@example.com,DE,2026-07-25,Basic,3177.68
9209,Casey Singh,casey.singh9209@example.com,CA,2023-07-29,Standard,18879.92
9210,Priya Garcia,priya.garcia9210@example.com,DE,2022-01-13,Premium,1963.53
9211,Jamie Singh,jamie.singh9211@example.com,IN,2022-02-15,Basic,16043.85
9212,Arjun Khan,arjun.khan9212@example.com,IN,2025-01-05,Standard,11301.98
9213,Morgan Kim,morgan.kim9213@example.com,US,2022-09-03,Basic,1628.77
9214,Omar Chen,omar.chen9214@example.com,AU,2020-06-19,Standard,314.54
9215,Omar Chen,omar.chen9215@example.com,AU,2020-09-23,Premium,16797.6
9216,Morgan Nguyen,morgan.nguyen9216@example.com,IN,2020-09-17,Premium,10401.97
9217,Lucas Singh,lucas.singh9217@example.com,US,2025-08-20,Basic,2305.82
9218,Sofia Kim,sofia.kim9218@example.com,US,2024-03-19,Basic,15906.61
9219,Avery Müller,avery.müller9219@example.com,UK,2020-10-10,Standard,6313.7
9220,Sofia Müller,sofia.müller9220@example.com,SG,2026-07-05,Basic,7960.65
9221,Avery Smith,avery.smith9221@example.com,UK,2026-03-13,Standard,1175.34
9222,Casey Patel,casey.patel9222@example.com,FR,2024-01-11,Premium,6442.35
9223,Jordan Müller,jordan.müller9223@example.com,DE,2021-03-13,Basic,1964.15
9224,Omar Smith,omar.smith9224@example.com,CA,2026-02-15,Standard,14898.65
9225,Omar Brown,omar.brown9225@example.com,CA,2026-03-09,Premium,10981.18
9226,Quinn Singh,quinn.singh9226@example.com,US,2022-09-17,Basic,18878.08
9227,Omar Brown,omar.brown9227@example.com,CA,2025-02-23,Premium,12463.0
9228,Riley Silva,riley.silva9228@example.com,US,2024-03-06,Standard,10231.44
9229,Jamie Müller,jamie.müller9229@example.com,JP,2020-05-31,Standard,8012.26
9230,Casey Kim,casey.kim9230@example.com,US,2020-07-12,Standard,7880.31
9231,Alex Chen,alex.chen9231@example.com,CA,2023-01-19,Basic,7857.18
9232,Taylor Brown,taylor.brown9232@example.com,US,2021-02-02,Premium,16809.07
9233,Avery Brown,avery.brown9233@example.com,US,2024-09-04,Standard,12586.09
9234,Neha Nguyen,neha.nguyen9234@example.com,US,2024-01-14,Premium,19691.0
9235,Alex Müller,alex.müller9235@example.com,AU,2024-03-06,Basic,9182.47
9236,Priya Silva,priya.silva9236@example.com,FR,2026-06-11,Premium,16530.3
9237,Lucas Chen,lucas.chen9237@example.com,DE,2026-07-18,Premium,18538.59
9238,Jamie Silva,jamie.silva9238@example.com,CA,2022-07-13,Standard,3081.7
9239,Jordan Lopez,jordan.lopez9239@example.com,DE,2023-08-26,Premium,1698.85
9240,Neha Smith,neha.smith9240@example.com,SG,2021-05-25,Premium,2804.81
9241,Omar Singh,omar.singh9241@example.com,JP,2020-10-18,Standard,3786.47
9242,Avery Garcia,avery.garcia9242@example.com,IN,2021-02-16,Premium,16277.48
9243,Jordan Garcia,jordan.garcia9243@example.com,BR,2024-09-02,Basic,2716.48
9244,Lucas Silva,lucas.silva9244@example.com,DE,2026-03-11,Premium,15666.63
9245,Avery Smith,avery.smith9245@example.com,SG,2026-01-09,Premium,1999.89
9246,Quinn Brown,quinn.brown9246@example.com,UK,2022-10-20,Standard,10703.52
9247,Alex Kim,alex.kim9247@example.com,CA,2024-04-29,Premium,16014.06
9248,Riley Müller,riley.müller9248@example.com,JP,2022-12-18,Basic,3110.53
9249,Arjun Nguyen,arjun.nguyen9249@example.com,AU,2024-07-10,Basic,7884.09
9250,Jordan Lopez,jordan.lopez9250@example.com,AU,2026-03-18,Premium,675.92
9251,Arjun Müller,arjun.müller9251@example.com,SG,2023-12-03,Basic,15085.57
9252,Taylor Brown,taylor.brown9252@example.com,JP,2024-03-05,Premium,18261.67
9253,Priya Singh,priya.singh9253@example.com,DE,2026-02-04,Basic,14939.39
9254,Priya Silva,priya.silva9254@example.com,FR,2021-03-12,Basic,12732.32
9255,Lucas Silva,lucas.silva9255@example.com,SG,2023-01-26,Basic,18531.65
9256,Taylor Singh,taylor.singh9256@example.com,FR,2025-10-29,Premium,6983.68
9257,Taylor Singh,taylor.singh9257@example.com,CA,2024-10-17,Standard,1898.5
9258,Priya Singh,priya.singh9258@example.com,IN,2025-02-03,Premium,758.9
9259,Omar Brown,omar.brown9259@example.com,BR,2021-08-02,Standard,7848.23
9260,Arjun Singh,arjun.singh9260@example.com,AU,2023-09-24,Premium,15556.68
9261,Neha Kim,neha.kim9261@example.com,JP,2025-07-25,Standard,8699.51
9262,Arjun Chen,arjun.chen9262@example.com,SG,2020-07-05,Premium,13270.99
9263,Quinn Singh,quinn.singh9263@example.com,UK,2022-08-12,Basic,2090.53
9264,Omar Garcia,omar.garcia9264@example.com,UK,2024-04-10,Standard,19451.16
9265,Jamie Chen,jamie.chen9265@example.com,IN,2025-11-26,Basic,7871.99
9266,Jamie Nguyen,jamie.nguyen9266@example.com,UK,2026-02-25,Basic,4712.25
9267,Morgan Lopez,morgan.lopez9267@example.com,AU,2026-01-10,Premium,13201.18
9268,Morgan Kim,morgan.kim9268@example.com,IN,2024-01-17,Premium,12617.47
9269,Sam Khan,sam.khan9269@example.com,DE,2023-11-16,Standard,2317.97
9270,Taylor Silva,taylor.silva9270@example.com,US,2021-11-02,Standard,10159.78
9271,Lucas Kim,lucas.kim9271@example.com,CA,2023-06-10,Standard,19561.7
9272,Morgan Silva,morgan.silva9272@example.com,UK,2021-12-20,Premium,15407.87
9273,Taylor Silva,taylor.silva9273@example.com,BR,2020-11-07,Basic,13993.73
9274,Omar Müller,omar.müller9274@example.com,UK,2021-11-27,Standard,10468.72
9275,Priya Khan,priya.khan9275@example.com,FR,2023-01-24,Basic,3980.73
9276,Morgan Khan,morgan.khan9276@example.com,AU,2025-07-22,Standard,351.37
9277,Sofia Singh,sofia.singh9277@example.com,JP,2023-01-26,Premium,17311.85
9278,Morgan Chen,morgan.chen9278@example.com,JP,2021-09-12,Basic,12587.79
9279,Taylor Lopez,taylor.lopez9279@example.com,JP,2023-11-23,Standard,6863.9
9280,Lucas Chen,lucas.chen9280@example.com,SG,2020-08-15,Standard,2537.87
9281,Avery Lopez,avery.lopez9281@example.com,CA,2022-12-11,Premium,6609.62
9282,Sam Müller,sam.müller9282@example.com,US,2023-07-19,Standard,6708.17
9283,Sam Chen,sam.chen9283@example.com,UK,2023-03-31,Premium,7414.14
9284,Casey Müller,casey.müller9284@example.com,BR,2022-08-28,Standard,10965.68
9285,Alex Patel,alex.patel9285@example.com,BR,2020-12-22,Basic,9055.79
9286,Neha Singh,neha.singh9286@example.com,SG,2021-04-25,Standard,6153.45
9287,Morgan Kim,morgan.kim9287@example.com,JP,2023-12-02,Premium,450.41
9288,Arjun Nguyen,arjun.nguyen9288@example.com,SG,2021-01-26,Standard,8735.83
9289,Taylor Nguyen,taylor.nguyen9289@example.com,CA,2020-11-09,Standard,17627.76
9290,Avery Kim,avery.kim9290@example.com,JP,2024-10-08,Basic,5439.07
9291,Sam Kim,sam.kim9291@example.com,CA,2020-10-20,Basic,9853.38
9292,Sam Smith,sam.smith9292@example.com,SG,2020-01-24,Standard,2269.95
9293,Arjun Silva,arjun.silva9293@example.com,IN,2023-05-10,Standard,2078.17
9294,Arjun Patel,arjun.patel9294@example.com,CA,2026-07-13,Basic,13047.56
9295,Priya Müller,priya.müller9295@example.com,DE,2026-01-31,Standard,17156.66
9296,Neha Müller,neha.müller9296@example.com,US,2025-03-27,Premium,11915.6
9297,Omar Lopez,omar.lopez9297@example.com,IN,2025-10-20,Premium,10725.21
9298,Avery Müller,avery.müller9298@example.com,FR,2020-10-07,Standard,16564.14
9299,Jamie Müller,jamie.müller9299@example.com,UK,2025-04-02,Basic,3439.59
9300,Morgan Khan,morgan.khan9300@example.com,US,2020-05-08,Standard,18564.63
9301,Jamie Lopez,jamie.lopez9301@example.com,BR,2023-02-02,Standard,6840.68
9302,Avery Smith,avery.smith9302@example.com,US,2024-03-26,Basic,101.48
9303,Arjun Lopez,arjun.lopez9303@example.com,IN,2020-07-13,Basic,1718.7
9304,Lucas Kim,lucas.kim9304@example.com,DE,2020-08-04,Premium,3588.14
9305,Neha Kim,neha.kim9305@example.com,UK,2025-02-14,Premium,3368.24
9306,Lucas Kim,lucas.kim9306@example.com,BR,2023-08-20,Premium,5271.31
9307,Morgan Garcia,morgan.garcia9307@example.com,BR,2020-07-02,Standard,11723.5
9308,Quinn Silva,quinn.silva9308@example.com,DE,2023-12-31,Premium,6581.06
9309,Casey Garcia,casey.garcia9309@example.com,BR,2024-02-08,Standard,11814.62
9310,Jordan Brown,jordan.brown9310@example.com,DE,2026-04-26,Standard,17778.09
9311,Jamie Brown,jamie.brown9311@example.com,IN,2022-03-08,Basic,13188.88
9312,Omar Singh,omar.singh9312@example.com,UK,2024-09-19,Premium,12687.44
9313,Jordan Lopez,jordan.lopez9313@example.com,US,2026-04-19,Basic,14146.44
9314,Riley Silva,riley.silva9314@example.com,CA,2020-02-15,Basic,6319.4
9315,Quinn Khan,quinn.khan9315@example.com,DE,2021-04-13,Standard,5854.66
9316,Sam Chen,sam.chen9316@example.com,SG,2020-12-30,Basic,4042.28
9317,Arjun Nguyen,arjun.nguyen9317@example.com,CA,2020-07-21,Basic,19561.83
9318,Riley Lopez,riley.lopez9318@example.com,AU,2023-03-27,Premium,8588.95
9319,Jordan Nguyen,jordan.nguyen9319@example.com,UK,2026-01-20,Basic,11524.74
9320,Riley Garcia,riley.garcia9320@example.com,DE,2025-11-02,Standard,4112.73
9321,Sofia Chen,sofia.chen9321@example.com,SG,2022-02-07,Basic,12943.23
9322,Priya Chen,priya.chen9322@example.com,CA,2024-02-13,Basic,11326.38
9323,Casey Brown,casey.brown9323@example.com,IN,2025-05-30,Standard,17350.53
9324,Priya Garcia,priya.garcia9324@example.com,SG,2023-01-14,Basic,8931.74
9325,Arjun Nguyen,arjun.nguyen9325@example.com,AU,2023-07-12,Premium,3289.75
9326,Priya Nguyen,priya.nguyen9326@example.com,DE,2026-01-04,Premium,8591.75
9327,Omar Nguyen,omar.nguyen9327@example.com,AU,2025-02-02,Premium,4243.01
9328,Alex Patel,alex.patel9328@example.com,UK,2021-06-06,Basic,1474.16
9329,Avery Khan,avery.khan9329@example.com,FR,2025-07-12,Standard,15731.22
9330,Quinn Garcia,quinn.garcia9330@example.com,IN,2023-05-19,Standard,14755.01
9331,Morgan Brown,morgan.brown9331@example.com,CA,2023-09-20,Standard,5806.34
9332,Avery Chen,avery.chen9332@example.com,BR,2025-11-01,Premium,11260.46
9333,Casey Brown,casey.brown9333@example.com,UK,2024-03-02,Standard,4341.85
9334,Morgan Brown,morgan.brown9334@example.com,DE,2023-10-23,Premium,19291.23
9335,Arjun Patel,arjun.patel9335@example.com,JP,2022-03-12,Basic,19700.62
9336,Neha Nguyen,neha.nguyen9336@example.com,US,2024-11-06,Basic,14488.96
9337,Casey Lopez,casey.lopez9337@example.com,CA,2025-04-10,Premium,19251.59
9338,Lucas Brown,lucas.brown9338@example.com,BR,2021-03-07,Premium,10933.58
9339,Sam Smith,sam.smith9339@example.com,DE,2020-03-23,Premium,3631.24
9340,Taylor Lopez,taylor.lopez9340@example.com,UK,2022-05-08,Basic,6798.11
9341,Arjun Patel,arjun.patel9341@example.com,UK,2021-01-30,Standard,11946.42
9342,Avery Garcia,avery.garcia9342@example.com,DE,2021-09-19,Basic,7134.04
9343,Quinn Patel,quinn.patel9343@example.com,CA,2021-06-02,Premium,8215.22
9344,Avery Khan,avery.khan9344@example.com,UK,2024-08-16,Basic,19982.79
9345,Casey Patel,casey.patel9345@example.com,CA,2022-12-17,Standard,4098.1
9346,Lucas Patel,lucas.patel9346@example.com,AU,2020-05-28,Standard,6470.86
9347,Neha Silva,neha.silva9347@example.com,FR,2024-12-09,Standard,11031.46
9348,Jordan Patel,jordan.patel9348@example.com,IN,2023-12-16,Basic,2053.36
9349,Riley Nguyen,riley.nguyen9349@example.com,FR,2023-05-07,Premium,3954.05
9350,Riley Lopez,riley.lopez9350@example.com,BR,2022-02-17,Standard,7138.86
9351,Quinn Nguyen,quinn.nguyen9351@example.com,SG,2020-06-15,Premium,3885.47
9352,Neha Lopez,neha.lopez9352@example.com,SG,2022-02-10,Premium,750.2
9353,Priya Silva,priya.silva9353@example.com,IN,2026-05-13,Standard,4984.47
9354,Morgan Lopez,morgan.lopez9354@example.com,FR,2021-02-14,Standard,5900.99
9355,Priya Garcia,priya.garcia9355@example.com,JP,2026-04-09,Basic,9412.47
9356,Riley Khan,riley.khan9356@example.com,BR,2020-01-28,Premium,17582.9
9357,Priya Nguyen,priya.nguyen9357@example.com,CA,2020-03-30,Basic,11686.43
9358,Alex Chen,alex.chen9358@example.com,SG,2025-12-27,Standard,10201.14
9359,Sam Chen,sam.chen9359@example.com,AU,2020-02-20,Standard,13932.46
9360,Omar Silva,omar.silva9360@example.com,SG,2024-05-24,Basic,11450.09
9361,Morgan Khan,morgan.khan9361@example.com,FR,2021-03-19,Basic,19963.88
9362,Taylor Khan,taylor.khan9362@example.com,SG,2023-04-04,Basic,19402.15
9363,Sofia Singh,sofia.singh9363@example.com,BR,2021-04-27,Premium,4727.93
9364,Sam Chen,sam.chen9364@example.com,US,2020-05-27,Premium,5817.0
9365,Arjun Brown,arjun.brown9365@example.com,IN,2025-07-18,Standard,10418.26
9366,Neha Kim,neha.kim9366@example.com,JP,2022-05-13,Standard,4127.11
9367,Riley Silva,riley.silva9367@example.com,US,2021-06-18,Basic,15514.83
9368,Neha Nguyen,neha.nguyen9368@example.com,BR,2025-08-16,Standard,16195.28
9369,Arjun Müller,arjun.müller9369@example.com,CA,2022-05-20,Premium,1823.43
9370,Riley Patel,riley.patel9370@example.com,US,2024-07-17,Standard,17271.48
9371,Sam Singh,sam.singh9371@example.com,SG,2022-11-02,Standard,4174.57
9372,Neha Lopez,neha.lopez9372@example.com,AU,2023-04-03,Basic,4058.97
9373,Alex Brown,alex.brown9373@example.com,AU,2024-12-02,Standard,1374.57
9374,Jordan Kim,jordan.kim9374@example.com,US,2021-08-12,Standard,6644.19
9375,Omar Smith,omar.smith9375@example.com,FR,2026-02-13,Basic,15278.34
9376,Neha Chen,neha.chen9376@example.com,JP,2022-02-13,Standard,17359.61
9377,Jamie Kim,jamie.kim9377@example.com,CA,2021-10-21,Premium,2041.54
9378,Quinn Brown,quinn.brown9378@example.com,UK,2021-02-19,Premium,6945.05
9379,Omar Smith,omar.smith9379@example.com,BR,2021-07-23,Basic,19380.23
9380,Alex Chen,alex.chen9380@example.com,FR,2021-03-16,Basic,937.97
9381,Quinn Smith,quinn.smith9381@example.com,SG,2026-07-23,Premium,6373.47
9382,Jamie Lopez,jamie.lopez9382@example.com,IN,2023-04-10,Premium,7197.55
9383,Jordan Müller,jordan.müller9383@example.com,AU,2020-02-28,Basic,1629.91
9384,Avery Khan,avery.khan9384@example.com,CA,2025-05-16,Basic,5491.53
9385,Riley Chen,riley.chen9385@example.com,BR,2022-06-16,Standard,5130.43
9386,Riley Garcia,riley.garcia9386@example.com,BR,2023-05-26,Standard,2756.36
9387,Quinn Lopez,quinn.lopez9387@example.com,DE,2026-06-12,Basic,17270.24
9388,Jamie Brown,jamie.brown9388@example.com,DE,2024-06-17,Premium,16952.64
9389,Casey Singh,casey.singh9389@example.com,US,2026-01-08,Premium,9098.32
9390,Quinn Garcia,quinn.garcia9390@example.com,AU,2022-08-29,Basic,14000.93
9391,Neha Müller,neha.müller9391@example.com,AU,2022-01-30,Standard,15880.12
9392,Omar Müller,omar.müller9392@example.com,UK,2020-03-19,Basic,2003.05
9393,Taylor Garcia,taylor.garcia9393@example.com,UK,2023-06-10,Standard,7826.57
9394,Quinn Garcia,quinn.garcia9394@example.com,FR,2020-06-09,Basic,16093.86
9395,Alex Garcia,alex.garcia9395@example.com,US,2025-04-01,Basic,14133.37
9396,Omar Khan,omar.khan9396@example.com,DE,2024-01-06,Premium,16628.81
9397,Priya Chen,priya.chen9397@example.com,IN,2020-11-02,Standard,6864.46
9398,Morgan Kim,morgan.kim9398@example.com,IN,2024-12-06,Premium,2748.74
9399,Arjun Kim,arjun.kim9399@example.com,DE,2025-08-05,Basic,9505.45
9400,Neha Smith,neha.smith9400@example.com,CA,2022-08-23,Standard,15278.7
9401,Arjun Müller,arjun.müller9401@example.com,JP,2022-01-07,Standard,4006.33
9402,Sam Silva,sam.silva9402@example.com,UK,2020-05-25,Basic,2341.5
9403,Avery Kim,avery.kim9403@example.com,DE,2020-04-11,Premium,4033.99
9404,Riley Brown,riley.brown9404@example.com,BR,2026-06-14,Standard,5468.57
9405,Quinn Patel,quinn.patel9405@example.com,DE,2022-08-24,Premium,18463.25
9406,Arjun Patel,arjun.patel9406@example.com,SG,2024-08-25,Basic,4574.71
9407,Jamie Müller,jamie.müller9407@example.com,CA,2021-10-08,Premium,8274.44
9408,Omar Kim,omar.kim9408@example.com,IN,2024-02-16,Standard,17672.23
9409,Alex Chen,alex.chen9409@example.com,SG,2020-04-30,Premium,12858.52
9410,Jamie Lopez,jamie.lopez9410@example.com,SG,2021-04-26,Premium,1567.68
9411,Neha Khan,neha.khan9411@example.com,AU,2022-03-13,Basic,7614.3
9412,Lucas Patel,lucas.patel9412@example.com,DE,2024-06-30,Standard,8403.34
9413,Morgan Brown,morgan.brown9413@example.com,IN,2023-05-19,Standard,3416.85
9414,Casey Kim,casey.kim9414@example.com,UK,2023-08-24,Basic,4365.91
9415,Jamie Müller,jamie.müller9415@example.com,AU,2022-02-04,Basic,11931.95
9416,Morgan Lopez,morgan.lopez9416@example.com,CA,2024-07-22,Standard,19471.78
9417,Sofia Brown,sofia.brown9417@example.com,FR,2022-09-09,Basic,4463.07
9418,Riley Patel,riley.patel9418@example.com,SG,2025-07-25,Premium,19586.73
9419,Neha Singh,neha.singh9419@example.com,US,2024-11-09,Standard,1812.27
9420,Morgan Lopez,morgan.lopez9420@example.com,IN,2023-08-17,Standard,866.13
9421,Jamie Singh,jamie.singh9421@example.com,JP,2025-08-22,Premium,216.44
9422,Sofia Brown,sofia.brown9422@example.com,US,2021-03-14,Standard,3976.67
9423,Lucas Khan,lucas.khan9423@example.com,US,2022-02-15,Basic,5423.39
9424,Taylor Singh,taylor.singh9424@example.com,IN,2020-03-08,Basic,6957.72
9425,Neha Chen,neha.chen9425@example.com,BR,2022-04-03,Standard,18690.08
9426,Riley Silva,riley.silva9426@example.com,UK,2020-10-30,Premium,18228.71
9427,Neha Singh,neha.singh9427@example.com,AU,2023-03-12,Premium,7781.02
9428,Omar Müller,omar.müller9428@example.com,JP,2024-11-10,Standard,13199.34
9429,Neha Silva,neha.silva9429@example.com,UK,2024-05-01,Basic,10300.75
9430,Morgan Smith,morgan.smith9430@example.com,IN,2022-08-10,Premium,4450.94
9431,Lucas Chen,lucas.chen9431@example.com,FR,2026-03-03,Premium,16245.08
9432,Sofia Smith,sofia.smith9432@example.com,UK,2024-09-04,Basic,17226.12
9433,Taylor Chen,taylor.chen9433@example.com,SG,2024-04-25,Premium,5967.38
9434,Jamie Chen,jamie.chen9434@example.com,IN,2026-01-21,Standard,2436.6
9435,Sofia Brown,sofia.brown9435@example.com,BR,2021-05-19,Standard,14793.38
9436,Morgan Müller,morgan.müller9436@example.com,CA,2026-07-16,Standard,19494.94
9437,Casey Nguyen,casey.nguyen9437@example.com,US,2024-09-11,Basic,17619.43
9438,Riley Müller,riley.müller9438@example.com,JP,2026-05-08,Standard,14228.33
9439,Sam Singh,sam.singh9439@example.com,IN,2020-02-14,Basic,18276.34
9440,Neha Patel,neha.patel9440@example.com,AU,2021-11-26,Basic,17612.67
9441,Riley Lopez,riley.lopez9441@example.com,AU,2025-01-24,Basic,12001.94
9442,Priya Smith,priya.smith9442@example.com,BR,2026-05-17,Premium,3865.05
9443,Avery Singh,avery.singh9443@example.com,JP,2020-10-18,Premium,3720.99
9444,Casey Silva,casey.silva9444@example.com,DE,2020-04-10,Basic,2822.53
9445,Avery Müller,avery.müller9445@example.com,AU,2026-06-06,Standard,14059.51
9446,Taylor Lopez,taylor.lopez9446@example.com,UK,2021-09-23,Premium,9320.71
9447,Casey Kim,casey.kim9447@example.com,US,2022-04-18,Premium,7465.31
9448,Casey Kim,casey.kim9448@example.com,DE,2026-06-18,Basic,12364.88
9449,Arjun Patel,arjun.patel9449@example.com,IN,2021-05-06,Premium,12548.18
9450,Lucas Lopez,lucas.lopez9450@example.com,JP,2022-09-24,Basic,16482.94
9451,Sofia Chen,sofia.chen9451@example.com,UK,2024-12-03,Basic,19825.78
9452,Neha Silva,neha.silva9452@example.com,FR,2021-10-02,Premium,7860.44
9453,Jamie Garcia,jamie.garcia9453@example.com,UK,2024-04-18,Standard,6614.24
9454,Jamie Singh,jamie.singh9454@example.com,CA,2025-09-15,Standard,6809.22
9455,Quinn Kim,quinn.kim9455@example.com,US,2024-07-08,Premium,16410.28
9456,Neha Müller,neha.müller9456@example.com,IN,2023-06-21,Basic,13541.11
9457,Jamie Chen,jamie.chen9457@example.com,SG,2021-05-20,Basic,10139.49
9458,Sofia Garcia,sofia.garcia9458@example.com,US,2021-12-10,Basic,10302.96
9459,Sam Kim,sam.kim9459@example.com,US,2020-01-20,Basic,5470.11
9460,Morgan Chen,morgan.chen9460@example.com,IN,2023-04-01,Premium,11605.09
9461,Taylor Patel,taylor.patel9461@example.com,JP,2024-08-07,Premium,17861.82
9462,Alex Khan,alex.khan9462@example.com,AU,2020-01-06,Standard,15073.18
9463,Quinn Chen,quinn.chen9463@example.com,AU,2020-08-04,Standard,5693.3
9464,Riley Silva,riley.silva9464@example.com,IN,2021-11-11,Basic,11191.06
9465,Alex Garcia,alex.garcia9465@example.com,FR,2023-02-24,Basic,5310.85
9466,Taylor Nguyen,taylor.nguyen9466@example.com,IN,2024-03-27,Basic,4301.41
9467,Omar Garcia,omar.garcia9467@example.com,CA,2020-08-26,Basic,14832.49
9468,Priya Patel,priya.patel9468@example.com,BR,2022-08-10,Premium,4848.5
9469,Taylor Kim,taylor.kim9469@example.com,JP,2020-02-27,Basic,6436.7
9470,Jamie Patel,jamie.patel9470@example.com,US,2022-09-21,Standard,8247.92
9471,Riley Garcia,riley.garcia9471@example.com,BR,2023-10-02,Basic,5391.65
9472,Priya Garcia,priya.garcia9472@example.com,AU,2025-12-27,Premium,10551.42
9473,Sam Nguyen,sam.nguyen9473@example.com,DE,2023-07-13,Standard,10364.6
9474,Taylor Nguyen,taylor.nguyen9474@example.com,CA,2023-02-12,Basic,8702.86
9475,Quinn Silva,quinn.silva9475@example.com,IN,2022-02-17,Premium,13708.33
9476,Jordan Patel,jordan.patel9476@example.com,US,2021-12-29,Basic,12995.22
9477,Priya Müller,priya.müller9477@example.com,AU,2021-05-09,Premium,11040.73
9478,Sam Patel,sam.patel9478@example.com,US,2021-01-19,Standard,7710.43
9479,Casey Kim,casey.kim9479@example.com,AU,2022-10-20,Standard,12695.25
9480,Neha Müller,neha.müller9480@example.com,UK,2025-09-20,Basic,344.18
9481,Quinn Smith,quinn.smith9481@example.com,FR,2021-04-10,Premium,13880.33
9482,Priya Nguyen,priya.nguyen9482@example.com,DE,2020-11-30,Standard,9928.82
9483,Neha Nguyen,neha.nguyen9483@example.com,US,2021-08-08,Standard,1946.85
9484,Riley Silva,riley.silva9484@example.com,FR,2026-03-22,Basic,5529.31
9485,Sofia Müller,sofia.müller9485@example.com,JP,2021-01-02,Basic,1580.42
9486,Morgan Müller,morgan.müller9486@example.com,DE,2023-06-12,Standard,13406.4
9487,Sofia Lopez,sofia.lopez9487@example.com,US,2023-11-26,Premium,301.84
9488,Quinn Silva,quinn.silva9488@example.com,DE,2020-01-07,Basic,11117.29
9489,Riley Müller,riley.müller9489@example.com,UK,2021-01-21,Premium,2319.04
9490,Sam Lopez,sam.lopez9490@example.com,CA,2025-09-24,Premium,6255.36
9491,Sam Lopez,sam.lopez9491@example.com,CA,2022-08-16,Premium,5516.89
9492,Jamie Singh,jamie.singh9492@example.com,BR,2026-05-11,Standard,10673.87
9493,Jamie Garcia,jamie.garcia9493@example.com,AU,2026-04-23,Standard,4460.25
9494,Alex Smith,alex.smith9494@example.com,IN,2025-01-23,Standard,10542.79
9495,Avery Kim,avery.kim9495@example.com,CA,2024-01-13,Premium,1270.57
9496,Taylor Chen,taylor.chen9496@example.com,AU,2020-12-31,Basic,1778.66
9497,Jordan Kim,jordan.kim9497@example.com,US,2024-12-20,Standard,17185.53
9498,Sam Silva,sam.silva9498@example.com,US,2024-05-04,Basic,18599.57
9499,Neha Khan,neha.khan9499@example.com,BR,2026-03-28,Basic,5389.28
9500,Omar Singh,omar.singh9500@example.com,FR,2021-07-08,Basic,19478.85
9501,Lucas Garcia,lucas.garcia9501@example.com,FR,2023-06-21,Basic,18376.64
9502,Sam Müller,sam.müller9502@example.com,IN,2025-12-29,Standard,11503.16
9503,Casey Kim,casey.kim9503@example.com,CA,2022-11-08,Standard,1162.26
9504,Arjun Silva,arjun.silva9504@example.com,UK,2023-06-20,Standard,15132.92
9505,Riley Patel,riley.patel9505@example.com,DE,2026-05-26,Standard,17076.46
9506,Neha Garcia,neha.garcia9506@example.com,US,2026-07-15,Premium,8192.91
9507,Quinn Chen,quinn.chen9507@example.com,CA,2021-03-24,Standard,14725.36
9508,Riley Kim,riley.kim9508@example.com,IN,2020-04-27,Premium,8805.67
9509,Neha Nguyen,,FR,2024-03-19,Premium,16364.11
9510,Casey Patel,casey.patel9510@example.com,FR,2024-01-26,Basic,11540.45
9511,Arjun Müller,arjun.müller9511@example.com,CA,2020-07-27,Standard,9654.39
9512,Arjun Lopez,arjun.lopez9512@example.com,JP,2020-12-27,Premium,16642.46
9513,Priya Nguyen,priya.nguyen9513@example.com,AU,2024-04-22,Basic,5601.33
9514,Omar Brown,omar.brown9514@example.com,BR,2024-05-15,Standard,9178.13
9515,Priya Silva,priya.silva9515@example.com,IN,2020-12-06,Premium,2849.95
9516,Lucas Smith,lucas.smith9516@example.com,IN,2025-11-09,Basic,13159.86
9517,Priya Khan,priya.khan9517@example.com,FR,2026-05-10,Premium,15315.81
9518,Omar Silva,omar.silva9518@example.com,SG,2022-01-30,Standard,3689.3
9519,Priya Garcia,priya.garcia9519@example.com,AU,2025-02-28,Standard,1609.72
9520,Alex Lopez,alex.lopez9520@example.com,DE,2022-02-07,Standard,17441.48
9521,Quinn Müller,quinn.müller9521@example.com,US,2025-10-13,Standard,1358.33
9522,Omar Khan,omar.khan9522@example.com,FR,2022-02-22,Premium,16391.53
9523,Morgan Singh,morgan.singh9523@example.com,UK,2021-10-21,Basic,12078.18
9524,Lucas Müller,lucas.müller9524@example.com,AU,2022-06-07,Premium,16532.4
9525,Taylor Lopez,taylor.lopez9525@example.com,US,2020-09-21,Basic,4846.82
9526,Morgan Smith,morgan.smith9526@example.com,SG,2020-02-26,Standard,196.78
9527,Avery Silva,avery.silva9527@example.com,BR,2023-11-12,Basic,6220.08
9528,Alex Patel,,CA,2020-06-22,Standard,8681.4
9529,Alex Garcia,alex.garcia9529@example.com,AU,2025-01-17,Basic,9794.44
9530,Jordan Chen,jordan.chen9530@example.com,AU,2020-08-18,Premium,13659.81
9531,Sofia Lopez,sofia.lopez9531@example.com,SG,2026-04-27,Premium,5461.12
9532,Morgan Nguyen,morgan.nguyen9532@example.com,SG,2020-10-05,Basic,15265.87
9533,Taylor Müller,taylor.müller9533@example.com,DE,2025-11-06,Standard,17623.79
9534,Morgan Nguyen,morgan.nguyen9534@example.com,UK,2024-07-31,Basic,18192.29
9535,Omar Patel,omar.patel9535@example.com,BR,2022-03-05,Standard,19073.94
9536,Lucas Patel,lucas.patel9536@example.com,JP,2025-02-17,Standard,3745.06
9537,Omar Lopez,omar.lopez9537@example.com,SG,2023-05-10,Basic,15782.35
9538,Neha Chen,neha.chen9538@example.com,IN,2024-01-04,Standard,14160.95
9539,Sofia Müller,sofia.müller9539@example.com,FR,2020-12-26,Basic,12748.8
9540,Taylor Lopez,taylor.lopez9540@example.com,UK,2022-11-22,Standard,16656.77
9541,Sofia Silva,sofia.silva9541@example.com,US,2024-01-21,Premium,15862.16
9542,Lucas Brown,lucas.brown9542@example.com,AU,2020-06-16,Standard,8627.64
9543,Quinn Singh,quinn.singh9543@example.com,FR,2020-11-25,Basic,14868.85
9544,Neha Silva,neha.silva9544@example.com,FR,2024-02-16,Premium,2073.38
9545,Taylor Chen,taylor.chen9545@example.com,DE,2025-11-22,Standard,1291.61
9546,Quinn Lopez,quinn.lopez9546@example.com,IN,2023-05-08,Premium,487.93
9547,Avery Singh,avery.singh9547@example.com,SG,2026-01-12,Standard,4275.3
9548,Riley Müller,riley.müller9548@example.com,IN,2023-06-26,Premium,5894.53
9549,Riley Singh,riley.singh9549@example.com,JP,2025-12-22,Standard,13762.19
9550,Morgan Brown,morgan.brown9550@example.com,JP,2022-01-27,Premium,8240.47
9551,Riley Silva,riley.silva9551@example.com,DE,2022-08-10,Premium,10055.94
9552,Alex Kim,alex.kim9552@example.com,CA,2023-07-28,Standard,6232.23
9553,Jamie Kim,jamie.kim9553@example.com,UK,2020-09-14,Basic,18835.89
9554,Jordan Chen,jordan.chen9554@example.com,AU,2023-04-27,Basic,7771.3
9555,Omar Patel,omar.patel9555@example.com,JP,2025-03-01,Basic,13322.68
9556,Jordan Silva,jordan.silva9556@example.com,SG,2020-01-13,Basic,12426.81
9557,Quinn Nguyen,quinn.nguyen9557@example.com,JP,2024-09-13,Premium,9334.16
9558,Arjun Patel,arjun.patel9558@example.com,IN,2020-06-11,Premium,14309.29
9559,Arjun Nguyen,arjun.nguyen9559@example.com,UK,2023-07-28,Standard,13877.71
9560,Casey Patel,casey.patel9560@example.com,US,2020-05-17,Premium,10557.13
9561,Arjun Silva,arjun.silva9561@example.com,SG,2023-11-07,Standard,514.94
9562,Jordan Singh,jordan.singh9562@example.com,CA,2023-01-28,Premium,6920.44
9563,Neha Khan,neha.khan9563@example.com,DE,2020-06-18,Standard,14555.04
9564,Riley Silva,riley.silva9564@example.com,AU,2024-11-11,Premium,16048.81
9565,Riley Smith,riley.smith9565@example.com,UK,2021-04-10,Standard,6420.37
9566,Riley Müller,riley.müller9566@example.com,DE,2026-04-30,Basic,486.61
9567,Morgan Silva,morgan.silva9567@example.com,US,2021-04-26,Basic,4575.21
9568,Lucas Lopez,lucas.lopez9568@example.com,BR,2020-04-28,Basic,9155.08
9569,Alex Khan,alex.khan9569@example.com,DE,2021-09-17,Basic,5620.73
9570,Morgan Garcia,morgan.garcia9570@example.com,DE,2025-03-21,Standard,18335.64
9571,Omar Silva,omar.silva9571@example.com,JP,2023-01-14,Standard,7789.96
9572,Priya Kim,priya.kim9572@example.com,UK,2023-02-09,Premium,19353.82
9573,Jamie Müller,jamie.müller9573@example.com,CA,2021-10-01,Standard,13008.27
9574,Jordan Silva,jordan.silva9574@example.com,JP,2024-01-10,Standard,17371.06
9575,Jamie Nguyen,jamie.nguyen9575@example.com,AU,2025-12-09,Standard,13551.09
9576,Sofia Müller,sofia.müller9576@example.com,AU,2024-06-03,Standard,7365.4
9577,Riley Singh,riley.singh9577@example.com,UK,2025-01-10,Basic,4879.42
9578,Neha Müller,neha.müller9578@example.com,UK,2026-04-10,Standard,1869.46
9579,Arjun Garcia,arjun.garcia9579@example.com,UK,2025-11-05,Standard,19508.43
9580,Morgan Brown,morgan.brown9580@example.com,IN,2020-12-20,Basic,9365.07
9581,Neha Kim,neha.kim9581@example.com,CA,2020-10-05,Standard,5728.74
9582,Lucas Khan,lucas.khan9582@example.com,JP,2024-12-12,Standard,8926.67
9583,Omar Kim,omar.kim9583@example.com,SG,2024-12-30,Basic,14435.15
9584,Alex Kim,alex.kim9584@example.com,IN,2025-11-15,Basic,8804.91
9585,Riley Silva,riley.silva9585@example.com,JP,2026-05-17,Standard,19374.23
9586,Omar Khan,omar.khan9586@example.com,FR,2025-09-01,Basic,13414.04
9587,Sofia Khan,sofia.khan9587@example.com,CA,2021-12-16,Premium,6643.7
9588,Alex Khan,alex.khan9588@example.com,AU,2025-04-11,Basic,19359.7
9589,Neha Garcia,neha.garcia9589@example.com,UK,2020-10-12,Standard,4224.38
9590,Omar Brown,omar.brown9590@example.com,IN,2025-12-16,Basic,8123.61
9591,Priya Patel,priya.patel9591@example.com,AU,2022-08-11,Premium,2696.15
9592,Jamie Patel,jamie.patel9592@example.com,DE,2025-11-05,Premium,12591.09
9593,Lucas Chen,lucas.chen9593@example.com,US,2025-12-17,Basic,16625.41
9594,Omar Khan,omar.khan9594@example.com,FR,2024-10-15,Standard,15767.4
9595,Quinn Nguyen,quinn.nguyen9595@example.com,BR,2020-08-05,Premium,9908.2
9596,Arjun Chen,arjun.chen9596@example.com,DE,2024-08-25,Standard,788.03
9597,Priya Brown,priya.brown9597@example.com,UK,2022-01-23,Standard,6199.44
9598,Casey Singh,casey.singh9598@example.com,BR,2024-03-12,Standard,3125.81
9599,Arjun Lopez,arjun.lopez9599@example.com,JP,2026-04-17,Standard,19321.65
9600,Morgan Brown,morgan.brown9600@example.com,IN,2024-04-02,Basic,4807.76
9601,Alex Garcia,alex.garcia9601@example.com,UK,2025-03-11,Basic,2530.55
9602,Morgan Khan,morgan.khan9602@example.com,IN,2025-08-11,Premium,1244.29
9603,Sam Lopez,sam.lopez9603@example.com,CA,2025-10-26,Premium,685.9
9604,Quinn Silva,quinn.silva9604@example.com,AU,2023-09-25,Standard,8960.64
9605,Lucas Kim,lucas.kim9605@example.com,CA,2022-06-06,Premium,11230.01
9606,Avery Chen,avery.chen9606@example.com,IN,2022-02-10,Premium,19885.29
9607,Sam Müller,sam.müller9607@example.com,DE,2024-08-30,Standard,11623.94
9608,Quinn Chen,quinn.chen9608@example.com,FR,2022-10-16,Standard,11773.06
9609,Alex Müller,alex.müller9609@example.com,CA,2024-05-16,Basic,10343.15
9610,Lucas Kim,lucas.kim9610@example.com,UK,2026-06-23,Standard,17856.44
9611,Quinn Brown,quinn.brown9611@example.com,BR,2021-08-03,Standard,2185.22
9612,Morgan Silva,morgan.silva9612@example.com,US,2021-08-11,Standard,18299.57
9613,Neha Chen,neha.chen9613@example.com,FR,2023-02-07,Standard,11301.09
9614,Alex Chen,alex.chen9614@example.com,US,2024-04-03,Standard,18603.37
9615,Alex Chen,alex.chen9615@example.com,CA,2025-03-29,Basic,4008.81
9616,Jordan Nguyen,jordan.nguyen9616@example.com,UK,2024-10-09,Standard,8139.38
9617,Priya Müller,priya.müller9617@example.com,FR,2026-05-08,Basic,11090.13
9618,Riley Singh,riley.singh9618@example.com,CA,2023-05-15,Standard,18163.03
9619,Avery Patel,avery.patel9619@example.com,UK,2025-12-10,Basic,5638.99
9620,Casey Khan,casey.khan9620@example.com,US,2026-06-30,Premium,9197.71
9621,Avery Khan,avery.khan9621@example.com,SG,2020-06-30,Basic,10337.67
9622,Sam Garcia,sam.garcia9622@example.com,UK,2020-06-04,Premium,19153.41
9623,Sam Brown,sam.brown9623@example.com,IN,2021-07-21,Basic,13710.85
9624,Arjun Patel,arjun.patel9624@example.com,DE,2024-04-18,Basic,5613.82
9625,Priya Singh,priya.singh9625@example.com,IN,2024-05-07,Basic,6671.64
9626,Avery Silva,avery.silva9626@example.com,US,2020-01-06,Basic,17199.26
9627,Sofia Silva,sofia.silva9627@example.com,JP,2024-03-02,Premium,12309.06
9628,Jordan Kim,jordan.kim9628@example.com,UK,2021-10-10,Basic,8646.69
9629,Lucas Kim,lucas.kim9629@example.com,CA,2025-03-16,Basic,14951.87
9630,Avery Garcia,avery.garcia9630@example.com,BR,2025-03-30,Standard,17619.07
9631,Jamie Nguyen,jamie.nguyen9631@example.com,CA,2022-06-16,Premium,15540.11
9632,Morgan Garcia,morgan.garcia9632@example.com,DE,2022-08-08,Basic,18637.28
9633,Arjun Singh,arjun.singh9633@example.com,DE,2025-01-03,Basic,8721.66
9634,Lucas Kim,lucas.kim9634@example.com,US,2023-12-27,Basic,6889.94
9635,Riley Patel,riley.patel9635@example.com,SG,2024-09-27,Basic,5588.57
9636,Priya Chen,priya.chen9636@example.com,SG,2024-09-14,Basic,3012.96
9637,Quinn Kim,quinn.kim9637@example.com,IN,2021-07-11,Basic,13322.8
9638,Sam Garcia,sam.garcia9638@example.com,AU,2024-02-06,Basic,10061.31
9639,Morgan Lopez,morgan.lopez9639@example.com,SG,2021-11-20,Basic,4159.75
9640,Lucas Müller,lucas.müller9640@example.com,IN,2022-12-30,Premium,2595.75
9641,Priya Silva,priya.silva9641@example.com,US,2024-08-16,Standard,18064.86
9642,Sofia Silva,sofia.silva9642@example.com,SG,2022-02-02,Standard,5110.47
9643,Priya Singh,priya.singh9643@example.com,JP,2023-08-27,Basic,12069.66
9644,Sofia Patel,sofia.patel9644@example.com,IN,2022-08-02,Premium,7508.58
9645,Omar Müller,omar.müller9645@example.com,JP,2022-05-13,Premium,13491.83
9646,Casey Singh,casey.singh9646@example.com,UK,2024-05-04,Standard,6380.0
9647,Omar Kim,omar.kim9647@example.com,SG,2023-02-19,Standard,10590.01
9648,Arjun Müller,arjun.müller9648@example.com,DE,2021-02-11,Premium,16016.31
9649,Alex Kim,alex.kim9649@example.com,AU,2026-03-22,Basic,6931.97
9650,Lucas Garcia,lucas.garcia9650@example.com,BR,2022-02-18,Basic,3789.54
9651,Lucas Brown,lucas.brown9651@example.com,US,2022-02-06,Standard,12695.2
9652,Casey Nguyen,casey.nguyen9652@example.com,CA,2022-01-24,Premium,14930.73
9653,Riley Kim,riley.kim9653@example.com,FR,2024-12-02,Premium,18590.48
9654,Alex Silva,alex.silva9654@example.com,DE,2024-11-15,Standard,18678.74
9655,Jamie Chen,jamie.chen9655@example.com,JP,2020-06-20,Standard,12990.72
9656,Priya Chen,priya.chen9656@example.com,SG,2020-01-11,Basic,14692.1
9657,Taylor Chen,taylor.chen9657@example.com,BR,2022-12-30,Premium,14915.14
9658,Avery Brown,avery.brown9658@example.com,BR,2021-08-10,Premium,11643.96
9659,Alex Garcia,alex.garcia9659@example.com,IN,2020-11-12,Premium,17659.28
9660,Lucas Smith,lucas.smith9660@example.com,US,2020-01-17,Premium,10774.77
9661,Casey Garcia,casey.garcia9661@example.com,UK,2020-08-13,Standard,4754.0
9662,Riley Smith,riley.smith9662@example.com,FR,2026-07-30,Premium,11538.43
9663,Arjun Nguyen,arjun.nguyen9663@example.com,US,2025-12-07,Basic,10590.36
9664,Jamie Nguyen,jamie.nguyen9664@example.com,BR,2020-10-17,Standard,2374.9
9665,Alex Patel,alex.patel9665@example.com,CA,2025-04-09,Basic,3667.96
9666,Sofia Brown,sofia.brown9666@example.com,SG,2021-02-12,Premium,18096.0
9667,Morgan Chen,morgan.chen9667@example.com,US,2024-05-25,Standard,6517.7
9668,Neha Müller,neha.müller9668@example.com,FR,2025-08-20,Standard,9267.86
9669,Omar Smith,omar.smith9669@example.com,UK,2025-03-19,Premium,2466.33
9670,Alex Kim,alex.kim9670@example.com,AU,2020-08-05,Premium,13789.95
9671,Priya Smith,priya.smith9671@example.com,BR,2022-03-27,Premium,14852.73
9672,Jordan Lopez,jordan.lopez9672@example.com,AU,2021-09-24,Standard,18302.01
9673,Omar Chen,omar.chen9673@example.com,CA,2023-07-09,Standard,17951.72
9674,Neha Müller,neha.müller9674@example.com,BR,2024-03-31,Standard,7961.17
9675,Quinn Nguyen,quinn.nguyen9675@example.com,SG,2021-05-06,Standard,3358.18
9676,Jamie Smith,jamie.smith9676@example.com,US,2020-01-21,Premium,16745.97
9677,Taylor Kim,taylor.kim9677@example.com,JP,2022-12-13,Premium,8974.56
9678,Quinn Silva,quinn.silva9678@example.com,IN,2020-03-11,Standard,4843.01
9679,Riley Kim,riley.kim9679@example.com,UK,2021-08-26,Standard,16949.26
9680,Avery Kim,avery.kim9680@example.com,JP,2024-10-17,Premium,12861.86
9681,Casey Kim,casey.kim9681@example.com,DE,2023-01-05,Standard,935.85
9682,Priya Singh,priya.singh9682@example.com,IN,2025-04-12,Standard,8127.14
9683,Sofia Müller,sofia.müller9683@example.com,BR,2024-11-25,Premium,893.88
9684,Jordan Smith,jordan.smith9684@example.com,US,2023-12-10,Basic,1771.41
9685,Taylor Müller,taylor.müller9685@example.com,BR,2021-10-28,Basic,14648.04
9686,Lucas Chen,lucas.chen9686@example.com,DE,2022-05-31,Basic,19093.76
9687,Jamie Müller,,SG,2020-12-15,Standard,1169.04
9688,Neha Chen,neha.chen9688@example.com,BR,2022-07-11,Premium,19184.13
9689,Arjun Khan,arjun.khan9689@example.com,AU,2025-11-23,Premium,12987.54
9690,Lucas Brown,lucas.brown9690@example.com,JP,2023-10-18,Standard,6603.46
9691,Morgan Patel,morgan.patel9691@example.com,FR,2022-07-03,Basic,14505.59
9692,Casey Kim,casey.kim9692@example.com,JP,2020-08-10,Basic,14852.8
9693,Quinn Singh,quinn.singh9693@example.com,CA,2024-05-08,Basic,18659.85
9694,Priya Smith,priya.smith9694@example.com,IN,2022-03-22,Basic,10856.39
9695,Avery Müller,avery.müller9695@example.com,AU,2023-05-06,Premium,11005.74
9696,Jamie Garcia,jamie.garcia9696@example.com,SG,2022-07-13,Premium,19024.42
9697,Quinn Brown,quinn.brown9697@example.com,JP,2020-07-07,Premium,9425.22
9698,Sofia Kim,sofia.kim9698@example.com,DE,2025-06-18,Basic,808.39
9699,Jordan Nguyen,jordan.nguyen9699@example.com,AU,2022-02-27,Standard,932.23
9700,Jamie Lopez,jamie.lopez9700@example.com,SG,2025-06-15,Premium,3717.67
9701,Avery Patel,avery.patel9701@example.com,US,2025-12-27,Premium,17574.23
9702,Riley Khan,riley.khan9702@example.com,JP,2025-03-31,Standard,8397.09
9703,Alex Nguyen,alex.nguyen9703@example.com,US,2023-05-16,Premium,10133.42
9704,Neha Smith,neha.smith9704@example.com,SG,2024-01-12,Standard,8088.42
9705,Taylor Patel,taylor.patel9705@example.com,FR,2022-02-04,Basic,11565.22
9706,Sam Lopez,sam.lopez9706@example.com,US,2025-05-23,Standard,10078.12
9707,Jamie Kim,jamie.kim9707@example.com,AU,2026-04-21,Premium,496.1
9708,Lucas Brown,lucas.brown9708@example.com,DE,2022-03-22,Basic,7579.56
9709,Taylor Singh,taylor.singh9709@example.com,SG,2021-07-05,Basic,12608.0
9710,Omar Chen,omar.chen9710@example.com,IN,2025-10-14,Basic,8115.56
9711,Lucas Brown,lucas.brown9711@example.com,BR,2026-02-12,Standard,4398.03
9712,Priya Khan,priya.khan9712@example.com,CA,2024-04-13,Standard,13366.7
9713,Riley Garcia,riley.garcia9713@example.com,US,2024-08-31,Basic,17822.72
9714,Casey Brown,casey.brown9714@example.com,AU,2025-12-05,Premium,1136.69
9715,Morgan Brown,morgan.brown9715@example.com,FR,2020-08-29,Basic,14071.69
9716,Sofia Brown,sofia.brown9716@example.com,BR,2022-10-03,Standard,14902.58
9717,Taylor Lopez,taylor.lopez9717@example.com,US,2025-09-07,Basic,6992.35
9718,Avery Singh,avery.singh9718@example.com,FR,2026-02-15,Premium,18429.97
9719,Riley Silva,riley.silva9719@example.com,UK,2025-01-28,Standard,10146.18
9720,Morgan Singh,morgan.singh9720@example.com,US,2025-07-27,Basic,16714.62
9721,Morgan Garcia,morgan.garcia9721@example.com,FR,2020-11-19,Basic,1824.24
9722,Lucas Patel,lucas.patel9722@example.com,JP,2025-01-25,Basic,1921.23
9723,Alex Kim,alex.kim9723@example.com,CA,2020-06-27,Premium,1112.73
9724,Lucas Kim,lucas.kim9724@example.com,BR,2020-09-27,Standard,6252.52
9725,Sofia Singh,sofia.singh9725@example.com,IN,2025-04-24,Basic,12286.19
9726,Quinn Khan,quinn.khan9726@example.com,FR,2020-01-24,Premium,15858.4
9727,Alex Smith,alex.smith9727@example.com,IN,2022-07-21,Premium,1226.67
9728,Riley Lopez,riley.lopez9728@example.com,IN,2023-02-05,Basic,11795.93
9729,Quinn Smith,quinn.smith9729@example.com,IN,2021-01-18,Basic,16428.11
9730,Avery Khan,avery.khan9730@example.com,SG,2021-10-24,Premium,7136.75
9731,Sam Chen,sam.chen9731@example.com,UK,2025-03-24,Standard,18783.82
9732,Quinn Singh,quinn.singh9732@example.com,DE,2025-01-10,Basic,8439.1
9733,Jamie Brown,jamie.brown9733@example.com,BR,2020-11-05,Basic,14642.07
9734,Jamie Nguyen,jamie.nguyen9734@example.com,FR,2026-06-06,Premium,7497.41
9735,Morgan Kim,morgan.kim9735@example.com,BR,2023-09-06,Basic,15215.67
9736,Jamie Silva,jamie.silva9736@example.com,US,2021-03-03,Standard,10331.1
9737,Taylor Chen,taylor.chen9737@example.com,UK,2020-03-02,Basic,15777.58
9738,Avery Müller,avery.müller9738@example.com,UK,2024-03-19,Standard,8470.12
9739,Lucas Müller,lucas.müller9739@example.com,SG,2024-03-30,Basic,17743.87
9740,Casey Nguyen,casey.nguyen9740@example.com,BR,2024-08-12,Basic,12358.57
9741,Taylor Nguyen,taylor.nguyen9741@example.com,SG,2026-05-09,Premium,14587.7
9742,Sofia Silva,sofia.silva9742@example.com,US,2025-08-19,Basic,8515.36
9743,Neha Brown,neha.brown9743@example.com,JP,2023-04-29,Basic,14680.05
9744,Arjun Chen,arjun.chen9744@example.com,JP,2024-12-16,Basic,19072.28
9745,Sofia Silva,sofia.silva9745@example.com,BR,2025-05-29,Premium,13852.73
9746,Alex Smith,alex.smith9746@example.com,JP,2023-07-26,Premium,14660.71
9747,Omar Müller,omar.müller9747@example.com,UK,2022-02-26,Basic,14633.46
9748,Lucas Kim,lucas.kim9748@example.com,DE,2026-05-07,Premium,5616.95
9749,Jamie Lopez,jamie.lopez9749@example.com,IN,2021-12-20,Standard,10000.22
9750,Neha Brown,neha.brown9750@example.com,JP,2020-08-01,Standard,4955.39
9751,Arjun Singh,arjun.singh9751@example.com,BR,2020-01-13,Basic,14881.4
9752,Arjun Garcia,arjun.garcia9752@example.com,IN,2025-02-26,Premium,2749.2
9753,Avery Kim,avery.kim9753@example.com,US,2023-09-22,Basic,15973.31
9754,Riley Khan,riley.khan9754@example.com,FR,2025-11-21,Premium,19663.57
9755,Riley Chen,riley.chen9755@example.com,AU,2023-09-28,Standard,7997.1
9756,Morgan Smith,morgan.smith9756@example.com,FR,2025-11-10,Basic,4345.0
9757,Jordan Silva,jordan.silva9757@example.com,SG,2026-07-12,Basic,1415.29
9758,Alex Nguyen,alex.nguyen9758@example.com,UK,2022-02-10,Basic,13261.59
9759,Sam Brown,sam.brown9759@example.com,CA,2022-07-09,Standard,5907.36
9760,Sam Chen,sam.chen9760@example.com,JP,2023-06-24,Standard,110.9
9761,Jamie Müller,jamie.müller9761@example.com,BR,2025-06-21,Premium,2280.46
9762,Sofia Garcia,sofia.garcia9762@example.com,CA,2025-12-04,Basic,6358.13
9763,Neha Kim,neha.kim9763@example.com,CA,2022-04-07,Standard,7504.5
9764,Jordan Chen,jordan.chen9764@example.com,CA,2021-03-03,Standard,18672.99
9765,Neha Silva,neha.silva9765@example.com,UK,2022-12-25,Premium,10133.68
9766,Neha Garcia,neha.garcia9766@example.com,FR,2025-07-10,Premium,1713.24
9767,Avery Garcia,avery.garcia9767@example.com,IN,2024-03-04,Standard,8505.73
9768,Jordan Patel,jordan.patel9768@example.com,SG,2020-11-09,Basic,9328.59
9769,Sofia Patel,sofia.patel9769@example.com,US,2023-01-01,Standard,14330.45
9770,Riley Lopez,riley.lopez9770@example.com,US,2025-05-05,Premium,18205.61
9771,Alex Garcia,alex.garcia9771@example.com,UK,2020-11-18,Premium,2137.46
9772,Neha Smith,neha.smith9772@example.com,AU,2020-05-23,Premium,18380.86
9773,Neha Patel,neha.patel9773@example.com,IN,2025-04-24,Premium,5942.51
9774,Lucas Lopez,lucas.lopez9774@example.com,CA,2020-12-26,Standard,8183.72
9775,Arjun Brown,arjun.brown9775@example.com,CA,2023-09-04,Premium,16141.05
9776,Riley Kim,riley.kim9776@example.com,DE,2023-10-25,Standard,11760.78
9777,Omar Singh,omar.singh9777@example.com,SG,2020-12-22,Standard,13134.81
9778,Neha Kim,neha.kim9778@example.com,US,2022-03-15,Standard,4036.19
9779,Omar Lopez,omar.lopez9779@example.com,CA,2025-09-15,Standard,6688.84
9780,Jordan Silva,jordan.silva9780@example.com,CA,2022-12-08,Premium,6545.24
9781,Priya Khan,priya.khan9781@example.com,US,2020-09-20,Basic,1798.25
9782,Arjun Kim,arjun.kim9782@example.com,BR,2022-11-29,Standard,442.62
9783,Neha Khan,neha.khan9783@example.com,BR,2024-10-15,Basic,15605.73
9784,Lucas Silva,lucas.silva9784@example.com,FR,2021-02-09,Premium,5331.6
9785,Jamie Brown,jamie.brown9785@example.com,UK,2023-01-27,Standard,10973.77
9786,Omar Singh,omar.singh9786@example.com,SG,2020-09-22,Basic,16419.49
9787,Morgan Brown,morgan.brown9787@example.com,US,2026-05-26,Premium,13389.63
9788,Morgan Brown,morgan.brown9788@example.com,IN,2025-11-02,Standard,833.57
9789,Neha Kim,neha.kim9789@example.com,SG,2021-09-20,Basic,14236.89
9790,Neha Brown,neha.brown9790@example.com,IN,2022-04-17,Premium,18355.39
9791,Sam Smith,sam.smith9791@example.com,US,2023-05-10,Basic,13126.99
9792,Taylor Garcia,taylor.garcia9792@example.com,BR,2023-02-21,Premium,19321.15
9793,Quinn Silva,,US,2026-04-16,Premium,11538.4
9794,Riley Khan,riley.khan9794@example.com,US,2024-01-24,Premium,18599.89
9795,Taylor Nguyen,taylor.nguyen9795@example.com,DE,2022-09-06,Basic,13539.01
9796,Casey Khan,casey.khan9796@example.com,DE,2024-05-20,Premium,6390.73
9797,Avery Garcia,avery.garcia9797@example.com,FR,2024-10-21,Standard,9817.47
9798,Taylor Patel,taylor.patel9798@example.com,SG,2021-11-22,Basic,5896.91
9799,Taylor Garcia,taylor.garcia9799@example.com,FR,2022-05-17,Premium,17681.83
9800,Omar Garcia,omar.garcia9800@example.com,DE,2025-12-19,Premium,10271.1
9801,Riley Singh,riley.singh9801@example.com,AU,2021-04-19,Standard,9902.73
9802,Sam Silva,sam.silva9802@example.com,JP,2024-06-26,Premium,13655.6
9803,Omar Smith,omar.smith9803@example.com,JP,2020-12-15,Premium,9473.35
9804,Casey Kim,casey.kim9804@example.com,DE,2023-08-29,Basic,2501.26
9805,Morgan Brown,morgan.brown9805@example.com,DE,2020-12-03,Standard,4982.38
9806,Omar Garcia,omar.garcia9806@example.com,FR,2025-02-28,Basic,2788.86
9807,Jamie Brown,jamie.brown9807@example.com,US,2023-01-21,Basic,18594.73
9808,Alex Chen,alex.chen9808@example.com,CA,2021-02-28,Standard,15877.8
9809,Lucas Patel,lucas.patel9809@example.com,BR,2026-03-05,Premium,10660.58
9810,Riley Patel,riley.patel9810@example.com,FR,2021-06-10,Standard,5744.4
9811,Riley Patel,riley.patel9811@example.com,BR,2022-03-08,Standard,2646.93
9812,Lucas Smith,lucas.smith9812@example.com,DE,2025-11-12,Standard,17072.83
9813,Jamie Khan,jamie.khan9813@example.com,JP,2022-08-02,Premium,19420.47
9814,Riley Kim,riley.kim9814@example.com,UK,2021-07-19,Standard,3216.41
9815,Omar Kim,omar.kim9815@example.com,JP,2026-03-28,Basic,4336.03
9816,Sam Garcia,sam.garcia9816@example.com,AU,2022-10-26,Premium,5907.49
9817,Casey Müller,casey.müller9817@example.com,JP,2026-01-26,Standard,9562.47
9818,Alex Singh,alex.singh9818@example.com,CA,2025-03-22,Standard,13947.07
9819,Sofia Nguyen,sofia.nguyen9819@example.com,CA,2022-05-29,Standard,5413.62
9820,Alex Brown,alex.brown9820@example.com,JP,2026-07-29,Standard,13371.18
9821,Jordan Nguyen,jordan.nguyen9821@example.com,AU,2022-01-17,Standard,4377.69
9822,Avery Khan,avery.khan9822@example.com,UK,2023-01-03,Standard,16724.79
9823,Avery Singh,avery.singh9823@example.com,AU,2021-05-01,Basic,19013.34
9824,Arjun Brown,arjun.brown9824@example.com,US,2026-03-03,Basic,13962.46
9825,Sofia Silva,sofia.silva9825@example.com,AU,2022-12-16,Standard,2769.0
9826,Taylor Lopez,taylor.lopez9826@example.com,AU,2025-01-19,Premium,18236.73
9827,Omar Garcia,omar.garcia9827@example.com,AU,2020-01-03,Premium,14133.05
9828,Riley Garcia,riley.garcia9828@example.com,US,2023-05-16,Premium,13204.59
9829,Sofia Silva,sofia.silva9829@example.com,IN,2022-11-27,Basic,17324.48
9830,Lucas Garcia,lucas.garcia9830@example.com,CA,2025-10-22,Standard,11710.09
9831,Casey Nguyen,casey.nguyen9831@example.com,IN,2023-11-28,Premium,18516.69
9832,Avery Smith,avery.smith9832@example.com,AU,2024-10-06,Basic,2713.51
9833,Jordan Müller,jordan.müller9833@example.com,US,2025-09-14,Premium,475.54
9834,Lucas Khan,lucas.khan9834@example.com,FR,2020-01-18,Basic,10055.65
9835,Riley Garcia,riley.garcia9835@example.com,US,2026-07-04,Premium,7160.53
9836,Taylor Smith,taylor.smith9836@example.com,SG,2023-01-26,Premium,3950.83
9837,Arjun Khan,arjun.khan9837@example.com,CA,2025-07-04,Basic,1685.89
9838,Jordan Lopez,jordan.lopez9838@example.com,UK,2025-06-29,Basic,2657.53
9839,Alex Garcia,alex.garcia9839@example.com,AU,2020-12-21,Premium,358.41
9840,Riley Garcia,riley.garcia9840@example.com,JP,2026-04-18,Premium,16886.6
9841,Sofia Chen,sofia.chen9841@example.com,SG,2025-09-30,Basic,4990.29
9842,Quinn Kim,quinn.kim9842@example.com,UK,2024-11-01,Premium,4679.04
9843,Riley Singh,riley.singh9843@example.com,US,2026-03-06,Premium,17120.79
9844,Sofia Silva,sofia.silva9844@example.com,US,2020-02-21,Premium,9649.34
9845,Taylor Silva,taylor.silva9845@example.com,IN,2023-11-22,Premium,17929.85
9846,Priya Garcia,priya.garcia9846@example.com,CA,2024-04-10,Premium,10149.71
9847,Arjun Chen,arjun.chen9847@example.com,UK,2020-07-23,Basic,6564.97
9848,Arjun Patel,arjun.patel9848@example.com,UK,2021-07-28,Basic,17209.28
9849,Omar Nguyen,omar.nguyen9849@example.com,US,2020-03-29,Basic,11688.44
9850,Sofia Lopez,sofia.lopez9850@example.com,CA,2026-06-24,Standard,18370.62
9851,Taylor Silva,taylor.silva9851@example.com,IN,2024-03-08,Basic,17966.33
9852,Avery Nguyen,avery.nguyen9852@example.com,CA,2025-08-13,Basic,9792.55
9853,Lucas Garcia,lucas.garcia9853@example.com,AU,2020-03-28,Premium,2962.52
9854,Omar Müller,omar.müller9854@example.com,CA,2025-11-04,Basic,4115.03
9855,Avery Lopez,avery.lopez9855@example.com,UK,2026-04-30,Basic,13769.87
9856,Omar Khan,omar.khan9856@example.com,JP,2020-10-31,Standard,6279.2
9857,Riley Lopez,riley.lopez9857@example.com,SG,2023-10-23,Basic,12436.02
9858,Priya Silva,priya.silva9858@example.com,IN,2026-07-09,Standard,8814.37
9859,Lucas Smith,lucas.smith9859@example.com,US,2025-03-30,Premium,12023.83
9860,Sam Lopez,sam.lopez9860@example.com,US,2022-08-09,Standard,3813.7
9861,Neha Kim,neha.kim9861@example.com,AU,2021-08-31,Premium,12529.04
9862,Lucas Garcia,lucas.garcia9862@example.com,DE,2022-12-24,Premium,19155.42
9863,Sam Brown,sam.brown9863@example.com,AU,2025-12-23,Basic,18622.1
9864,Omar Nguyen,omar.nguyen9864@example.com,DE,2021-03-27,Basic,12998.77
9865,Avery Müller,avery.müller9865@example.com,JP,2020-08-19,Standard,2242.81
9866,Priya Singh,priya.singh9866@example.com,UK,2021-04-19,Premium,16889.4
9867,Priya Chen,priya.chen9867@example.com,CA,2021-04-14,Basic,3001.53
9868,Neha Brown,neha.brown9868@example.com,SG,2023-10-07,Premium,9543.44
9869,Avery Nguyen,avery.nguyen9869@example.com,BR,2024-09-28,Standard,10996.9
9870,Quinn Kim,quinn.kim9870@example.com,IN,2022-06-11,Standard,18030.39
9871,Alex Lopez,alex.lopez9871@example.com,US,2021-01-15,Basic,10959.01
9872,Taylor Patel,taylor.patel9872@example.com,US,2024-08-05,Premium,11126.85
9873,Riley Singh,riley.singh9873@example.com,CA,2022-08-21,Premium,7719.55
9874,Quinn Chen,quinn.chen9874@example.com,AU,2020-11-24,Basic,10301.13
9875,Taylor Khan,taylor.khan9875@example.com,SG,2025-06-18,Basic,13095.82
9876,Priya Brown,priya.brown9876@example.com,IN,2025-01-17,Basic,2300.15
9877,Jamie Kim,jamie.kim9877@example.com,BR,2026-06-30,Basic,18064.79
9878,Jordan Khan,jordan.khan9878@example.com,DE,2023-01-09,Standard,12068.87
9879,Quinn Müller,quinn.müller9879@example.com,SG,2022-04-19,Premium,19494.66
9880,Jamie Chen,jamie.chen9880@example.com,CA,2020-07-21,Basic,981.36
9881,Sam Smith,sam.smith9881@example.com,US,2024-09-01,Basic,6551.14
9882,Sam Chen,sam.chen9882@example.com,FR,2022-06-03,Premium,18691.82
9883,Morgan Patel,morgan.patel9883@example.com,BR,2025-04-11,Basic,19191.13
9884,Riley Nguyen,riley.nguyen9884@example.com,BR,2023-03-25,Premium,15256.93
9885,Avery Lopez,avery.lopez9885@example.com,US,2025-01-04,Standard,108.14
9886,Alex Khan,alex.khan9886@example.com,BR,2023-02-13,Premium,10342.05
9887,Jordan Nguyen,jordan.nguyen9887@example.com,JP,2021-03-27,Premium,11525.72
9888,Sofia Chen,sofia.chen9888@example.com,BR,2024-02-22,Premium,402.29
9889,Priya Chen,priya.chen9889@example.com,UK,2020-04-14,Basic,7680.66
9890,Morgan Lopez,morgan.lopez9890@example.com,JP,2023-03-30,Basic,5467.11
9891,Arjun Lopez,arjun.lopez9891@example.com,FR,2022-03-12,Basic,3804.8
9892,Arjun Lopez,arjun.lopez9892@example.com,BR,2024-04-26,Basic,14350.42
9893,Quinn Chen,quinn.chen9893@example.com,DE,2022-11-13,Standard,19111.4
9894,Taylor Garcia,taylor.garcia9894@example.com,BR,2025-10-19,Basic,10303.67
9895,Taylor Smith,taylor.smith9895@example.com,JP,2026-04-04,Standard,19865.46
9896,Avery Garcia,avery.garcia9896@example.com,US,2020-11-27,Basic,9313.8
9897,Morgan Smith,morgan.smith9897@example.com,JP,2025-11-21,Premium,9311.51
9898,Omar Garcia,omar.garcia9898@example.com,DE,2021-12-08,Standard,6741.56
9899,Taylor Patel,taylor.patel9899@example.com,SG,2021-04-21,Premium,14767.62
9900,Sofia Nguyen,sofia.nguyen9900@example.com,IN,2024-01-25,Premium,10933.1
9901,Sofia Müller,sofia.müller9901@example.com,CA,2023-06-28,Premium,5302.01
9902,Sofia Nguyen,sofia.nguyen9902@example.com,US,2020-09-07,Standard,17402.88
9903,Casey Brown,casey.brown9903@example.com,SG,2024-12-22,Standard,6345.56
9904,Sam Garcia,sam.garcia9904@example.com,AU,2022-11-17,Standard,17496.53
9905,Jamie Silva,jamie.silva9905@example.com,SG,2023-12-16,Premium,11921.96
9906,Sam Singh,sam.singh9906@example.com,SG,2020-03-14,Premium,19727.89
9907,Quinn Smith,quinn.smith9907@example.com,SG,2020-03-28,Standard,6105.24
9908,Jamie Singh,jamie.singh9908@example.com,SG,2024-09-27,Premium,13000.85
9909,Arjun Garcia,arjun.garcia9909@example.com,IN,2024-09-20,Standard,4960.96
9910,Sofia Lopez,sofia.lopez9910@example.com,DE,2026-07-12,Basic,1010.67
9911,Neha Nguyen,neha.nguyen9911@example.com,BR,2025-06-13,Standard,14046.32
9912,Quinn Khan,quinn.khan9912@example.com,CA,2022-01-14,Premium,19348.9
9913,Avery Patel,avery.patel9913@example.com,AU,2025-05-23,Basic,11894.84
9914,Alex Nguyen,alex.nguyen9914@example.com,AU,2026-04-02,Premium,2094.23
9915,Casey Singh,casey.singh9915@example.com,AU,2020-08-27,Standard,8781.36
9916,Avery Nguyen,avery.nguyen9916@example.com,DE,2023-09-02,Premium,13528.37
9917,Omar Lopez,omar.lopez9917@example.com,FR,2020-07-18,Premium,11397.96
9918,Casey Silva,casey.silva9918@example.com,IN,2024-09-09,Standard,3467.9
9919,Avery Brown,avery.brown9919@example.com,UK,2024-09-14,Premium,1743.09
9920,Sofia Garcia,sofia.garcia9920@example.com,BR,2023-11-07,Standard,10123.45
9921,Morgan Garcia,morgan.garcia9921@example.com,BR,2021-02-07,Premium,6742.55
9922,Quinn Garcia,quinn.garcia9922@example.com,JP,2020-01-23,Premium,13446.75
9923,Casey Kim,casey.kim9923@example.com,DE,2021-06-27,Basic,12573.74
9924,Jordan Smith,jordan.smith9924@example.com,UK,2023-08-21,Basic,4494.0
9925,Quinn Lopez,quinn.lopez9925@example.com,BR,2025-04-13,Basic,6211.94
9926,Sofia Patel,sofia.patel9926@example.com,FR,2024-03-04,Premium,4687.36
9927,Sam Brown,sam.brown9927@example.com,BR,2023-04-23,Basic,10166.4
9928,Priya Nguyen,priya.nguyen9928@example.com,UK,2026-03-25,Standard,6822.72
9929,Taylor Müller,taylor.müller9929@example.com,CA,2026-02-01,Premium,4793.16
9930,Jamie Chen,jamie.chen9930@example.com,UK,2021-03-29,Standard,3044.74
9931,Omar Singh,omar.singh9931@example.com,AU,2025-11-03,Standard,15045.87
9932,Neha Nguyen,neha.nguyen9932@example.com,DE,2022-05-07,Basic,990.55
9933,Casey Garcia,casey.garcia9933@example.com,IN,2024-11-12,Basic,14272.67
9934,Jordan Silva,jordan.silva9934@example.com,US,2021-01-26,Basic,3161.05
9935,Sam Lopez,sam.lopez9935@example.com,AU,2023-10-09,Standard,5294.01
9936,Sam Garcia,sam.garcia9936@example.com,AU,2021-02-15,Premium,2121.66
9937,Morgan Lopez,morgan.lopez9937@example.com,DE,2023-04-04,Premium,17104.83
9938,Sam Silva,sam.silva9938@example.com,SG,2020-10-23,Basic,18035.69
9939,Quinn Lopez,quinn.lopez9939@example.com,AU,2024-02-06,Standard,17915.33
9940,Neha Chen,neha.chen9940@example.com,BR,2021-09-08,Standard,4072.54
9941,Sofia Patel,sofia.patel9941@example.com,IN,2025-06-11,Premium,15008.48
9942,Jordan Kim,jordan.kim9942@example.com,CA,2024-02-11,Basic,19432.17
9943,Quinn Patel,quinn.patel9943@example.com,JP,2023-10-27,Standard,6922.97
9944,Riley Kim,riley.kim9944@example.com,US,2020-07-12,Premium,3739.07
9945,Riley Garcia,riley.garcia9945@example.com,DE,2025-01-17,Premium,8078.25
9946,Neha Singh,neha.singh9946@example.com,DE,2022-06-08,Basic,14617.46
9947,Arjun Patel,arjun.patel9947@example.com,SG,2025-01-23,Basic,14886.81
9948,Sam Patel,sam.patel9948@example.com,IN,2023-07-21,Premium,19173.51
9949,Riley Silva,riley.silva9949@example.com,US,2026-06-27,Premium,14522.43
9950,Omar Silva,omar.silva9950@example.com,BR,2022-11-17,Premium,996.97
9951,Taylor Lopez,taylor.lopez9951@example.com,IN,2025-08-04,Basic,17268.62
9952,Avery Patel,avery.patel9952@example.com,US,2020-11-14,Premium,12270.42
9953,Taylor Smith,taylor.smith9953@example.com,CA,2024-05-26,Premium,1008.61
9954,Priya Garcia,priya.garcia9954@example.com,US,2023-06-29,Basic,6841.17
9955,Neha Nguyen,neha.nguyen9955@example.com,FR,2024-06-28,Basic,6960.66
9956,Alex Kim,alex.kim9956@example.com,FR,2024-01-07,Premium,9469.92
9957,Riley Garcia,riley.garcia9957@example.com,JP,2025-12-08,Premium,16529.1
9958,Riley Lopez,riley.lopez9958@example.com,SG,2020-02-03,Premium,6843.67
9959,Morgan Garcia,morgan.garcia9959@example.com,CA,2023-01-02,Basic,10898.74
9960,Alex Silva,alex.silva9960@example.com,BR,2024-11-19,Standard,9279.89
9961,Neha Brown,neha.brown9961@example.com,CA,2022-05-23,Basic,7082.53
9962,Riley Müller,riley.müller9962@example.com,SG,2021-02-13,Standard,8502.91
9963,Sam Garcia,sam.garcia9963@example.com,CA,2023-11-03,Basic,4767.33
9964,Sofia Singh,sofia.singh9964@example.com,SG,2020-09-26,Premium,8153.89
9965,Quinn Khan,quinn.khan9965@example.com,JP,2026-02-06,Basic,18973.11
9966,Riley Garcia,riley.garcia9966@example.com,UK,2022-05-24,Basic,14287.7
9967,Quinn Khan,quinn.khan9967@example.com,SG,2023-04-01,Standard,9109.27
9968,Jamie Müller,jamie.müller9968@example.com,CA,2025-11-21,Standard,15714.0
9969,Neha Chen,neha.chen9969@example.com,CA,2023-05-18,Standard,1653.5
9970,Quinn Garcia,quinn.garcia9970@example.com,IN,2024-02-16,Standard,2851.84
9971,Sam Singh,sam.singh9971@example.com,UK,2024-04-03,Basic,1156.34
9972,Sam Kim,sam.kim9972@example.com,DE,2026-06-30,Premium,5432.88
9973,Casey Silva,casey.silva9973@example.com,BR,2023-02-27,Basic,7961.32
9974,Casey Kim,casey.kim9974@example.com,SG,2023-12-11,Standard,5315.44
9975,Casey Brown,casey.brown9975@example.com,SG,2021-04-02,Premium,8857.74
9976,Alex Nguyen,alex.nguyen9976@example.com,JP,2024-12-12,Basic,17221.21
9977,Morgan Smith,morgan.smith9977@example.com,SG,2025-03-02,Basic,576.49
9978,Morgan Singh,morgan.singh9978@example.com,BR,2026-04-09,Standard,3259.95
9979,Lucas Brown,lucas.brown9979@example.com,DE,2026-04-25,Premium,16343.83
9980,Sam Khan,sam.khan9980@example.com,SG,2022-02-18,Basic,18655.9
9981,Sam Müller,sam.müller9981@example.com,DE,2023-08-05,Premium,8876.12
9982,Jamie Müller,jamie.müller9982@example.com,AU,2023-10-23,Premium,7296.77
9983,Neha Müller,neha.müller9983@example.com,IN,2023-11-17,Premium,13709.5
9984,Quinn Nguyen,quinn.nguyen9984@example.com,UK,2025-03-01,Basic,6706.69
9985,Omar Garcia,omar.garcia9985@example.com,IN,2025-04-06,Basic,15083.09
9986,Riley Khan,riley.khan9986@example.com,JP,2021-12-26,Standard,4639.37
9987,Taylor Singh,taylor.singh9987@example.com,CA,2024-01-25,Standard,17376.54
9988,Arjun Patel,arjun.patel9988@example.com,CA,2025-01-26,Standard,4111.86
9989,Jordan Patel,jordan.patel9989@example.com,CA,2022-11-29,Standard,15004.36
9990,Avery Müller,avery.müller9990@example.com,CA,2023-08-09,Standard,5714.17
9991,Alex Patel,alex.patel9991@example.com,UK,2021-08-05,Premium,1514.24
9992,Jamie Müller,jamie.müller9992@example.com,IN,2022-04-17,Premium,2606.44
9993,Jordan Brown,jordan.brown9993@example.com,SG,2022-09-30,Premium,11095.81
9994,Avery Smith,avery.smith9994@example.com,SG,2021-09-14,Basic,18451.5
9995,Casey Lopez,casey.lopez9995@example.com,US,2021-11-06,Basic,19092.31
9996,Jamie Patel,jamie.patel9996@example.com,JP,2024-10-13,Standard,18316.16
9997,Sofia Smith,sofia.smith9997@example.com,BR,2025-12-12,Premium,13949.98
9998,Riley Müller,riley.müller9998@example.com,UK,2024-03-28,Basic,8204.78
9999,Jamie Smith,jamie.smith9999@example.com,US,2020-01-30,Basic,18903.75
10000,Lucas Silva,lucas.silva10000@example.com,DE,2023-09-04,Basic,17054.13
1,Quinn Kim (dup),quinn.kim1@example.com,JP,2022-03-11,Standard,2184.1
2,Jamie Smith (dup),jamie.smith2@example.com,BR,2023-09-22,Basic,7628.8
3,Priya Silva (dup),priya.silva3@example.com,AU,2024-10-29,Basic,19485.8
4,Casey Singh (dup),casey.singh4@example.com,AU,2022-04-02,Standard,6317.96
5,Neha Brown (dup),neha.brown5@example.com,CA,2025-07-04,Basic,15650.39
6,Priya Nguyen (dup),priya.nguyen6@example.com,CA,2024-05-28,Standard,2322.06
7,Morgan Chen (dup),morgan.chen7@example.com,FR,2022-01-06,Basic,15363.98
8,Alex Lopez (dup),alex.lopez8@example.com,JP,2022-05-08,Standard,15963.83
9,Sam Nguyen (dup),sam.nguyen9@example.com,JP,2021-07-24,Basic,6091.51
10,Quinn Khan (dup),quinn.khan10@example.com,UK,2024-09-29,Standard,1525.6
